numero_expediente,year,doc_type,source_file,original_snippet,cleaned_text,original_len,cleaned_len,noisy,reversed_fixed
00168-1999-AA,1998,sentencia,data\sentencia-Extract\1998\sentencia-pdf-1998.csv,,,0,0,True,False
00283-1997-AA,1998,sentencia,data\sentencia-Extract\1998\sentencia-pdf-1998.csv,,,0,0,True,False
00039-1995-AA,1998,sentencia,data\sentencia-Extract\1998\sentencia-pdf-1998.csv,,,0,0,True,False
00860-1996-AA,1998,sentencia,data\sentencia-Extract\1998\sentencia-pdf-1998.csv,,,0,0,True,False
01060-1996-AA,1998,sentencia,data\sentencia-Extract\1998\sentencia-pdf-1998.csv,,,0,0,True,False
00556-1997-HC,1998,sentencia,data\sentencia-Extract\1998\sentencia-pdf-1998.csv,,,0,0,True,False
00148-1995-AA,1998,sentencia,data\sentencia-Extract\1998\sentencia-pdf-1998.csv,,,0,0,True,False
00141-1997-AA,1998,sentencia,data\sentencia-Extract\1998\sentencia-pdf-1998.csv,,,0,0,True,False
00269-1997-AA,1998,sentencia,data\sentencia-Extract\1998\sentencia-pdf-1998.csv,,,0,0,True,False
00409-1997-AA,1998,sentencia,data\sentencia-Extract\1998\sentencia-pdf-1998.csv,,,0,0,True,False
00433-1996-AA,1998,sentencia,data\sentencia-Extract\1998\sentencia-pdf-1998.csv,,,0,0,True,False
00221-1997-AA,1998,sentencia,data\sentencia-Extract\1998\sentencia-pdf-1998.csv,,,0,0,True,False
00424-1996-AA,1998,sentencia,data\sentencia-Extract\1998\sentencia-pdf-1998.csv,,,0,0,True,False
00444-1996-AA,1998,sentencia,data\sentencia-Extract\1998\sentencia-pdf-1998.csv,,,0,0,True,False
00070-1997-AA,1998,sentencia,data\sentencia-Extract\1998\sentencia-pdf-1998.csv,,,0,0,True,False
00251-1997-AA,1998,sentencia,data\sentencia-Extract\1998\sentencia-pdf-1998.csv,,,0,0,True,False
00244-1997-AA,1998,sentencia,data\sentencia-Extract\1998\sentencia-pdf-1998.csv,,,0,0,True,False
00223-1995-AA,1998,sentencia,data\sentencia-Extract\1998\sentencia-pdf-1998.csv,,,0,0,True,False
00731-1997-AA,1998,sentencia,data\sentencia-Extract\1998\sentencia-pdf-1998.csv,,,0,0,True,False
00423-1996-AA,1998,sentencia,data\sentencia-Extract\1998\sentencia-pdf-1998.csv,,,0,0,True,False
00198-1996-AA,1998,sentencia,data\sentencia-Extract\1998\sentencia-pdf-1998.csv,,,0,0,True,False
00434-1996-AA,1998,sentencia,data\sentencia-Extract\1998\sentencia-pdf-1998.csv,,,0,0,True,False
00533-1996-AA,1998,sentencia,data\sentencia-Extract\1998\sentencia-pdf-1998.csv,,,0,0,True,False
00435-1996-AA,1998,sentencia,data\sentencia-Extract\1998\sentencia-pdf-1998.csv,,,0,0,True,False
00377-1996-AA,1998,sentencia,data\sentencia-Extract\1998\sentencia-pdf-1998.csv,,,0,0,True,False
00475-1997-AA,1998,sentencia,data\sentencia-Extract\1998\sentencia-pdf-1998.csv,,,0,0,True,False
00718-1996-AA,1998,sentencia,data\sentencia-Extract\1998\sentencia-pdf-1998.csv,,,0,0,True,False
00256-1997-AA,1998,sentencia,data\sentencia-Extract\1998\sentencia-pdf-1998.csv,,,0,0,True,False
00834-1996-AA,1998,sentencia,data\sentencia-Extract\1998\sentencia-pdf-1998.csv,,,0,0,True,False
00421-1996-AA,1998,sentencia,data\sentencia-Extract\1998\sentencia-pdf-1998.csv,,,0,0,True,False
00881-1997-AC,1998,sentencia,data\sentencia-Extract\1998\sentencia-pdf-1998.csv,,,0,0,True,False
00016-1996-AA,1998,sentencia,data\sentencia-Extract\1998\sentencia-pdf-1998.csv,,,0,0,True,False
00496-1997-AA,1998,sentencia,data\sentencia-Extract\1998\sentencia-pdf-1998.csv,,,0,0,True,False
00178-1996-AA,1998,sentencia,data\sentencia-Extract\1998\sentencia-pdf-1998.csv,,,0,0,True,False
00721-1997-AA,1998,sentencia,data\sentencia-Extract\1998\sentencia-pdf-1998.csv,,,0,0,True,False
00030-1993-AA,1998,sentencia,data\sentencia-Extract\1998\sentencia-pdf-1998.csv,,,0,0,True,False
00519-1996-AA,1998,sentencia,data\sentencia-Extract\1998\sentencia-pdf-1998.csv,,,0,0,True,False
00628-1996-AA,1998,sentencia,data\sentencia-Extract\1998\sentencia-pdf-1998.csv,,,0,0,True,False
00380-1997-AA,1998,sentencia,data\sentencia-Extract\1998\sentencia-pdf-1998.csv,,,0,0,True,False
00422-1996-AA,1998,sentencia,data\sentencia-Extract\1998\sentencia-pdf-1998.csv,,,0,0,True,False
00504-1996-AA,1998,sentencia,data\sentencia-Extract\1998\sentencia-pdf-1998.csv,,,0,0,True,False
00078-1992-AA,1998,sentencia,data\sentencia-Extract\1998\sentencia-pdf-1998.csv,,,0,0,True,False
00064-1997-AC,1998,sentencia,data\sentencia-Extract\1998\sentencia-pdf-1998.csv,"Don Manuel Mejía Anton, interpone la presente acción de cumplimiento a efecto que se
cumpla con lo ordenado en la ejecutoria suprema de nueve de noviembre de mil novecientos
noventa y cinco, expedida en el Proceso Contencioso Administrativo N° 041-95, sobre
impugnación de la Resolución Administra","Don Manuel Mejía Anton, interpone la presente acción de cumplimiento a efecto que se cumpla con lo ordenado en la ejecutoria suprema de nueve de noviembre de mil novecientos noventa y cinco, expedida en el Proceso Contencioso Administrativo N° 041-95, sobre impugnación de la Resolución Administrativa N° 524-93-RGP, que daba por terminada su carrera administrativa Pide que amparando su acción se ordene su reincorporación como Inspector Regional Nivel F-5 de la alta dirección del Consejo Transitorio de Administración Regional de la Región Grau, el pago de las remuneraciones dejadas de percibir hasta la fecha de su reincorporación sucedida el diez de enero de mil novecientos noventa y seis; debiéndose ordenar, incluso, se dicte la resolución de su nombramiento y la calendarización de los pagos que se le adeudan. Señala que pese a haber sido amparada su demanda por el Poder Judicial, a la fecha de interposición de la presente acción de garantía, no se ha dado cabal cumplimiento a la ejecutoria suprema. Añade que ha cumplido con cursar la correspondiente carta notarial, para que la administración efectúe el pago de sus remuneraciones. El demandado absuelve la demanda negándola en todos sus extremos y solicita sea declarada infundada, pues conforme consta del acta de reposición se ha cumplido con el mandato judicial, que ordena su reposición a un grupo ocupacional de igual nivel al que venía desempeñando, y no a un puesto especifico y que respecto al pago de sus remuneraciones, administrativamente ya se están haciendo las gestiones para agilizar el trámite. El Primer Juzgado Especializado en lo Civil de Piura, declara infunda la demanda estimando que como consta del acta de reposición, se ha cumplido el mandato. La Primera Sala Especializada en lo Civil de la Corte Superior de Justicia de Piura, de confonnidad con la opinión fiscal, confinnó la apelada declarando infundada la demanda pues se ha cumplido con la reposición y respecto al pago de remuneraciones se han efectuado las acciones administrativas. Interpuesto el recurso extraordinario, los autos son elevados al Tribunal Constitucional.",2147,2122,False,False
00083-1996-AA,1998,sentencia,data\sentencia-Extract\1998\sentencia-pdf-1998.csv,,,0,0,True,False
01000-1996-AA,1998,sentencia,data\sentencia-Extract\1998\sentencia-pdf-1998.csv,,,0,0,True,False
00983-1996-AA,1998,sentencia,data\sentencia-Extract\1998\sentencia-pdf-1998.csv,,,0,0,True,False
00193-1996-AA,1998,sentencia,data\sentencia-Extract\1998\sentencia-pdf-1998.csv,,,0,0,True,False
00263-1996-AA,1998,sentencia,data\sentencia-Extract\1998\sentencia-pdf-1998.csv,,,0,0,True,False
00220-1997-AA,1998,sentencia,data\sentencia-Extract\1998\sentencia-pdf-1998.csv,"Teresa Ramos Buleje interpone Acción de Amparo contra el Gerente de Operaciones de la
Municipalidad Provincial de Maynas Raúl Herrera Soria y Jorge Samuel Chavez Sibina, por violación de sus
derechos constitucionales fundamentales y solicitando se deje sin efecto e inaplicables la Resolución de
A","Teresa Ramos Buleje interpone Acción de Amparo contra el Gerente de Operaciones de la Municipalidad Provincial de Maynas Raúl Herrera Soria y Jorge Samuel Chavez Sibina, por violación de sus derechos constitucionales fundamentales y solicitando se deje sin efecto e inaplicables la Resolución de Alcaldía N"" OI9-96-A-MPM de diecisiete de enero de mil novecientos noventiséis y oficio N"" 037-96-GO I\.1PM de dos de octubre mil novecientos noventiséis. Sostienen la accionante que, al haberse expedído por parte de la Mwticipalidad Provincial de Maynas la precitada Resolución de Alcaldía se viene perturbando su posesión pacifica de un terreno que le fue transferido por su anterior posesionario en noviembre de mil novecientos noventiuno a título oneroso, el cual se encuentra ubicado en la entrada de la carretera a Quistococha con una extensión de veinte metros lineales por cuarenta metros lineales, por el precio de cuatrocientos nuevos soles, como se puede observar del contrato cuatro, en cual ha construido una vivienda de material recuperable y un puesto de venta (Kiosco). Alega además que la Municipalidad de Maynas no ha cumplido con notificarla con la Resolución de Alcaldía N° O1 9-96-A-MPM de diecisiete de enero de mil novecientos noventiséis razón por la cual se vio obligada a presentar solicitud de fecha diez de octubre de mil novecientos noventiséis exigiendo se efectúe el acto administrativo de notificársele de la misma, con la finalidad de no privársele del derecho de defensa. Admitida la demanda, ésta es contestada por el apoderado de la Municipalidad Provincial de Maynas quien acredita su representación con copia legalizada de la Escritura Pública del Poder para Litigar vigente quien solicita se declare improcedente o infundada la misma, ya que : a) la actora junto con su esposo edificaron un puesto de venta (kiosco) ocupando parte de la vía pública, es decir parte del cono de seguridad de la carretera Iquitos-Nauta, el cual se realizó sin contar con la Licencia , Municipal correspondiente, b) la condición legal de la demandante no es de propietaria sino de simple posesionaria, c) en ningún momento la autoridad municipal pretende despojarla de todo el terreno que ocupa, sino de alinear su fachada respetando el ancho de vía que se tiene fijado en dicho sector, por ser una vía de transporte rápido, d) por Decreto de Alcaldía N° 006-95-A-MPM de fecha dos de mayo de mil novecientos noventicinco se declaro' de prioritaria necesidad la recuperación de las áreas públicas, bermas laterales, calzadas y/o fajas de seguridad existentes a lo largo de las calles, jirones y avenidas de la ciudad de Iquitos concediendo el plazo de quince días para que se efectúe el retiro de las construcciones existentes, por ser zonas de uso público, e) que el ancho de vía aprobado en dicha zona de acuerdo a los documentos cursados por la Dirección Regional de Transportes y Comunicaciones es de cincuenta metros lineales, f) que en los archivos de la Municipalidad Provincial de Maynas corre el cargo con el cual fue notificada de la Resolución de Alcaldía N° O1 9-96-A-MPM de diecisiete de enero de mil novecientos noventiséis. Con fecha veintinueve de noviembre de mil novecientos noventiséis, el Juez del Segundo Juzgado Especializado en lo Civil de Maynas expide resolución, declarando improcedente la demanda. Interpuesto el recurso de apelación, con fecha seis de diciembre de mil novecientos noventiséis , la Sala Civil de la Corte Superior de Justicia de Maynas, expide resolución de fecha siete de febrero de mil novecientos noventisiete, confirmando la apelada, declarándola improcedente. Interpuesto el recurso extraordinario, los autos son elevados al Tribunal Constitucional.",3748,3712,False,False
00262-1996-AA,1998,sentencia,data\sentencia-Extract\1998\sentencia-pdf-1998.csv,,,0,0,True,False
00717-1997-AA,1998,sentencia,data\sentencia-Extract\1998\sentencia-pdf-1998.csv,,,0,0,True,False
00427-1996-AA,1998,sentencia,data\sentencia-Extract\1998\sentencia-pdf-1998.csv,,,0,0,True,False
00505-1996-AA,1998,sentencia,data\sentencia-Extract\1998\sentencia-pdf-1998.csv,,,0,0,True,False
00825-1997-AA,1998,sentencia,data\sentencia-Extract\1998\sentencia-pdf-1998.csv,,,0,0,True,False
00180-1996-AA,1998,sentencia,data\sentencia-Extract\1998\sentencia-pdf-1998.csv,,,0,0,True,False
00378-1997-AA,1998,sentencia,data\sentencia-Extract\1998\sentencia-pdf-1998.csv,,,0,0,True,False
00164-1996-AA,1998,sentencia,data\sentencia-Extract\1998\sentencia-pdf-1998.csv,,,0,0,True,False
00384-1997-AA,1998,sentencia,data\sentencia-Extract\1998\sentencia-pdf-1998.csv,,,0,0,True,False
00667-1996-AA,1998,sentencia,data\sentencia-Extract\1998\sentencia-pdf-1998.csv,,,0,0,True,False
00467-1997-AC,1998,sentencia,data\sentencia-Extract\1998\sentencia-pdf-1998.csv,,,0,0,True,False
00179-1996-AA,1998,sentencia,data\sentencia-Extract\1998\sentencia-pdf-1998.csv,,,0,0,True,False
00338-1996-AA,1998,sentencia,data\sentencia-Extract\1998\sentencia-pdf-1998.csv,"Con fecha dos de marzo de mil novecientos noventa y cinco y de fojas cuatrocientos cinco a cuatrocientos
doce, los demandantes interponen su acción sustentando su reclamo en el hecho de haber sido cesados en su
trabajo por intermedio de las Resoluciones N° 1303-A-92-CACL y 1303-B-92-CALC publicada","Con fecha dos de marzo de mil novecientos noventa y cinco y de fojas cuatrocientos cinco a cuatrocientos doce, los demandantes interponen su acción sustentando su reclamo en el hecho de haber sido cesados en su trabajo por intermedio de las Resoluciones N° 1303-A-92-CACL y 1303-B-92-CALC publicadas en el diario oficial hacia el treinta y uno de diciembre de mil novecientos noventa y dos y firmadas por el entonces Presidente de la Comisión Administradora del Patrimonio de las Cámaras Legislativas, Coronel EP (r) Carlos Novoa Tel/o. Especifican que hasta el cinco de abril de mil novecientos noventa y dos, en que se produjo un autogolpe de Estado, eran servidores nombrados por el Congreso de la República, no obstante lo cual desde dicha fecha, se les impidió el ingreso a su Centro de Labores, al haber sido este disuelto y encontrarse tomado por los miembros del Ejército Peruano en mérito a los Decretos Leyes ND 25418, 25438, 25477, 25640, 25759 Y 25684. Mientras que por el citado Decreto Ley N° 25418 se disolvió el Congreso y, mediante el Decreto Ley N° 25438 se constituyó la Comisión Administradora del Patrimonio de las Cámaras Legislativas, a través de los Decretos Leyes ND 25477, 25641J Y 25759 se creo el marco legal para que la referido. Comisión cumpla sus funciones, entre las cuales destacaha, la ""racionalización administrativa y racionalización de personal"", proceso que por otra parte y conforme a la última norma citada, vencía el seis de noviembre de mil novecientos noventa y dos. Sin embargo ya pesar de que en dicha fecha debía concluir el referido proceso de racionalización, se publica el mismo día, en el diario oficiaL, la Resolución Suprema ND 532-92-PCM mediante la cual se encarga la Presidencia de la citada Comisión al Coronel F:P (r) Carlos Novaa Te/lo, mientras dure la Licencia del Titular que era de sesenta días, según la Resolución Suprema N° 498-92-PClvl, publicada el veintidós de octubre de mil novecientos noventa y dos y que vencía el veintidós de diciembre del mismo año. A su vez y sorpresivamente el nueve de noviembre de mil novecientos noventa y dos se publica en el diario oficial la relación de los trahajadores que ganaron los exámenes de evaluación, deduciéndose que el encargado de la Presidencia, en tres días los implementó, publicando sus resultados cuando ya el plazo legal habla vencido en tres dias. Agregan, que luego de esta irregularidad, se comete con posterioridad, otra aberración, pues con fecha treinta y uno de diciembre de mil novecientos noventa y dos, se publica en el diario oficial, la relación de los trabajadores cesados por la Comisión, cuando el plazo legal se había vencido en exceso con el agravante de que el veintidós de diciembre de mil novecientos noventa y dos, fecha en que venció la licencia del titular, no se reincorporó este a la Comisión, no se prorrogó el mandato del encargado de la Presidencia, no renunció el titular de la misma y sobre todo el veintinueve de diciembre de mil novecientos noventa y dos, juró como Presidente del Congreso Constituyente Democrático, el Ingeniero Jaime Yoshiyama Tanaka, por lo que debió ser él y no el presidente de la C.omisión quien conociera y resolviera sobre su situación laboral. Frente a dicha situación es que los primeros dias del mes de enero de mil novecientos noventa y tres presentan ante el Presidente del CCD su Recurso de Reconsideración, el mismo que no fue atendido. Enseguida formulan su Recurso de Apelación, que tampoco fue atendido, hasta que sin embargo el doce de agosto de mil novecientos noventa y tres y mediante la Resolución Suprema ND 159-93-CD/CCD se reconoce sus haberes correspondientes a los meses de noviembre y diciembre de mil novecientos noventa y dos, lo que constituye un tácito reconocimiento a sus reclamo.'\ y un desconocimiento del proceso de racionalización de personal implementado por la Comisión, ya que el reconocimiento de sus haberes significa que no han sido cesados legalmente sino que están trabajando percibiendo sus remuneraciones de ley. De otro lado y al no ser atendidos sus recursos, insisten nuevamente de modo personal, logrando conseguir se les extienda la Resolución N° 1534-93-CCTJ/OrrA-OpF:R y otra'\ má'\, mediante la. . cuales se declaran improcedentes sus medios impugnatorios en única y definitiva instancia, pero sin pronunciarse sobre el fondo de los mismos. Por último y a través de recurso del dieciocho de setiembre de mil novecientos noventa y cuatro, solicitan que se declare la nulidad de la Resolución de su cese, dado que se estaba contratando nuevo personal, ohteniendo solo como respuesta la Resolución ND 840-94-CCTJ/rr.RRHH de fecha veintiséis de setiemhre de setiembre de mil novecientos noventa y cuatro mas otras, notificadas el nueve de diciembre de mil novecientos noventa y cuatro, que declaran inadmisibles sus recursos. Finalmente presentan recurso de ""3 revisión el quince de diciembre de mil novecientos noventa y cuatro, con lo que dan por agotada la vía administrativa Solicitan los demandantes, por todo lo dicho, se ordene su reposición laboral en el mismo cargo y régimen de trabajo que venían ocupando al momento de su cese. Admitida la acción por el Vigésimo Octavo Juzgado en lo Civil de Lima, se dispone el traslado de la misma al emplazado. Antes de producirse su contestación y de fojas setecientos noventa y nueve a ochocientos y con fecha diez de marzo de mil novecientos noventa y cinco, se apersonan al proceso y se adhieren al texto de la demanda Ruth Cecilia Echevarria Suarez, Reyna Sánchez Alarcón, Nancy Violeta Angeles Ponte, Noemi Molina Ugarte, Guillermo Arias Infantes, Irene Ccapali Atoccsa, Felix Cobeñas Pariamache, Zenon Ccapali Atoccsa, Sergio Antonio Chala, Javier Sipán Guerra, Julio Lozano Muñoz, Rubén Javier Sotomayor Vargas, Hilda Valdez Tellez, Máximo Gonzales Figueroa, Jose Raúl Amca Sosa, Gumercinda Echevama Flores, Wilburt Villegas Guerra, Elizabeth Vera Vitorino, Rómulo Retuerto Aranda, Angela Valdez Rivera, Miguel Hurtado Gutierrez, Carmen Zavaleta Saavedra, Lira Quiñonez Atalaya, Berilda Muñoz Jésus, María Huaranga Soto, Johel Rodriguez Hriones, Nina TJíaz Céspedes y Jaime Harharán Quispe. De fojas mil ciento Qchenta y dos a mil ciento ochenta y cuatro y con fecha veintiocho de marzo de mil novecientos noventa y cinco, e igualmente, antes de contestarse la demanda, se adhieren su petitorio, un {J tercer grupo de ex trabajadores del Congreso integrado por Elsi Judith Kitano la Torre, Felix Espinoza Femandez, F-lisa Rodriguez (Tarcía, l.uis Rojas Figueroa, !.mías Roman Toro, l.uis F-Iera Molero, F..dgard Dextre Cano, Inés l-..1elendez Saavedra, Vilma Burga Cardozo, Eva Vidal Vidal, Luis Gonzales Panuera, Segundo Garda Vergara, Luz Sánchez Campos, Cesar Montalvan Alvarado, [jz Mujica Esquive/, Raúl Sanchez Condia, José Saavedra Ambrosio, Rosa Cherrez Córdova, Víctor Ampuero Ampuero, Juan Cajusol Bances, Jose Purizaca Arámbulo, EIsa Silvia Zapata Espinoza, Manuel C-arranza Rodriguez, Lucas Herrera Rojas, F/avio Díaz Campos, Raquel Delgado Suarez, Rubén Reyes Caballero, Víctor del Castillo Meza, Edison Dextre Ordoñez, Ronald Santisteban Urmeneta, Edgard Velasquez Machuca, Leoncio Uchuya Chacaltana. . Jose Clerque Gonzales, Carmen Sosa Alvarez, Max Bautista Apolaya, Julio Rodas Romero, Gustavo Gonzales Guillen, Elizabeth Luna Aragón, Luis Aliaga Lama, Carlos Ortega Martell, Juana Ugarte Pierrend, Cecilia Arcos Díaz, Rosario Zapata Zapata, Carlos Rivas Cappe/letti, Margarita Ramirez Granados, Neyda Vizcarra Zorrilla, Jose Changanaqui Chavez, Monica Lourdes Alvarado Suarez, Herlinda Ayala Palomino, Henry Camargo Matencio, Hipólito Comelio Dávila, Edith Soria Cañas, Frida Salas Sobrino, Lucy Loayza Arcos, Ivan Zumaeta Flores, Rosa Arévalo Torres, Elizabeth Carrillo Quiñones, Flavia Orri/lo-Vasquez Torres, Juan Alvarado Achicahuala, Oscar Santibañez Velásquez, Wilder Solís Retuerto, Guadalupe Cabanillas Toro, Daysi Comelio Figueroa, Fidel Vásquez Sanchez, Susana Ibarra Ñato, Osear Owada Amado, Luz Gallegos Ramirez, Hermelinda Villarreal Rodriguez, Víctor Rojas Cortez, Lupo Cubas Vasquez, Amires Hijar Cerpa, Marleni Alvarez Gutierrez, Jorge Navarro Sánchez, María Romero Chang, Manuel Mendoza Michuy, Manuel Quiñonez Díaz, José Aguado Alfaro, Gisela Aguilar Rojas, Rosa Canepa Campos, Alfredo Ballarta Rueda, Clemencia Solis Martell, lvan Silva Delgado, Tiburcio Chipona Quispe, Luis Chipana Rodriguez, Sara lbañez Ortiz, Manuel Margarito Silva, lrma Rojas Vega, José Villar Contrera<i, Juan Huaman Cárdena<i, Wilfredo Chino Vil/egas, F.leuterio Solis Roca, F-Imi Ramos de la Cruz, Juan Guzman Rebatta, Mario Peredo Cavassa, Jorge Pacheco Munayco, Lety Torres Hoyos, Mery Huamantumba Vasquez, Delano Marce/o Navarro, Gloria Dergan Alcántara, Armando Saavedra Vega, Marco Antonio Jaimes Cano, Roberto Ribotte Rodriguez, y John Ravello Velasquez. Apersonado al proceso el Procurador Puhlico encargado de los Asuntos Judiciales del Poder l.egislativo, de fojas mil doscientos ocho a mil doscientos trece y con focha siete de abril de mil novecientos noventa y cinco, contesta la demanda procediendo a negarla y contradecirla, fundamentalmente por considerar: Que la demanda adolece de extemporaneidad de acuerdo con el artículo 2° del Reglamento del Decreto Legislativo N° 384 del treinta de agosto de mil novecientos ochenta y seis; Que el presente reclamo es de conocimiento TRIBUNAL. CONSTITUCIONAL del fuero laboral y no del común; Que, los cuadros de asignaciones de personal están sujetos a racionalización, previa evaluación ya lo establecido en el Presupuesto General de la República, de donde la Resolución que se pretende invalidar esta arreglada a ley; Que, al dictarse el Decreto Ley}F 25640, por el que se autorizó a la Comisión Administradora del Congreso a ejecutar un proceso de racionalización de personal se ha obrado igual que en otras entidades estatales, respondiendo ello a una necesidad social para lograr mayor efectividad en cuanto a su funcionamiento y servicio; Que/el citado Decreto en su articulo 2° regula el caso de los trabajadores sujetos al régimen laboral del Decreto Legislativo N° 276, a quienes se da la posibilidad de acogerse a una serie de incentivos; Que por otra parte, el Decreto Ley N° 25759 indica en su articulo 2° que la Comisión Administradora del Patrimonio del Congreso efectuará el proceso de evaluación y selec(:ión de personal mediante exámenes de calificación, ocupando los cargos previstos en el nuevo cuadro de asignación de personal, aquel/os trabajadores que aprueben dichos exámenes, agregando que, aquel/os trabajadores que no alcances vacantes para el cargo al que. postularon, m.í como los que deciden no presentarse, serán cesados por causa de reorganización; Que con fecha veintidós de octubre de mil novecientos noventa y dos, la Comisión Administradora emitió la Resolución}F 1239-A-92-CACL donde se precisa los requisitos, las bases y el reglamento del proceso de evaluación y selección de personal, por lo que los demandantes no pueden comportarse como sorprendidos por las medidas adoptadas, dehiendo precisarse que confonne al articulo 27° de dicha norma, la Comisión no aceptara reclamos sobre los resultados del ex.ámen; Que,por último es falso el argumento de que la Comisión Administradora careda de competencias, ya que las resoluciones }F 1303-A-92-CACL y J303-B-92-CACL fueron expedidas por la Comisión Administradora del Patrimonio del Congreso en pleno ejercicio de sus fonciones, ya que si hien es cierto que el Congreso Constituyente Democrático ya se había instalado, todo el proceso de evaluación, reorganización y racionalización de personal era única y exclusiva función de la indicada Comisión; Que finalmente, los Decretos Leyes que habilitaron a la Comisión así como la Resolución N°1239-A-92-CACL fueron ratificados por el Congreso, mediante ¡,ey Constitucional del nueve de enero de mil novecientos noventa y tres. Con posterioridad a la contestación de la demanda, y de fojas mi l doscientos treinta y cuatro a mil doscientos treinta y cinco, se adhieren al reclamo formulado, con fecha doce de abril de mil novecientos noventa y cinco, un cuarto grupo de ex trabajadores del Congreso, integrado por: Adolfo Fernandez Sare, Hector Malpartida Gutierrez, Jose Clerque Gonzales, ¡van Alex Vega Diaz, Bonifacio Ramón Valeriano Sebastian, Jorge Ganoza Rivera, Daniel Arnez Macedo, Teresa Pichilingue Romero, Nel/y Rivera Martinez, Antonia E/izabeth Córdova Me/garejo, Edgard Velasquez Machuca, Dully del Aguila Chamaya, Catalina Paitan Mauricio, Bertha Rivera Delgado, Juan Francisco Delgado Gomez, Ricardo Hernandez Fernandez, Wi/fredo Emilio Huaman Trinidad, Juan Torres Martinez, Victor Manuel Urrunaga linares, Jorge ~Martín Rivas Chara, Cesar Augusto Bravo Sarco, Luisa Chara Pacheco, Freddy Varias Trabanco, Orlando Diaz Lopez, Manuel Cuadros Live//i, Eugenio Rodriguez Espada, Reynaldo Herrera Valdez, Antonio Condezo Espinoza, Caro Herrera Madueño, Ricardo (¡onzales Ca<¡tillo, Margarita Moreno (TOnzales, Cita Vereau Palma, Ana Maria Garda Hua/lpa, Mery Huamantumba Vasquez, Virginia Eugenio Centeno, Violeta Saavedra Mego, Alicia Peredo Cavassa, Juana Bracamonle Chiringano, Maria Salazor Venegas, Luis Murrugarra Neyra, Luisa Pi/co Guerra, Leoncio Beltran Aguilar, Víctor Nizama lelaya, Jacinta Ramirez Cadenas, Víctor Nuñez Centeno, Consuelo Pizarro Sanchez, Carmen Nuñez Morales, Maria lnga Coronado, Maximo Atauje Montes, Jakeline Magallan Galoc, Carlos La Cruz Crespo, Cesar Grandez Alvarado, Jorge Ore León, Jorge Marchena A/va, Gustavo Gonzales Guillen, José Clerque Gonzales, Nelly Rivera Martinez, Juan Vásquez Quesada, Cesar Perez Guevara, Bladimir Chavez Garda, Santiago Erquiñigo Ramon, Cesar Sernaque Varga .., Javier Flores Salinas, F:duardo Solazar Caycho, Oscar Vá. . quez ¡,eguia, Víctor Silva Raca, F:/iherto Silva Baca, Tito Hinostroza Toro, Soledad Vásquez Quiñones, Walter de la Cruz Paredes, y, Carmen Sosa Alvarez. Con fecha veinte de abril de mil novecientos noventa y cinco y de fojas mil trescientos veinticuatro a mil trescientos veintisiete, se adhieren a la demanda un quinto gnJpO de trabajadores conformado por: Juan TRIBUNAL. CONSTITUCIONAL. Carlos Sánchez Lozano, Julio Antonio Rigaid Arevalo, Esther Cisneros Urbina, Cesar Pérez Guevara, Moises Pajares Godoy, Segundo Zegarra Zevallos, Walter Soto Santana, Carlos Unzueta Medina, Walter Soto Santana, María Infantes Vásquez, Jesus Hinojosa Silva, Feliz Aguilar Rojas, Lidia Bereche Riojas, Carmen Rivera Loayza y Teodoro Ca5tro Salvatierra. De fojas mi 1 quinientos sesenta y siete a mil quinientos setenta y nueve y con focha veintiséis de junio de mil novecientos noventa y cinco, el Vigésimo Octavo Juzgado Especializado en lo Civil de Lima, expide sentencia declarando fwzdada la demanda, fundamentalmente por considerar: Que la \lia previa se ha agotado; Que la acción no ha caducado; Que no aparecen en autos las causales previstas por el artículo 60 de la Ley N° 23506; Que el Deqreto Legislativo ~ 384 no resulta aplicable al caso de autos; Que no existe acto administrativo sin norma especifica que lo autorice o prevea; Que la eficacia de un acto administrativo esta supeditada a su notificación o a su publicación a fin de enterar a los administrados de la declaración de voluntad emitida por el ente púhlico por lo que mientra'l ello no suceda no puede exigirse acatamiento ni realizarse acto alguno al amparo de mcha decisión; Que el articulo 420 del Decreto Supremo ~ 006-SC (Reglamento de Normas Generales y Procedimientos Administrativos) preveía que ""los actos administrativos producirdn sus efectos desde el día siguiente de su notificación o publicación"" siendo modificado por el Decreto Ü!y N° 26/// del veintiocho de diciemhre de mil novecientos naventa y dos, que agregó a la parte final del dispositivo citado ""salvo que el propio actor señale una fecha posterior"", lo que ha sido ratificado en el articulo 420 del Decreto Supremo ~ 02-94..JUS o Texto Unico de Normas Generales y Procedimientos Administrativos; Que, de ello se puede afirmar que el ente público no podrá realizar actos de ejecución de su propia declaración de voluntad sino hasta el día siguiente de su puhlicación cuando corresponda y menos aún, si perjudican al administrado destinatario de ella, al ser la publicación, la garantia que configura la ley para aquél; Que en el caso que un acto administrativo constituya una norma que autorice y prevea otros actos administrativos, la realización de estos últimos en focha en que el primero no surtía sus efectos por falta de publicación, resultaría ineficaz con respecto a los administrados; Que el proceso de reorganización y racionalización que culmino' con el cese de los recurrentes se dio' dentro de un marco pre-establecido por ley, nombrándose un organismo especializado para dicha función; Que inclusive se dio la Resolución N° 1239-A-92-C1CL en que se aprobó los requisitos, bases y reglamento del proceso de evaluación y selección de personal y que los Decretos Leyes que han constituido el marco legal para el proceso precitado han sido ratificados por el Congreso Constituyente mediante Ley Constitucional del nueve de enero de mil novecientos noventa y tres, no siendo por tanto, del ca'So, cuestionar mediante el amparo tales decretos leyes y mas aún estando a la prohibición del articulo 2000 inciso 2 de la Norma Fundamental, debiendo circunscribirse el reclamo a analizar si el proceso se realizó en forma debida conforme al marco pre establecido; Que la Resolución de encargatura ~ 532-92-PCM si bien, fue expedida el cinco de noviembre de mil novecientos noventa y dos, recién fue publicada el seis de noviembre por lo que estando a las premisas expuestas, no podía surtir sus efoctos sino hasta el día siguiente de su publicación, esto es, el siete de noviemhre de mil novecientos noventa y dos, lo que significa que recién a partir de allí es que don Carlos Novoa Tello, podia actuar como Presidente de la Comisión expidiendo las resoluciones que corresponda, más aún tratándose de un proceso de racionalización que afectaria a una parte de los trabajadores del Congreso; Que así mismo el plazo para la racionalización había vencido el seis de noviembre de mil novecientos noventa y dos y por lo tanto, tampoco huhiese podido expedir Novaa Tello resolución en dicho sentido a partir del dia siete cuando recién podia ejercer dicha función; Que en tal orden de ideas, las Resoluciones ~ J303~A-92-CACL y ~ J303-B-92-CACL que cesan a funcionarios y servidores del Congreso resultan ineficaces con respecto a los demandantes por haber sido emitidas el seis de noviembre de mil novecientos noventa y dos por quien en aquella fecha aún no se encontraha hahilitado para ejercer el cargo, resultando sintomático que la publicación recién se haya dado el treinta y uno de diciembre de mil novecientos noventa y dos, agregando que la Resolución Suprema ~ 532-92-PCM no puede operar retroactivamente en atención al articulo 1870 de la Constitución de 1979 y artículo 1030 de la vigente Constitución de 1993; Que por lo tanto, se ha afoctado los derechos laborales de los recurrentes contenidos en los articulos 42°,48° Y 57° de la Constitución Política de 1979 Y artículos 22°, 23° Y 26 de la Constitución de 1993, debiendo ampararse la demanda. \T5 Interpuesto recurso de Apelación por el Procurador Público a cargo de los asuntos judiciales del Poder ~ Legislativo, los autos son elevados a la Quinta Sala Civil de la Corte Superior de Justicia de Lima. De fojas dos mil setenta a dos mil noventa y tres y con fecha veintidós de agosto de mil novecientos noventa y cinco, solicitan participación litisconsorcial en el presente proceso un nuevo grupo de ex trabajadores del Congreso integrado por: Hugo Montes Yacsahuache, Ronald Luciano Revelo Infante, Agustin Miguel Arturo Polo Castañeda, Liduvina Salcedo Olivares, David Orlando Zegarra Castro, Laura Colan Vi llegas, Rodolfo Guevara Gallo, Mónica Emperatriz Ramirez Rodriguez, Anabel Iris Gonzales Sanchez, Eriberfo Rodolfo Alvarado Galvan, Marcial de la Cruz Paredes, Sergio Alejandro Medina Ramirez, Herver Victor Carden as Pinto, Vicente Waldo Rodriguez Reaño, Telmo Jaime Barba Ureña, Folgges Luis Hayasshi Bejarano, Aquilino Menacho Salas y Hugo Montes Pacora. A fojas tres mil quince y con fecha veintisiete de octubre de mil novecientos noventa y cinco, se apersonan tambien al proceso los ex trabajadores del Congreso Carmen Rosa Paredes Cubas y Walter Roberto Paredes Cubas; a fojas tres mi 1 veintisiete y tres mil veintiocho y en la misma fecha, lo hace Pablo Jorge Ferradas Nuñez; a fojas tres mil cincuenta y uno y tres mil cincuenta y dos y con focha ocho de noviembre de mil novecientos noventa y cinco solicita se le tenga como accionante Augusto Bellido Orihuela; a fojas tres mil setenta y siete y con fecha dieciséis de noviembre de mil novecientos noventa y cinco, solicitan adherirse a la demanda Alfredo Cabrera Enriquez y Ronald Urquiza Alcantara; a fojas tres mil noventa y uno y tres mil noventa y dos y el mismo dieciséis de noviembre de mil novecientos noventa y cinco, solicita se le tenga como accionante Pedro Quiñonez Seminario; y por último, de fojas tres mil ciento treinta y cinco a tres mil ciento treinta y siete y con fecha cuatro de diciembre de mil novecientos noventa y cinco solicitan apersonamiento Maria Elena Quineche Díaz, Amelia Rosario Pohll Luna, Walter Pereyra Salazar y Giovanna Elset Soto Santana. De fojas tres mil ciento treinta y nueve a tres mil ciento cuarenta y cinco y con fecha quince de diciembre de mil novecientos noventa y cinco aparece el Dictamen de la Segunda Fiscalía Superior en lo Civil de Lima, que se pronuncia porque se revoque la resolución apelada y se declare infondada la demanda. A fojas tres mil ciento sesenta y cuatro y tres mil ciento sesenta y cinco y con fecha veintiuno de febrero de mil novecientos noventa y seis la Quinta Sala Civil de la Corte Superior de Justicia de Lima, revoca la sentencia apelada y declara improcedente la acción, principalmente por considerar: Que el artículo 37° de la Ley N"" 23506 dispone que el ejercicio de la acción de amparo caduca a los sesenta dias hábiles de producida la afectación, siempre que el interesado en aquella fecha se hubiese hallado en la posibilidad de interponer la acción; Que en el ca..'\Q sub litis, los accionantes no han probado de modo alguno, el hecho de no haberse hallado en la posibilidad de interponer la acción; Que a mayor abundamiento resulta también de aplicación al presente caso, la previsión que contiene el inciso 1 del artículo 6° de la Ley N° 23506, que refiere, que no proceden las garantías en los casos de cese o irreparabilidad de la lesión; y, Que igualmente resulta de aplicación lo que dispone el inciso 3 del artículo 28° de la ley referida, que determina que no es exigible el agotamiento de las vEas previas, cuando no ha sido regulada o ha sido innecesariamente iniciada por el reclamante, dado que la Resolución N"" 1239-A-92-CACL, dispuso que no se aceptaría recurso alguno contra las resoluciones que expidiera la Comisión Administradora del Patrimonio del Congreso, siendo pues última instancia. Contra esta resolución los demandantes interponen recurso de casación, por lo que de conformidad con la Disposición Transitoria Cuarta de la Ley N"" 26435 Y entendiendo dicho recurso como ""Extraordinario"" se dispuso el envío de los autos al Tribunal Constitucional.",23659,23421,False,False
00218-1995-AA,1998,sentencia,data\sentencia-Extract\1998\sentencia-pdf-1998.csv,,,0,0,True,False
00258-1993-AA,1998,sentencia,data\sentencia-Extract\1998\sentencia-pdf-1998.csv,,,0,0,True,False
00237-1993-AA,1998,sentencia,data\sentencia-Extract\1998\sentencia-pdf-1998.csv,,,0,0,True,False
00075-1997-HC,1998,sentencia,data\sentencia-Extract\1998\sentencia-pdf-1998.csv,,,0,0,True,False
00447-1997-AA,1998,sentencia,data\sentencia-Extract\1998\sentencia-pdf-1998.csv,"Don Próspero Apels' tegui Gomez, plantea su acc/On de amparo contra el Ministerio de Defensa y la
Comandancia General de la Marina del Perú. sustentando su reclamo en la transgresión de sus derechos
constitucionales, y, particularmente, del Debido Proceso, al haberse expedido la Resolución de la
","Don Próspero Apels' tegui Gomez, plantea su acc/On de amparo contra el Ministerio de Defensa y la Comandancia General de la Marina del Perú. sustentando su reclamo en la transgresión de sus derechos constitucionales, y, particularmente, del Debido Proceso, al haberse expedido la Resolución de la Comandancia General de la Marina del Perú W 0913 del veinticinco de octubre de mil novecientos noventa y cinco, por la que se resuelve pasarlo a la situación de retiro por medida disciplinaria. a recomendación del Consejo de Investigación ""B"" para oficiales subalternos según consta del Acta N° 013-95 del primero de julio de mil novecientos noventa y cinco. Especifica que en éste último documento se tergiversan los hechos materia de la investigación al tomarse como única referencia la manifestación de otros implicados en el problema por el que se le investigó, /legando a considerar su dicho como prueba plena, no obstante que existen partes diarios que acreditan la conformidad en la entrega y recepción de combustible. Agrega además que fue objeto de presiones durante la investigación preliminar, habiendo estado detenido por más de diez días. sin tener ningún tipo de asesoramiento legal ni tampoco la presencia del Fiscal de Marina, a pesar de que en la totalidad de manifestaciones se consigna la presencia de éste último, lo cual es falso, por lo que las conclusiones y recomendaciones del citado Consejo de Investigación han sido consecuencia de un procedimiento irregular, motivo por el que solicitafinalmente el demandante, se le reponga a la institución a la que perteneció. Admitida la demanda por el Primer Juzgado Especializado en lo Civil del Cono Norte de Lima, se dispone su traslado al Procurador Público Encargado de los Asuntos del Ministerio de Defensa, quien la contesta negándola y contradiciéndola, fundamentalmente por considerar: Que la acción de amparo no es la vía para obtener la nulidad de resoluciones admínistrativas, debiendo haber acudido el demandante, en su condición de Técnico Tercero pasado al retiro por medida disciplinaria, a la acción contencioso administrativa, cOl~forme el artículo 540° del Código Procesal Civil; Que en las investigaciones efectuadas por el Servicio de la Policía Naval, se llegó a determinar que el demandante, prestaba servicios en el Buque de la Armada Peruana ""Noguera"", del cual ilícitamente se sustrajo petróleo, y que fue la misma persona quien estaba a cargo de las faenas de expedición de tal combustible habiendo participado en las referidas acciones ilícitas, e incluso, en anteriores sustracciones donde se llego a vender hasta un promedio de veinte mil galones de petróleo; Que los hechos investigados fueron plenamente corroborados no solo con las declaraciones del marinero David Chiroque Chero y el civil Esteban Orrego, sino incluso con las propias declaraciones del demandante del veinticinco de abril de mil novecientos noventa y cinco, en que acepta su participación en la venta ilícita de petroleo, narrando con todo detalle la forma y circunstancia en que se realizó la venta y entrega del combustible; Que habiendo sido sometidos todos los involucrados al Consejo de Investigación para Oficiales Subalternos, se concluyó que el demandante así como un grupo adicional de Técnicos y Oficiales de Mar, cometieron faltas muy graves y delitos que ameritan el pase al retiro por medida disciplinaria, recomendándose adicionalmente que todo el personal involucrado sea denunciado ante el Consejo de Guerra Permanente de A1arina, para efectos del proceso judicial correspondiente, lo que finalmente se /levó a efecto; Que durante las investigaciones que se han efectuado al demandante así como a todo el personal involucrado por la sustracción de combustible han tenido las mas amplias libertades para que ejerciten su derecho de defensa, siendo totalmente falso que en las mísmas no haya intervenido el Fiscal Militar; Que el pase a la situación de retiro se encuentra contemplado expresamente en el artículo 57° de la Ley de Situación Militar de Personal Subalterno de las Fuerzas Armadas. Finalmente deduce el Procurador excepción de caducidad en la demanda interpuesta por haber transcurrido los sesenta días que tenía el actor para interponerla. De fojas ochenta y cinco a ochenta y seis y con focha dieciocho de octubre de mil novecientos noventa y seis, el Juez Transitorio del Primer Juzgado Especializado en lo Civil del Cono Norte de Lima, expide resolución declarando fundada la excepción de caducidad e improcedente la acción, fundamentalmente por considerar: Que la excepción de caducidad es procedente cuando el actor ha perdido el derecho para entablar una demanda o proseguir la iniciada, la que importa extinción, acabamiento, perdida o vencimiento de un plazo; Que el propio justiciable reconoce que la resolución que dio por agotada la vía administrativa le fue notificada el día quince de abril de mil novecientos noventa y seis mientras que la demanda de amparo fue subsanada por escrito el día veinticuatro de julio de mil novecientos noventa y seis, cuando habla transcurrido con exceso el plazo de caducidad a que hace referencia el artículo 37° de la Ley ~ 23506. Interpuesto recurso de apelación por el demandante los autos son remitidos a la Primera Fiscalía Superior Afixta del Cono Norte de Lima para efectos de la vista correspondiente, y devueltos estos con dictamen que se pronuncia porque se confirme la apelada, la Segunda Sala Mixta de la Corte Superior de Justicia del Cono Norte de Lima, con focha veintiocho de fobrero de mil novecientos noventa y siete, y afojas ciento dieciséis a ciento diecisiete expide resolución por la que revoca la apelada y declara infundada la excepción de caducidad e infundada la acción de amparo, fundamentalmente por considerar: Que la Resolución de la Comandancia General de la Marina del Perú del veinticinco de octubre de mil novecientos noventa y cinco se ejecuto inmediatamente expedida, ante lo cual no era obligatorio el agotamíento de la via administrativa . , t \ previa conforme al artículo 28° acapite ""a"" de la Ley 23506 debiendose entender que la afoctación al derecho reclamado era continua al seguir produciendo sus efectos la declaración de pase a la situación de retiro por medida disciplinaria; Que el cómputo del plazo de caducidad debe entenderse continuado hasta la interposición de la presente demanda, estando a los alcances del artículo 37° de la Ley N° 23506 Y su modificatoria mediante el articulo 26°, segundo párrafo de la Ley N° 25398; Que de otro lado se establece que mediante la Resolución ND 091 3-95-CGMG del veinticinco de octubre de mi 1 novecientos noventa y cinco se dispuso el pase a la situación militar de retiro del accionante por medida disciplinaria ha tenido como antecedente el proceso disciplinario instaurado por el Consejo de Investigación ""B"" para Oficiales Subalternos por la sustracción de petroleo de unidades navales, recibiendose las manifestaciones del actor en actas donde consta su responsabilidad administrativa, contándo incluso la segunda acta con suscripción del Fiscal Militar; Que por tanto no se acredita la existencia de violación a los derechos constitucionales del demandante habiéndose ademas resuelto el proceso administrativo en grado de apelación a través de la Resolución Ministerial ~ 253-DElMGP del veintinueve de marzo de mil novecientos noventa y seis en el sentido de declarar infundado el recurso , sin que en todo caso, por la naturaleza de los hechos controvertidos, sea la via de amparo la pertinente para el debate judicial. Contra esta resolución el demandante, interpone recurso de nulidad por lo que de conformidad con el articulo 41° de la Ley ~ 26435 y entendiendo dicho recurso como ""Extraordinario"", se dispuso el envío de los autos al Tribunal Constitucional. FUNDAMENTOS. Que conforme se acredita de los autos, el demandante fue notificado con fecha quince de abril de mil novecientos novenJa y seis, de la resolución que desestimo sU recurso de apelación interpuesto contra la Resolución Ministerial N° 253-DE-MGP, mientras que su demanda de amparo fue promovida el ocho de julio de mil novecientos noventa y seis, esto es, al sexagésimo día de entenderse como agotada la vía administrativa previa, lo que supone, que en efecto, no puede operar la excepción de caducidad alegada por la parte emplazada. Que sin embargo yen cuanto alfando del asunto, el demandante, no ha podido acreditar enforma alguna, ya sea mediante instrumental u otro medio, las supuestas irregularidades que alega haberse producido durante el proceso de investigación llevado a efecto por ante el Consejo de Investigación ""B"" para Oficiales Subalternos y espedficamente la concerniente a la no presencia del Fiscal de Marina, ya que en las manifostaciones tomadas a los implicados y particularmente al demandante, obrantes de fojas cincuenta y siete a sesenta y sesenta y cuatro a setenta, figura como suscriptor el Fiscal Titular Permanente de la Zona Judicial de Marina, siendo irrelevante para estos efectos, la participación de este o no mediante preguntas a los investigados. Que por el contrario, el demandante en sus manifostaciones reforidas ha reconocido con todo detalle la forma en la que participó en los hechos por los que se le sometió a proceso administrativo y posteriormente se le sancionó, por Medida Disciplinaria, por lo que no puede intentar por la vía del amparo, una rectificación posterior de sus versiones y más aún, si como se ha dicho, no ha demostrado que se le haya vulnerado en forma alguna su derecho al debido proceso. Por estos fundamentos, el Tribunal Constitucional, en uso de las atribuciones conforidas por la Constitución, su Ley Orgánica N° 26435 Y la Ley Modificatoria N° 26801",9833,9733,False,False
00240-1997-AA,1998,sentencia,data\sentencia-Extract\1998\sentencia-pdf-1998.csv,,,0,0,True,False
00465-1996-AA,1998,sentencia,data\sentencia-Extract\1998\sentencia-pdf-1998.csv,,,0,0,True,False
00060-1995-AA,1998,sentencia,data\sentencia-Extract\1998\sentencia-pdf-1998.csv,,,0,0,True,False
00264-1997-AA,1998,sentencia,data\sentencia-Extract\1998\sentencia-pdf-1998.csv,,,0,0,True,False
00357-1997-AA,1998,sentencia,data\sentencia-Extract\1998\sentencia-pdf-1998.csv,,,0,0,True,False
00501-1996-AA,1998,sentencia,data\sentencia-Extract\1998\sentencia-pdf-1998.csv,,,0,0,True,False
00260-1993-AA,1998,sentencia,data\sentencia-Extract\1998\sentencia-pdf-1998.csv,,,0,0,True,False
00493-1996-AA,1998,sentencia,data\sentencia-Extract\1998\sentencia-pdf-1998.csv,,,0,0,True,False
00366-1997-HC,1998,sentencia,data\sentencia-Extract\1998\sentencia-pdf-1998.csv,,,0,0,True,False
00830-1996-AA,1998,sentencia,data\sentencia-Extract\1998\sentencia-pdf-1998.csv,,,0,0,True,False
00231-1997-HC,1998,sentencia,data\sentencia-Extract\1998\sentencia-pdf-1998.csv,,,0,0,True,False
00062-1996-AA,1998,sentencia,data\sentencia-Extract\1998\sentencia-pdf-1998.csv,,,0,0,True,False
00394-1997-AA,1998,sentencia,data\sentencia-Extract\1998\sentencia-pdf-1998.csv,,,0,0,True,False
00432-1996-AA,1998,sentencia,data\sentencia-Extract\1998\sentencia-pdf-1998.csv,"Recurso Extraordinario interpuesto contra la resolución de la Primera Sala Especializada Civil de
Lambayeque de fecha veintinueve de noviembre de mil novecientos noventa y cinco, que, revocando y
reformando la resolución del catorce de agosto de mil novecientos noventa y cinco, declaro Improcedent","Recurso Extraordinario interpuesto contra la resolución de la Primera Sala Especializada Civil de Lambayeque de fecha veintinueve de noviembre de mil novecientos noventa y cinco, que, revocando y reformando la resolución del catorce de agosto de mil novecientos noventa y cinco, declaro Improcedente la Acción de Amparo interpuesta por doña Lilly Violeta Gonzales Diez, contra la Dirección Regional de Educación representada por don Raúl Ramírez Soto. ANTECEDENTES: La demandante plantea la acción sustentando su reclamo en el hecho de encontrarse amenazadas sus remuneraciones por concepto de bonificación por tiempo de servicios. Alega que no obstante que conforme al artículo 52° de la Ley 24069, modificada por la Ley 25212 (Ley del Profesorado) le corresponde recibir como bonificación por tiempo de servicios, tres remuneraciones íntegras, teniendo en cuenta el monto total de sus remuneraciones, la autoridad demandada sin embargo, haciendo uso de normas de inferior jerarquía como el Decreto Supremo N° 051-91-PCM y el Oficio Múltiple N° 061-95-RENOM-ORPP-DR, ha dispuesto desde varios meses atrás suspender el pago que le corresponde, pretendiendo efectuar nuevos cálculos. Admitida la acción a trámite por el Cuarto Juzgado Especializado en lo Civil de Chiclayo y corrido el traslado de la misma, es absuelta por el representante de la entidad emplazada quien pide que se declare infundada la demanda por cuanto: Si bien el cálculo del monto de las remuneraciones reclamadas se viene efectuando con sumas menores a las que se otorgaban durante los años anteriores, dicha actitud obedece al cumplimiento de normas y directivas expresas como el Oficio Múltiple N° 0465-DIPER-94, el Oficio N° 0761-94-INAPIDNP Y el Oficio Múltiple N° 061-95-RENOM-ORPP-DR, disposiciones mediante las cuales se interpreta que el monto de las remuneraciones de la accionante Se deben calcular conforme a los artículos 8° y 9° del Decreto Supremo N° 051-91-PCM, entendiéndose como ""Remuneración Total"" que reclama el accionante el equivalente a una remuneración total permanente; Que si bien es cierto que la Ley del Profesorado en su articulo 52° menciona que se debe otorgar remuneraciones íntegras y así se ha venido haciendo hasta el aFIo mil novecientos noventa y cuatro, dicha ley se opone a los dispositivos antes citados, siendo estas normas imperativas por emanar de la superioridad y por tanto obligatorias de aplicar. De fojas veinte a veintidós y con fecha catorce de agosto de mil novecientos noventa y cinco, el Cuarto Juzgado Especializado Civil de Chiclayo expide resolución declarando fundada la acción básicamente por considerar: Que de la demanda y de la contestación se establece que durante varios años se ha venido otorgando como bonificación por tiempo de servicio tres remuneraciones íntegras por veinticinco años de servicio en el sector educación en mérito al articulo 52° de la ley 24029 modificada por la ley 25212, sin embargo desde el mes de marzo del presente año se ha recortado el monto que representa la remuneración íntegra por otro, que la emplazada denomina remuneración total y que nace de la interpretación a los Oficios N° 0465-DIPER-94, N° 761-94-INAP/DNP Y N° 061-95-RENOM-ORPP-DR emitidos por la Dirección de Personal del Ministerio de Educación, Instituto Nacional de Administración y Dirección Regional de Planificación y Presupuesto de la RENOM, respectivamente, todos el/os de conformidad con los articulos 8° y 9° del Decreto Supremo N° 051-91-PCM; Que en el presente caso la demandada viene aplicando normas de menor jerarquía y contrarias al Texto Constitucional cuyo articulo 26° inciso 3 establece que debe interpretarse en favor del trabajador en caso de duda insalvable, situación contraria a la que se ha presentado, conculcándose de este modo el derecho de la demandante; Que si constitucionalmente está regulado el principio de jerarquía de normas, ni los oficios directivos ni el decreto supremo, pueden tener mayor rango que la ley del profesorado, específica además para el sector educación; Que si la igualdad ante la leyes también una garantía reconocida y del texto de la contestación aparece que hasta marzo se ha otorgado bonificaciones con remuneraciones íntegras en favor de otras personas, la Resolución Directoral Regional Sectorial N° 1034-95-RENOMIED contraviene el derecho igualitario de la demandante. Interpuesto recurso de apelación por el representante de la demandada los autos son puestos a disposición de la Fisca1ia Superior en lo Civil de Lambayeque para efectos de la vista correspondiente y devueltos estos con dictamen que se pronuncia porque se revoque la apelada, la Primera Sala Especializada en lo Civil de la Corte Superior de Justicia de Lambayeque a fojas treinta y ocho y treinta y nueve, con fecha nueve de noviembre de mil novecientos noventa y cinco y de conformidad con el dictamen fiscal, revoca la sentencia apelada y declara Improcedente la acción. Contra ésta resolución la demandante interpone recurso de nulidad, por lo que de conformidad con el articulo 41° de la ley 26435 y entendiendo el presente recurso como ""Extraordinario"", se dispuso el envío de los autos al Tribunal Constitucional. FUNDAMENTOS: Que, conforme fluye del texto de la demanda, el tiempo de servicios de la actora ha culminado el seis de noviembre de mil novecientos noventa y cuatro, es decir, cuando ya se encontraba vigente el Decreto Supremo N° 051-91-PClv!, cuyos artículos 8° y 9° otorgan en materia de bonificaciones y otros beneficios un tratamiento diferente al que se establecía en la Ley del Profesorado N° 24029 Y su modificatoria, la Ley 25212. Que, el Decreto Supremo N° 051-91-PCM conforme se señala en su parte considerativa, jile expedido al amparo del articulo 211° inciso 20 de la Constitución Política del año 1979, significándose con ello que su jerarquía legal, y por ende su capacidad modificatoria, sobre la Ley del Profesorado era plenamente válida. Que, por consiguiente, no existiendo conflicto de jerarquías entre los dispositivos antes señalados, no puede deducirse violación o amenaza de violación de derechos constitucionales en función de una simple variación en cuanto al tratamiento legal de las cosas, circunstancia que hace desestimable la presente acción. Por estos fundamentos, el Tribunal Constitucional en uso de las atribuciones conferidas por la Constitución y su ley Orgánica,",6451,6381,False,False
00103-1995-AA,1998,sentencia,data\sentencia-Extract\1998\sentencia-pdf-1998.csv,,,0,0,True,False
00558-1997-AA,1998,sentencia,data\sentencia-Extract\1998\sentencia-pdf-1998.csv,,,0,0,True,False
00601-1997-AA,1998,sentencia,data\sentencia-Extract\1998\sentencia-pdf-1998.csv,,,0,0,True,False
00575-1997-AC,1998,sentencia,data\sentencia-Extract\1998\sentencia-pdf-1998.csv,,,0,0,True,False
00538-1997-AA,1998,sentencia,data\sentencia-Extract\1998\sentencia-pdf-1998.csv,"Don César Arroyo Serquen interpone Acción de Amparo contra el Consejo
Transitorio de Administración Regional de la Región Nor Oriental del Marañón por
violación de sus derechos constitucionales al debido proceso, a la defensa y a la
estabilidad en el empleo.
Alega el actor que ha laborado al ser","Don César Arroyo Serquen interpone Acción de Amparo contra el Consejo Transitorio de Administración Regional de la Región Nor Oriental del Marañón por violación de sus derechos constitucionales al debido proceso, a la defensa y a la estabilidad en el empleo. Alega el actor que ha laborado al servicio de la Región Nor Oriental del Marañón desde el primero de noviembre de mil novecientos ochenta y nueve, hasta el diecisiete de setiembre de mil novecientos noventa y seis, en que fue cesado. Sostiene que en aplicación del Decreto Ley 26093"", la entidad para la que laboraba venía realizando evaluaciones semestrales, las mismas que, de conformidad con la directiva N° 001-95-PRESj VDMR, aprobada por Resolución Ministerial N° 286-95-PRES, disponía que el primer semestre abarcaba desde el primero de enero hasta el treinta y uno de junio, y el segundo semestre desde el primero de julio al treinta y uno de diciembre, debiéndose ejecutar tales evaluaciones en los meses de enero y julio de cada año., previa aprobación del reglamento interno. . ., I I Refiere que mediante resolución N° 290-96-PRES, el Ministerio de la Presidencia reformuló y aprobó la nueva directiva 001-96-PRESjVMR, por la que se dejaba sin efecto la Resolución Ministerial N° 286-95-PRESj VMDR, que aprobada las normas a ser aplicadas en el programa de evaluación de personal,· y no obstante ello la entidad demandada aprobó con fecha diecinueve de julio de mil novecientos noventa y seis, la Resolución Presidencial Regional N° 330-96- CTAR-RENOMjP, por la que aprobaba el reglamento interno del programa de evaluación semestral del rendimiento laboral a ser aplicado . . Alude que el proceso relativo al primer semestre, se llevó a cabo el diecinueve de julio de mil novecientos noventa y seis, aplicándose retroactivamente normas que deberían de regular el proceso correspondiente al segundo semestre,por lo que dicho proceso es nulo. Sostiene, asífnismo, que en su caso se ha desnaturalizado la aplicación de las normas, ya que se le ha rebajado un punto por cada diez tardanzas en un semestre, cuando lo previsto es que se rebaje dicho punto por el mismo número de tardanzas en un mes. A su turno, indica que el puntaje inicialmente alcanzado, que era de 28 puntos, le fue rebajado a 23, lo que motivó que finalmente alcanzase 59 puntos, cuando en realidad le debió corresponder 65, para los 60 que requería. Recuerda que al haber interpuesto sus medios impugna torios en la vía administrativa, uno fue devuelto, y el otro, habiéndose dictado, al mismo tiempo ~ la resolución de presidencia regional N° 468-96-CTAQRjRENOMjP por la que se le cesa por causal de excedencia. Admitida la demanda, ésta es contestada por la representante del Presidente del Consejo Transitorio de Administración Regional, quien solicita se @ declare improcedente la demanda, ya que: a) no ha existido contravención a la Ley 26093, pues la modificación realizada a la directiva 001-9S-PRES por la Resolución Ministerial 290-96-PRES, justificaba que el proceso se realizara en el R mes de agosto, b) no ha habido alteración del puntaje obtenido por el actor, pues las tardanzas a las que hace referencia, se encuentran encuadradas dentro de los factores establecidos por la evaluación, c) la evaluación realizada, ha sido efectuada con respeto a las garantías debidas (sic) de los trabajadores del Consejo Transitorio de Administración Regional, d) el proceso de Amparo no es el pertinente para que el actor haga valer sus derechos, pues la materia es propia de las vías ordinarias que la ley franquea, y e) no se ha vulnerado su derecho de defensa pues se le permitió el agotamiento de las vías previas. Con fecha cinco de diciembre de mil novecientos noventa y seis, lajuez del Segundo juzgado Civil de Chiclayo expide resolución declarando fundada la demanda. Interpuesto el recurso de apelación, con fecha catorce de mayo de mil novecientos noventa y siete, la Primera Sala Civil de la Corte Superior de justicia de Lambayeque, -expide resolución, en discordia, revocando la apelada, y reformándola, la declaró infundada. Interpuesto el recurso extraordinario, los autos son elevados al Tribunal Constitucional. FUNDAMENTOS:, l. Que, conforme se desprende del petitorio de la demanda, el objeto de ésta es que se declare la nulidad e insubsistencia de la resolución presidencial regional N° 467-96-CTAR-RENOMjP' la resolución de presidencia regional N° 468- RENOMjP, así como todo el proceso de evaluación del rendimiento laboral de los trabajadores del Consejo Transitorio de Administración Regional del primer semestre de mil novecientos noventa y seis por la que se le cesó al actor, y en consecuencia;se ordene su reposición. 2. Que, siendo ello así, y con el objeto de que este Colegiado ingrese a dilucidar las cuestiones de fondo que el recurso extraordinario entraña, ha de precisar, de cara a lo expresado en un extremo de la parte considerativa de la resolución venida en grado, que: a) de conformidad con lo previsto por el inciso T del artículo 6° de la ley 23506°, el Amparo no es, en nuestro ordenamiento jurídico, un proceso de carácter subsidiario al que quepa acudir en defensa de los derechos constitucionales en caso de no existir una vía ordinaria adecuada, sino un proceso al que se puede acudir en forma alternativa, independientemente si existe (o no) un proceso ordinario. b) en ese sentido, el único límite que la ley procesal constitucional impone ceñirse al actor, al momento de elegir el Amparo como la vía procesal donde se habrá de dilucidar la controversia en torno a las probables agresiones a sus derechos constitucionales, no es otro que la dificultad probatoria que pueda resultar del conocimiento de la litis por el juez Constitucional, pues, según se está a lo dispuesto por el artículo 130 de la ley 253980 en este proceso no , existe etapa probatoria. c) en tal virtud, y según se está a los fundame(1tos fácticos expresados en el escrito de demanda así como a las pruebas instrumentales obran tes en autos, a juicio de este Colegiado, en el caso sub no existe impedimento iudice~ alguno para que este Supremo Intérprete de la Constitución ingrese a evaluar las cuestiones de fondo que el recurso de alzada plantea. 3. Que, en ese sentido, y según se está a lo previsto por la ley el actor 26093~ en su calidad de servidor público debía estar sujeto a un programa de evaluaciones semestrales, las mismas que deberían de realizarse de acuerdo con las normas reglamentarias que, para tal efecto, se dictasen por el Gobierno Central y en el ámbito de la entidad administrativa en la que prestaba servicios el demandante, los mismos que no se han observado, ya que: a) según se está a los documentos obran tes de fojas tres, catorce vuelta, sesentitrés, sesenticinco, sesentisiete y sesentiocho, al momento de evaluarse el legajo personal del actor se le consideró como un punto dos .. décimos de deméritos, y por consiguiente se le disminuyó su puntaje en la evaluación general, por doce tardanzas resultantes en el primer semestre del año de mil novecientos noventa y seis,' cuando las mismas se encontraban debidamente justificadas al habérsele otorgado al actor, mediante resolución administrativa regional N° 025-95-0RAjRENOM, la ampliación del horario de siete y treinta a ocho de la mañana, tras encontrarse su menor hijo Cerardo Arroyo Sampén afectado de parálisis infantil. b) según se está al documento obrante a fojas cuatro y trece, el proceso de evaluación al que fue sometido el actor, se realizó fuera del plazo previsto por la resolución N° 290-96-PRES, de once de julio de mil novecientos noventa y seis, el mismo que al aprobar la directiva N° 001-96-PRESjVMDR, en su artículo 5.1. disponía que la evaluación correspondiente al primer semestre se iniciaba el primero de enero y concluía el treinta y uno de junio, mientras que la evaluación a la que fue sometido el actor, por el mismo primer semestre, se realizó el treinta y uno de julio de mil novecientos noventa y seis, en fecha notoriamente posterior a la que la entidad administrativa demandada se encontraba autorizada a realizar. c) dichos hechos, al margen de constituir un evidente exceso de las facultades con las que se encontraba investida la entidad administrativa, supone, además, una violación del segundo párrafo del artículo 10l"" de la Constitución Política del Estado, aplicable para cualquier clase de normas jurídicas, pues se aplicó la resolución ministerial N° 290-96-PRES a un primer semestre que, de conformidad con ella misma, ya había transcurrido, aún desde el momento en que entró en vigencia, ya que fue expedida con fecha once de julio de mil novecientos noventa y seis, y se publicó en el diario oficial El Peruano el quince de julio del mismo año. Por estos fundamentos, el Tribunal Constitucional, en ejercicio de las atribuciones que la Constitución y su Ley Orgánica le confieren,",9012,8879,False,False
00553-1997-AA,1998,sentencia,data\sentencia-Extract\1998\sentencia-pdf-1998.csv,,,0,0,True,False
00252-1997-AA,1998,sentencia,data\sentencia-Extract\1998\sentencia-pdf-1998.csv,,,0,0,True,False
00213-1995-AA,1998,sentencia,data\sentencia-Extract\1998\sentencia-pdf-1998.csv,,,0,0,True,False
00913-1997-AA,1998,sentencia,data\sentencia-Extract\1998\sentencia-pdf-1998.csv,,,0,0,True,False
00037-1995-AA,1998,sentencia,data\sentencia-Extract\1998\sentencia-pdf-1998.csv,,,0,0,True,False
00508-1996-AA,1998,sentencia,data\sentencia-Extract\1998\sentencia-pdf-1998.csv,,,0,0,True,False
00932-1996-AA,1998,sentencia,data\sentencia-Extract\1998\sentencia-pdf-1998.csv,,,0,0,True,False
00681-1996-AA,1998,sentencia,data\sentencia-Extract\1998\sentencia-pdf-1998.csv,,,0,0,True,False
00567-1996-AA,1998,sentencia,data\sentencia-Extract\1998\sentencia-pdf-1998.csv,,,0,0,True,False
00707-1996-AA,1998,sentencia,data\sentencia-Extract\1998\sentencia-pdf-1998.csv,"D()""tljuan Monteza Petit interpone Acción de Amparo contra la Sociedad de
Beneficencia de Lima Metropolitana por violación de su derecho constitucional a
la sindicación.
Alega el actor que, al reactivarse el Sindicato Unificado de Trabajadores de
la Sociedad de Beneficencia de Lima Metropolitana","D()""tljuan Monteza Petit interpone Acción de Amparo contra la Sociedad de Beneficencia de Lima Metropolitana por violación de su derecho constitucional a la sindicación. Alega el actor que, al reactivarse el Sindicato Unificado de Trabajadores de la Sociedad de Beneficencia de Lima Metropolitana, su Comité (Iectoral convocó a elecciones para elegir a los miembros de su junta directiva, para el día dieciocho de marzo de mil novecientos noventa y tres. Señala que a tal fin se presentó como integrante de la lista N° /, Y contra él, así como contra los demás trabajadores, la entidad emplazada realizó una serie de actos tendientes a evitar que se reconstituya el referido Sindicato. En particular, refiere que se le impidió el ingreso a las diversas reparticiones de la entidad emplazada al cursársele el meniorandum N° /00-93- OASA-SBLM. No obstante ello, refiere, que fue elegido como Secretario General del Sindicato Unificado de Trabajadores de la Sociedad de Beneficencia de Lima Metropolitana, y en tanto tal, con arreglo a lo dispuesto por los decretos supremos 003-82-PCM y 026-82-jUS, comunicaron dichos hechos a las instancias administrativas correspondientes de la entidad demandada, sin que en ninguna de aquellas oportunidades se les haya dado respuesta, y permitido ejercer sus derechos como miembros del Sindicato. Precisa que ante tales hechos, se vieron obligados a realizar un paro preventivo de veinticuatro horas, el mismo que le fuera puesto en conocimiento a la entidad emplazada mediante carta notarial, de fecha seis de junio de mil novecientos noventa y tres. Alega que realizado el paro, la entidad emplazada abrió proceso administrativo disciplinario contra todos los miembros de la directiva del Sindicato, y mediantef?esolución de fresidencia N° 93-0S/-P-SBLM, se les destituye de su centro de trabajo, lo que constituye una violación de sus derechos sindicales. Admitida la demanda, ésta es contestada por el representante de la Sociedad de Beneficencia de Lima Metropolitana, quien solicita se declare improcedente la demanda, ya que: a) el accionante no ha acreditado de manera fehaciente ser el representante legal del Sindicato Unificado de Trabajadores de la Sociedad de Beneficencia Pública de Lima Metropolitana, b) no ha precisado de manera cierta el derecho constitucional vulnerado, c) el plazo para interponer la demanda ha caducado, d) el actor ha acudido al Poder judicial con el objeto de obtener la nulidad de la resolución cuestionada. Con fecha veinticuatro de abril de mil novecientos noventa y cinco, el juez del Vigésimo Primer juzgado expide resolución declarando improcedente la demanda. Interpuesto el recurso de apelación, con fecha diecinueve de octubre rle mil novecientos noventa y (¡inca, la Tercera Sala Civil de la Corte 5uperior de TRIBUNAL. CONSTITUCIONAL. justicia de Lima expide resolución confirmando la apelada. Interpuesto el recurso de nulidad, la Sala de Derecho Constitucional y Social de la Corte Suprema de justicia de.la República expide resolución, con fecha veinticinco de julio de mil novecientos noventa y seis, declarando No Haber Nulidad en la resolución de vista. Interpuesto el recurso extraordinario, los autos son elevados al Tribunal Constitucional.",3282,3236,False,False
00972-1996-AA,1998,sentencia,data\sentencia-Extract\1998\sentencia-pdf-1998.csv,,,0,0,True,False
00673-1996-AA,1998,sentencia,data\sentencia-Extract\1998\sentencia-pdf-1998.csv,,,0,0,True,False
00703-1996-AA,1998,sentencia,data\sentencia-Extract\1998\sentencia-pdf-1998.csv,"Ramos Zapata Seminario S.A. debidamente representada interpone Acción
de Amparo contra el Intendente Nacional de Fiscalización, Alexander Lino
Galindo, y contra la Superintendencia NaciOnal de Aduanas, por violación de sus
derechos constitucionales al trabajo, libre ejercicio de la profesión y da","Ramos Zapata Seminario S.A. debidamente representada interpone Acción de Amparo contra el Intendente Nacional de Fiscalización, Alexander Lino Galindo, y contra la Superintendencia NaciOnal de Aduanas, por violación de sus derechos constitucionales al trabajo, libre ejercicio de la profesión y daño moral económico (sic). Sostiene la entidad accionan te que mediante radiograma N° 05/849, notificada con fecha diez de enero de mil novecientos noventa y cuatro, se les notificó la suspensión de sus actividades como agencia de aduana de Paita, tras haberse dispuesto, mediante resolución de superintendencia N° 00/-329, de fecha veintinueve de octubre de mí! novecientos noventa y tres, que el Procurador Público encargado de los Asuntos Judiciales de Aduanas interponga las acciones judiciales contra el representante legal y diversos consignatarios de la entidad accionan te, amparándose en el Decreto Legislativo 778°. Refiere que dicho dispositivo legal, autoriza la suspensión de las actividades de un Agente de Aduanas cuando se haya abierto auto de instrucción por delito cometido en ejercicio de sus funciones, pero no de una persona jurídica, que no puede ser el sujeto activo de la comisión del delito. Admitida la demanda, ésta es contestada por el Procurador Público encargado de los Asuntos Judiciales de Aduanas, quien solicita se declare improcedente la demanda, ya que la suspensión de actividades de la entidad actora, se realizó de conformidad con el artículo 25/ ° del :Decreto Legislativo 722°, la misma que no se ha dictado por la comisión de infracciones aduaneras o de ilícitos penales, sino como una medida de prevención en resguardo del interés fiscal. Con fecha doce de abril de mil novecientos noventa y cinco, el Juez del Décimo Sexto Juzgado Civil de Lima expide resolución declarando fundada la demanda. Interpuesto el recurso de apelación, con fecha catorce de agosto de mil novecientos noventa y cinco, la Cuarta Sala Civil de la Corte Superior de Justicia de Lima expide resolución confirmando la resolución de vista. Interpuesto el recurso de nulidad, con fecha tres de julio de mil novecientos noventa y seis, la Sala de Derecho Constitucional y Social de la Corte Suprema de justicia de la '3 República, declara Haber Nulidad, y reformando la de vista y revocando la apelada, declararon improcedente la demanda. Interpuesto el recurso extraordinario, los autos son elevados al Tribunal Constitucional.",2472,2437,False,False
00685-1997-AA,1998,sentencia,data\sentencia-Extract\1998\sentencia-pdf-1998.csv,,,0,0,True,False
00139-1996-AA,1998,sentencia,data\sentencia-Extract\1998\sentencia-pdf-1998.csv,,,0,0,True,False
00243-1996-AA,1998,sentencia,data\sentencia-Extract\1998\sentencia-pdf-1998.csv,,,0,0,True,False
00117-1997-AA,1998,sentencia,data\sentencia-Extract\1998\sentencia-pdf-1998.csv,,,0,0,True,False
00123-1992-AA,1998,sentencia,data\sentencia-Extract\1998\sentencia-pdf-1998.csv,,,0,0,True,False
00118-1997-AC,1998,sentencia,data\sentencia-Extract\1998\sentencia-pdf-1998.csv,,,0,0,True,False
00413-1997-AA,1998,sentencia,data\sentencia-Extract\1998\sentencia-pdf-1998.csv,,,0,0,True,False
00413-1996-AA,1998,sentencia,data\sentencia-Extract\1998\sentencia-pdf-1998.csv,,,0,0,True,False
00198-1993-AA,1998,sentencia,data\sentencia-Extract\1998\sentencia-pdf-1998.csv,,,0,0,True,False
00884-1997-AA,1998,sentencia,data\sentencia-Extract\1998\sentencia-pdf-1998.csv,,,0,0,True,False
00338-1997-AA,1998,sentencia,data\sentencia-Extract\1998\sentencia-pdf-1998.csv,,,0,0,True,False
00491-1996-AA,1998,sentencia,data\sentencia-Extract\1998\sentencia-pdf-1998.csv,,,0,0,True,False
00441-1997-AA,1998,sentencia,data\sentencia-Extract\1998\sentencia-pdf-1998.csv,,,0,0,True,False
00477-1996-HC,1998,sentencia,data\sentencia-Extract\1998\sentencia-pdf-1998.csv,,,0,0,True,False
00226-1997-AA,1998,sentencia,data\sentencia-Extract\1998\sentencia-pdf-1998.csv,,,0,0,True,False
00268-1996-AA,1998,sentencia,data\sentencia-Extract\1998\sentencia-pdf-1998.csv,,,0,0,True,False
00645-1996-AA,1998,sentencia,data\sentencia-Extract\1998\sentencia-pdf-1998.csv,,,0,0,True,False
00547-1997-AA,1998,sentencia,data\sentencia-Extract\1998\sentencia-pdf-1998.csv,,,0,0,True,False
01027-1996-AA,1998,sentencia,data\sentencia-Extract\1998\sentencia-pdf-1998.csv,,,0,0,True,False
00976-1996-AA,1998,sentencia,data\sentencia-Extract\1998\sentencia-pdf-1998.csv,,,0,0,True,False
00249-1997-AA,1998,sentencia,data\sentencia-Extract\1998\sentencia-pdf-1998.csv,,,0,0,True,False
00470-1996-HC,1998,sentencia,data\sentencia-Extract\1998\sentencia-pdf-1998.csv,,,0,0,True,False
00172-1997-AA,1998,sentencia,data\sentencia-Extract\1998\sentencia-pdf-1998.csv,,,0,0,True,False
00065-1996-AA,1998,sentencia,data\sentencia-Extract\1998\sentencia-pdf-1998.csv,"Alberto Villanueva Estrada interpone Acción de Amparo contra el
Superintendente Nacional de Administración Tributaria, don Dante Fuentes Acurio
•
,
,
•
•
•
,
,
y contra los que resulten responsables, por violación de su derecho constitucional
a la estabilidad laboral.
Alega el actor que ","Alberto Villanueva Estrada interpone Acción de Amparo contra el Superintendente Nacional de Administración Tributaria, don Dante Fuentes Acurio • , , • • • , , y contra los que resulten responsables, por violación de su derecho constitucional a la estabilidad laboral. Alega el actor que ingresó a laborar a la entidad demandada con fecha primero de junio de mil novecientos setenta y cuatro, como resultado de un concurso público de oposición y méritos, siendo su régimen laboral el previsto en el decreto legislativo 276°. No obstante ello, con fecha dieciséis de diciembre de mil novecientos noventa y tres, se le notificó de la resolución de intendencia N° 053-93- SUNA T/INA, fechado el seis de diciembre del mismo año, por el cual se le cesó por causal de excedencia, amparado en el decreto ley 26093°. Precisa que interpuso en sede administrativa su recurso de reconsideración, el mismo que fue resuelto mediante resolución N° 002-94- \ INA/SUNA T, de fecha catorce de febrero de mil novecientos noventa y cuatro, declarando infundado su medio impugnatorio. Sostiene, además, que la resolución en virtud de la cual se le cesó no estaba rubricada por el titular de la entidad demandada, sino por don Manuel Canny Castro en base a la resolución de Superintendencia N° 202- 92-EF/SUNA T, que, al no ser publicada en el diario oficial El peruano, sólo tendría validez para los actos internos que se especifique anteriores a la ley 26093. En otro orden de consideraciones, recuerda que no es de aplicación el decreto ley 26093°, por tratarse de una norma inconstitucional que vulnera el artículo de la Constitución Política de 1979. Admitida la demanda, ésta es contestada por el representante de la Superintendencia Nacional de Administración Tributaria, quien solicita se declare improcedente y/o infundada la demanda, ya que: a) no se cumplió con agotar la vía previa, pues no se cumplió con transitar la segunda instancia administrativa, b) el cese practicado contra el actor se realizó en cumplimiento de lo dispuesto por el decreto ley que dispuso se cesara por causal de excedencia a 26093~ aquellos servidores que no aprobasen el proceso de evaluación de su personal, c) de acuerdo con la resolución de superintendencia N° 059-93-EF/SUNAT, de dieciocho de mayo de mil novecientos noventa y tres, se aprobó el reglamento de evaluación de personal de la SUNA T, en el mismo que se estableció que el puntaje mínimo aprobatorio sería el de 5.50 puntos, d) la Acción de Amparo no es la vía adecuada para obtener la nulidad de las resoluciones administrativas. • • • • • • Con fecha cuatro de mayo de mil novecientos noventa y cuatro, el j u e z del Décimo Segundo juzgado Civil de Lima expide resolución declarando improcedente la demanda. Interpuesto el recurso de apelación, con fecha veintiocho de octubre de mil novecientos noventa y cuatro, la Primera Sala Civil de la Corte Superior de justicia de Lima, expidió resolución confirmando la apelada. Interpuesto el recurso de nulidad, con fecha quince de noviembre de mil novecientos noventa y cinco, la Sala de Derecho Constitucional y Social de la Corte Suprema de justicia de la República, declaró No Haber Nulidad en la resolución de vista. Interpuesto el recurso extraordinario, los autos son elevados al Tribunal Constitucional.",3353,3292,False,False
00132-1992-AA,1998,sentencia,data\sentencia-Extract\1998\sentencia-pdf-1998.csv,,,0,0,True,False
00196-1997-AA,1998,sentencia,data\sentencia-Extract\1998\sentencia-pdf-1998.csv,,,0,0,True,False
00327-1997-AA,1998,sentencia,data\sentencia-Extract\1998\sentencia-pdf-1998.csv,,,0,0,True,False
00210-1997-AA,1998,sentencia,data\sentencia-Extract\1998\sentencia-pdf-1998.csv,,,0,0,True,False
00230-1993-AA,1998,sentencia,data\sentencia-Extract\1998\sentencia-pdf-1998.csv,,,0,0,True,False
00381-1996-AA,1998,sentencia,data\sentencia-Extract\1998\sentencia-pdf-1998.csv,,,0,0,True,False
00542-1997-AC,1998,sentencia,data\sentencia-Extract\1998\sentencia-pdf-1998.csv,"La Asociación Nacional de Cesantes y jubilados de la Superintendencia
Nacional de Administración Tributaria, debidamente representada, interpone
Acción de Cumplimiento contra el Ministerio de Economía y Finanzas a fin de que
éste cumpla con acatar el régimen legal previsto por el decreto ley 2053","La Asociación Nacional de Cesantes y jubilados de la Superintendencia Nacional de Administración Tributaria, debidamente representada, interpone Acción de Cumplimiento contra el Ministerio de Economía y Finanzas a fin de que éste cumpla con acatar el régimen legal previsto por el decreto ley 20530: la ley 23495° y el artículo 54° de la ley 23724: que consiste en la omisión de abonar en las pensiones de los miembros de la entidad actora, el fondo de estímulo que perciben los trabajadores activos del Ministerio de Economía y Finanzas, ascendente a una remuneración mínima vital así como los reintegros por este mismo concepto. Alega la entidad actora que al encontrarse sus asociados comprendidos en el régimen pensionario del decreto ley 20530: tienen derecho a percibir pensiones en monto igual a los haberes e incrementos de los trabajadores en actividad del Ministerio de Economía y Finanzas y de la Superintendencia Nacional de Administración Tributaria. Refieren que el fondo de estímulo fue creado en el mes de diciembre de mil novecientos ochenta y tres, por el artículo 54° de la ley 23724: y no obstante ello, desde el año de mil novecientos noventa y dos, a los asociados de la entidad 1) demandante se les viene abonando cantidades diminutas. Admitida la demanda, ésta es contestada por el Procurador Público encargado de los Asuntos Judiciales del Ministerio de Economía y Finanzas, quien solicita se declare improcedente y/o infundada, ya que: a) el plazo para interponer la demanda ha caducado, en razón de que el decreto legislativo 673"" entró en vigencia el veinticinco de setiembre de mil novecientos noventa y uno, mientras la demanda fue interpuesta el trece de noviembre de mil novecientos noventa y cinco, b) el representante de la asociación demandada carece de un poder debidamente inscrito en el registro correspondiente, c) el representante legal de la entidad actora carece de legitimidad para obrar, pues la demanda ha sido interpuesta por una persona jurídica, cuando debió ser iniciada en forma individual, dado el carácter personal de lo solicitado, d) el fondo de estímulo que se peticiona es sólo para el personal activo, y no para el cesante, al que por mandato del artículo 57"" de la ley 20530° el monto de sus pensiones se establece en la Ley de Presupuesto del Sector Público Nacional. Con fecha veintinueve de febrero de mil novecientos noventa y seis, el juez del Cuarto juzgado Especializado en lo Civil de Lima expide resolución declarando infundada la demanda. Interpuesto el recurso de apelación, la Sala Contencioso Administrativa de la Corte Superior de justicia de Lima confirma la apelada. Interpuesto el recurso extraordinario, los autos son elevados al Tribunal Constitucional.",2769,2730,False,False
00230-1996-AA,1998,sentencia,data\sentencia-Extract\1998\sentencia-pdf-1998.csv,,,0,0,True,False
00675-1996-AA,1998,sentencia,data\sentencia-Extract\1998\sentencia-pdf-1998.csv,,,0,0,True,False
00256-1996-AA,1998,sentencia,data\sentencia-Extract\1998\sentencia-pdf-1998.csv,,,0,0,True,False
00528-1997-AA,1998,sentencia,data\sentencia-Extract\1998\sentencia-pdf-1998.csv,,,0,0,True,False
00122-1993-AA,1998,sentencia,data\sentencia-Extract\1998\sentencia-pdf-1998.csv,,,0,0,True,False
00151-1996-AA,1998,sentencia,data\sentencia-Extract\1998\sentencia-pdf-1998.csv,,,0,0,True,False
00875-1997-AA,1998,sentencia,data\sentencia-Extract\1998\sentencia-pdf-1998.csv,,,0,0,True,False
00031-1997-AA,1998,sentencia,data\sentencia-Extract\1998\sentencia-pdf-1998.csv,,,0,0,True,False
00478-1997-AA,1998,sentencia,data\sentencia-Extract\1998\sentencia-pdf-1998.csv,,,0,0,True,False
00181-1996-AA,1998,sentencia,data\sentencia-Extract\1998\sentencia-pdf-1998.csv,,,0,0,True,False
00273-1993-AA,1998,sentencia,data\sentencia-Extract\1998\sentencia-pdf-1998.csv,,,0,0,True,False
00419-1997-AA,1998,sentencia,data\sentencia-Extract\1998\sentencia-pdf-1998.csv,,,0,0,True,False
00219-1996-AA,1998,sentencia,data\sentencia-Extract\1998\sentencia-pdf-1998.csv,,,0,0,True,False
00428-1996-AA,1998,sentencia,data\sentencia-Extract\1998\sentencia-pdf-1998.csv,,,0,0,True,False
00958-1996-AA,1998,sentencia,data\sentencia-Extract\1998\sentencia-pdf-1998.csv,,,0,0,True,False
00961-1996-AA,1998,sentencia,data\sentencia-Extract\1998\sentencia-pdf-1998.csv,,,0,0,True,False
00672-1997-AA,1998,sentencia,data\sentencia-Extract\1998\sentencia-pdf-1998.csv,,,0,0,True,False
00137-1997-AA,1998,sentencia,data\sentencia-Extract\1998\sentencia-pdf-1998.csv,,,0,0,True,False
00130-1996-AA,1998,sentencia,data\sentencia-Extract\1998\sentencia-pdf-1998.csv,,,0,0,True,False
00755-1997-AA,1998,sentencia,data\sentencia-Extract\1998\sentencia-pdf-1998.csv,,,0,0,True,False
00720-1996-AA,1998,sentencia,data\sentencia-Extract\1998\sentencia-pdf-1998.csv,,,0,0,True,False
00477-1997-AA,1998,sentencia,data\sentencia-Extract\1998\sentencia-pdf-1998.csv,,,0,0,True,False
00248-1993-AA,1998,sentencia,data\sentencia-Extract\1998\sentencia-pdf-1998.csv,,,0,0,True,False
00098-1996-AA,1998,sentencia,data\sentencia-Extract\1998\sentencia-pdf-1998.csv,,,0,0,True,False
00379-1996-AA,1998,sentencia,data\sentencia-Extract\1998\sentencia-pdf-1998.csv,,,0,0,True,False
00801-1997-AA,1998,sentencia,data\sentencia-Extract\1998\sentencia-pdf-1998.csv,,,0,0,True,False
00027-1993-AA,1998,sentencia,data\sentencia-Extract\1998\sentencia-pdf-1998.csv,,,0,0,True,False
00659-1996-AA,1998,sentencia,data\sentencia-Extract\1998\sentencia-pdf-1998.csv,,,0,0,True,False
01022-1996-AA,1998,sentencia,data\sentencia-Extract\1998\sentencia-pdf-1998.csv,,,0,0,True,False
00171-1995-AA,1998,sentencia,data\sentencia-Extract\1998\sentencia-pdf-1998.csv,,,0,0,True,False
00243-1993-AA,1998,sentencia,data\sentencia-Extract\1998\sentencia-pdf-1998.csv,,,0,0,True,False
00425-1996-HC,1998,sentencia,data\sentencia-Extract\1998\sentencia-pdf-1998.csv,"El demandante don Luis Garda Barreta interpone hábeas corpus a favor de los funcionarios del Banco
Wiese Ltdo. don Juan Herrán Peralta y don Patricio Samamé Paz, por considerar que la libertad de ambos
se encuentra amenazada, en razón a una resolución judicial expedida por el Juez emplazado.
Espe","El demandante don Luis Garda Barreta interpone hábeas corpus a favor de los funcionarios del Banco Wiese Ltdo. don Juan Herrán Peralta y don Patricio Samamé Paz, por considerar que la libertad de ambos se encuentra amenazada, en razón a una resolución judicial expedida por el Juez emplazado. Especifica que las garantías son procedentes contra resoluciones judiciales cuando estas derivan de un • proceso irregular y que en el presente caso el Juez Agrario de Sullana ha incurrido a través de sus resoluciones en amenaza contra el derecho a la libertad individual libre tránsito. Puntualiza que todo surge y como consecuencia de un embargo jurídicamente imposible, dictado dentro del proceso seguido por la Cooperativa Negri Ulloa contra el Banco Wiese,Ltdo. y, respecto del cual se ha apercibido con orden de detención al Sub Gerente adjunto del Banco Wiese Ltdo. Patricio Samamé Paz, encontrándose igualmente amenazada la libertad del Gerente Juan Herrán Peralta, quien anteriormente fue detenido por otra orden irregular del Juez Agrario emplazado. • , • Se sostiene que el embargo ordenado en forma de retención, es inexistente, por cuanto no puede trabarse en la propia institución ejecutada, ya que dicho mandato es contra un tercero, y no sobre quien es parte deudora de un proceso, no pudiendo el Banco Wiese Ltdo. ser sujeto de embargo de retención sobre sus propias cuentas. Consecuentemente resulta nula el acta de embargo, en cuya virtud, el Juez Agrario pretende que el banco ejecutado ponga a su disposición la suma de doscientos noventa y dos mil dólares. Por otra parte se cuestiona el apercibimiento de doble pago efoctuado por el mismo juez, ya que ello significa beneficiar indebidamente al acreedor ejecutante, ya que tal medida sólo significa que ante el incumplimiento del tercero retenedor por haber dispuesto de lo retenido, este siempre tendrá la obligación de cumplir con el mandato judicial, empero no que se pague el doble de la suma materia de embargo. Por último, señala el accionante, que a pesar de habérsele hecho ver estas irregularidades al emplazado ha resuelto este apercibir con detención y no ha resuelto adecuadamente, por el contrario, ninguno de sus recursos impugnatorios, con el argumento dogmático de que la causa se encuentra en ejecución de sentencia. El petitorio de la acción presentada, se orienta, por consiguiente a que cese la amenaza contra la libertad de las personas respecto de las cuales aquella se interpone. Admitida la acción por la Primera Sala Penal de la Corte Superior de Justicia de Piura, se dispone la remisión de los autos a conocimiento del Primer Juzgado de Instrucción de Sullana, quien dispone oficiar al emplazado a los efectos de que emita su informe correspondiente bajo responsabilidad. Cumplido dicho mandato, el emplazado, puntualiza en su descargo: Que la causa a la que se refiere el Banco Wiese, surge a raíz de que dicha entidad pidió la inmovilización de un algodón que se encontraba en Paita listo para ser exportado por la Cooperativa Agraria ""Abraham Negri Ulloa"" y ello, por un supuesto crédito no cancelado al Banco Agrario y que este a su vez había cedido al Banco Wiese Ltdo .. Dicho algodón inmovilizado en mil novecientos noventa y dos fue rematado y el dinero pasó al citado banco. Que posteriormente la reforida Cooperativa, mediante un proceso de extinción de obligación acredita que nunca le debió al Banco Agrario por lo que el algodón inmovilizado y rematado debía ser devuelto a sus propietarios, situación ampliamente discutida en la causa reforida por el accionante y dentro de la cual el banco ha usado todos los medios de defensa e impugnatorios permitidos por la ley procesal, y en la que se expidió sentencia, confirmada luego por la Sala Civil de la Corte Superior de Justicia de Piura. Que la entidad bancaria ha venido utilizando una serie de mecanismos legales con el propósito de no cumplir la ejecución de sentencia. Que de toda resolución que se ha expedido en esa causa, la demandada apela, sin embargo admite cumplir con los mandatos y la cancelación de parte de la obligación. Que el embargo en forma de retención se ha efoctuado en aplicación del artículo 644° del Código de Procedimientos Civiles derogado pero aplicable al presente caso, ya que este dispone que el requerimiento debe ser cumplido con el apremio de detención. De fojas cuarenta y ocho a cuarenta y nueve y con fecha siete de junio de mil novecientos noventa y seis, el juzgado expide resolución declarando improcedente la acción, fundamentalmente por considerar: Que de las instrumentales presentadas por el accionante y por el Juez Agrario, se establece, que, este último ha hecho efectivo un apercibimiento contra los representantes de la entidad demandada, para que cumplan con poner a disposición del juzgado, cantidades de dinero embargadas en forma de retención, en aplicación del artículo 644° del Código de Procedimientos Civiles; Que dicho mandato ha sido emanado de un procedimiento regular, en el que los representantes del Banco Wiese Ltdo.han venido y vienen haciendo uso de los recursos impugnatorios que la ley franquea; Que el artículo 6°, inciso 2, de la Ley N° 23506, establece que no proceden las acciones de garantía contra resolución judicial emanada de un proceso regular, puesto que las garantías no han sido creadas para objetar resoluciones judiciales, más aún cuando el accionante ha • ""3 • • interpuesto apelación, correspondiendo a la instancia inmediata superior dilucidar la improcedencia o procedencia, legalidad o ilegalidad del apercibimiento de detención o captura. I Interpuesto recurso de apelación por el accionante, los autos son elevados a la Primera Sala Penal de la • Corte Superior de Justicia de Piura, la que a fojas noventa y nueve y cien, y con focha veinticuatro de junio de mil novecientos noventa y seis, confirma la resolución apelada, fundamentalmente por considerar: Que de los actuados se advierte que las decisiones judiciales cuestionadas han sido materia de recursos impugnatorios dentro de la vía judiciaL; Que sin embargo el accionan te pretende por la vía sumarísima del hábeas corpus se componga las irregularidades que emanan de las resoluciones dictadas por el juez cuestionado, vía que no resulta la adecuada para corregir anomalías de tipo procesal, ya que si esto jilera así una decisión de este tipo de acción significaría una intromisión que entorpecería la ejecución de una sentencia firme, incurriéndose en responsabilidad al existir la prohibición expresa contenida en el artículo 10° de la Ley fiF 25398 que complementa la ley N° 23506; Que a mayor abundamiento la amenaza supuesta contra la libertad individual de los funcionarios del Banco Wiese Ltdo. no es tal, por cuanto el marco rector del proceso antes señalado es el Código de Procedimientos Civiles, el que le da la facultad al juez de dictar apremio y rebeldías en el caso del no cumplimiento de disposiciones emanadas en el proceso como es el de materia de análisis, apremio que concluye, con el cumplimiento del mandato respectivo por un plazo determinado, el que a lafecha no se ha vencido y la obligación no se habría cumplido. Contra esta resolución, el accionante interpone recurso extraordinario, por lo que de conformidad con el artículo 41° de la Ley N° 26435, se dispone el envío de los autos al Tribunal Constitucional.",7430,7347,False,False
00277-1997-AA,1998,sentencia,data\sentencia-Extract\1998\sentencia-pdf-1998.csv,,,0,0,True,False
00811-1997-AC,1998,sentencia,data\sentencia-Extract\1998\sentencia-pdf-1998.csv,,,0,0,True,False
00399-1997-AA,1998,sentencia,data\sentencia-Extract\1998\sentencia-pdf-1998.csv,,,0,0,True,False
00065-1997-AA,1998,sentencia,data\sentencia-Extract\1998\sentencia-pdf-1998.csv,,,0,0,True,False
00460-1997-AA,1998,sentencia,data\sentencia-Extract\1998\sentencia-pdf-1998.csv,,,0,0,True,False
00099-1996-AA,1998,sentencia,data\sentencia-Extract\1998\sentencia-pdf-1998.csv,,,0,0,True,False
00032-1997-AA,1998,sentencia,data\sentencia-Extract\1998\sentencia-pdf-1998.csv,,,0,0,True,False
00311-1997-AA,1998,sentencia,data\sentencia-Extract\1998\sentencia-pdf-1998.csv,,,0,0,True,False
00963-1996-AC,1998,sentencia,data\sentencia-Extract\1998\sentencia-pdf-1998.csv,,,0,0,True,False
00600-1997-AA,1998,sentencia,data\sentencia-Extract\1998\sentencia-pdf-1998.csv,,,0,0,True,False
00934-1997-AA,1998,sentencia,data\sentencia-Extract\1998\sentencia-pdf-1998.csv,,,0,0,True,False
00120-1993-AA,1998,sentencia,data\sentencia-Extract\1998\sentencia-pdf-1998.csv,,,0,0,True,False
00192-1996-AA,1998,sentencia,data\sentencia-Extract\1998\sentencia-pdf-1998.csv,,,0,0,True,False
00195-1995-AA,1998,sentencia,data\sentencia-Extract\1998\sentencia-pdf-1998.csv,,,0,0,True,False
00200-1993-AA,1998,sentencia,data\sentencia-Extract\1998\sentencia-pdf-1998.csv,,,0,0,True,False
00149-1993-AA,1998,sentencia,data\sentencia-Extract\1998\sentencia-pdf-1998.csv,,,0,0,True,False
00719-1996-AA,1998,sentencia,data\sentencia-Extract\1998\sentencia-pdf-1998.csv,,,0,0,True,False
00595-1997-AA,1998,sentencia,data\sentencia-Extract\1998\sentencia-pdf-1998.csv,,,0,0,True,False
00537-1996-AA,1998,sentencia,data\sentencia-Extract\1998\sentencia-pdf-1998.csv,,,0,0,True,False
00918-1996-AA,1998,sentencia,data\sentencia-Extract\1998\sentencia-pdf-1998.csv,,,0,0,True,False
00035-1997-AA,1998,sentencia,data\sentencia-Extract\1998\sentencia-pdf-1998.csv,,,0,0,True,False
00020-1997-AA,1998,sentencia,data\sentencia-Extract\1998\sentencia-pdf-1998.csv,,,0,0,True,False
00076-1996-AA,1998,sentencia,data\sentencia-Extract\1998\sentencia-pdf-1998.csv,,,0,0,True,False
00074-1997-AA,1998,sentencia,data\sentencia-Extract\1998\sentencia-pdf-1998.csv,,,0,0,True,False
00449-1997-AA,1998,sentencia,data\sentencia-Extract\1998\sentencia-pdf-1998.csv,,,0,0,True,False
00446-1996-AA,1998,sentencia,data\sentencia-Extract\1998\sentencia-pdf-1998.csv,,,0,0,True,False
00412-1996-AA,1998,sentencia,data\sentencia-Extract\1998\sentencia-pdf-1998.csv,,,0,0,True,False
00550-1997-AA,1998,sentencia,data\sentencia-Extract\1998\sentencia-pdf-1998.csv,,,0,0,True,False
00829-1997-AA,1998,sentencia,data\sentencia-Extract\1998\sentencia-pdf-1998.csv,,,0,0,True,False
00714-1996-AA,1998,sentencia,data\sentencia-Extract\1998\sentencia-pdf-1998.csv,,,0,0,True,False
00227-1997-AA,1998,sentencia,data\sentencia-Extract\1998\sentencia-pdf-1998.csv,,,0,0,True,False
00316-1996-AA,1998,sentencia,data\sentencia-Extract\1998\sentencia-pdf-1998.csv,,,0,0,True,False
00232-1997-HC,1998,sentencia,data\sentencia-Extract\1998\sentencia-pdf-1998.csv,,,0,0,True,False
00320-1996-AA,1998,sentencia,data\sentencia-Extract\1998\sentencia-pdf-1998.csv,,,0,0,True,False
00225-1997-AA,1998,sentencia,data\sentencia-Extract\1998\sentencia-pdf-1998.csv,,,0,0,True,False
00552-1996-AA,1998,sentencia,data\sentencia-Extract\1998\sentencia-pdf-1998.csv,,,0,0,True,False
01036-1997-AA,1998,sentencia,data\sentencia-Extract\1998\sentencia-pdf-1998.csv,,,0,0,True,False
00674-1996-AA,1998,sentencia,data\sentencia-Extract\1998\sentencia-pdf-1998.csv,,,0,0,True,False
00926-1996-AA,1998,sentencia,data\sentencia-Extract\1998\sentencia-pdf-1998.csv,,,0,0,True,False
00127-1995-AA,1998,sentencia,data\sentencia-Extract\1998\sentencia-pdf-1998.csv,,,0,0,True,False
00196-1995-AA,1998,sentencia,data\sentencia-Extract\1998\sentencia-pdf-1998.csv,,,0,0,True,False
01023-1997-AC,1998,sentencia,data\sentencia-Extract\1998\sentencia-pdf-1998.csv,,,0,0,True,False
01037-1996-AA,1998,sentencia,data\sentencia-Extract\1998\sentencia-pdf-1998.csv,,,0,0,True,False
00260-1996-AA,1998,sentencia,data\sentencia-Extract\1998\sentencia-pdf-1998.csv,,,0,0,True,False
00954-1997-AC,1998,sentencia,data\sentencia-Extract\1998\sentencia-pdf-1998.csv,,,0,0,True,False
00414-1997-AA,1998,sentencia,data\sentencia-Extract\1998\sentencia-pdf-1998.csv,,,0,0,True,False
00862-1996-AA,1998,sentencia,data\sentencia-Extract\1998\sentencia-pdf-1998.csv,,,0,0,True,False
01036-1996-AA,1998,sentencia,data\sentencia-Extract\1998\sentencia-pdf-1998.csv,,,0,0,True,False
00695-1996-AA,1998,sentencia,data\sentencia-Extract\1998\sentencia-pdf-1998.csv,,,0,0,True,False
00620-1996-AA,1998,sentencia,data\sentencia-Extract\1998\sentencia-pdf-1998.csv,,,0,0,True,False
00115-1996-AA,1998,sentencia,data\sentencia-Extract\1998\sentencia-pdf-1998.csv,,,0,0,True,False
00516-1996-AA,1998,sentencia,data\sentencia-Extract\1998\sentencia-pdf-1998.csv,,,0,0,True,False
00083-1992-AA,1998,sentencia,data\sentencia-Extract\1998\sentencia-pdf-1998.csv,,,0,0,True,False
00301-1997-AA,1998,sentencia,data\sentencia-Extract\1998\sentencia-pdf-1998.csv,,,0,0,True,False
00047-1992-AA,1998,sentencia,data\sentencia-Extract\1998\sentencia-pdf-1998.csv,,,0,0,True,False
00563-1996-AA,1998,sentencia,data\sentencia-Extract\1998\sentencia-pdf-1998.csv,,,0,0,True,False
00274-1997-AA,1998,sentencia,data\sentencia-Extract\1998\sentencia-pdf-1998.csv,,,0,0,True,False
00729-1997-AA,1998,sentencia,data\sentencia-Extract\1998\sentencia-pdf-1998.csv,,,0,0,True,False
00238-1995-AA,1998,sentencia,data\sentencia-Extract\1998\sentencia-pdf-1998.csv,,,0,0,True,False
00795-1996-AA,1998,sentencia,data\sentencia-Extract\1998\sentencia-pdf-1998.csv,,,0,0,True,False
00093-1997-AC,1998,sentencia,data\sentencia-Extract\1998\sentencia-pdf-1998.csv,,,0,0,True,False
00111-1992-AA,1998,sentencia,data\sentencia-Extract\1998\sentencia-pdf-1998.csv,,,0,0,True,False
00249-1996-AA,1998,sentencia,data\sentencia-Extract\1998\sentencia-pdf-1998.csv,,,0,0,True,False
00033-1997-AA,1998,sentencia,data\sentencia-Extract\1998\sentencia-pdf-1998.csv,,,0,0,True,False
00410-1997-AA,1998,sentencia,data\sentencia-Extract\1998\sentencia-pdf-1998.csv,,,0,0,True,False
00465-1997-AC,1998,sentencia,data\sentencia-Extract\1998\sentencia-pdf-1998.csv,,,0,0,True,False
00621-1996-AA,1998,sentencia,data\sentencia-Extract\1998\sentencia-pdf-1998.csv,,,0,0,True,False
00472-1997-AA,1998,sentencia,data\sentencia-Extract\1998\sentencia-pdf-1998.csv,,,0,0,True,False
00554-1996-AA,1998,sentencia,data\sentencia-Extract\1998\sentencia-pdf-1998.csv,,,0,0,True,False
00918-1997-AA,1998,sentencia,data\sentencia-Extract\1998\sentencia-pdf-1998.csv,,,0,0,True,False
00689-1996-AA,1998,sentencia,data\sentencia-Extract\1998\sentencia-pdf-1998.csv,,,0,0,True,False
00919-1997-AA,1998,sentencia,data\sentencia-Extract\1998\sentencia-pdf-1998.csv,,,0,0,True,False
00945-1997-AA,1998,sentencia,data\sentencia-Extract\1998\sentencia-pdf-1998.csv,,,0,0,True,False
00983-1997-AC,1998,sentencia,data\sentencia-Extract\1998\sentencia-pdf-1998.csv,,,0,0,True,False
00929-1997-AA,1998,sentencia,data\sentencia-Extract\1998\sentencia-pdf-1998.csv,,,0,0,True,False
00072-1995-AA,1998,sentencia,data\sentencia-Extract\1998\sentencia-pdf-1998.csv,,,0,0,True,False
00827-1997-AC,1998,sentencia,data\sentencia-Extract\1998\sentencia-pdf-1998.csv,,,0,0,True,False
00834-1997-AA,1998,sentencia,data\sentencia-Extract\1998\sentencia-pdf-1998.csv,,,0,0,True,False
00011-1996-AA,1998,sentencia,data\sentencia-Extract\1998\sentencia-pdf-1998.csv,,,0,0,True,False
00824-1997-AA,1998,sentencia,data\sentencia-Extract\1998\sentencia-pdf-1998.csv,,,0,0,True,False
00548-1997-AC,1998,sentencia,data\sentencia-Extract\1998\sentencia-pdf-1998.csv,,,0,0,True,False
00300-1996-AC,1998,sentencia,data\sentencia-Extract\1998\sentencia-pdf-1998.csv,,,0,0,True,False
00814-1997-AA,1998,sentencia,data\sentencia-Extract\1998\sentencia-pdf-1998.csv,,,0,0,True,False
00752-1996-AA,1998,sentencia,data\sentencia-Extract\1998\sentencia-pdf-1998.csv,,,0,0,True,False
01277-1997-AA,1998,sentencia,data\sentencia-Extract\1998\sentencia-pdf-1998.csv,,,0,0,True,False
01054-1996-AA,1998,sentencia,data\sentencia-Extract\1998\sentencia-pdf-1998.csv,,,0,0,True,False
00994-1997-AA,1998,sentencia,data\sentencia-Extract\1998\sentencia-pdf-1998.csv,,,0,0,True,False
00746-1996-AA,1998,sentencia,data\sentencia-Extract\1998\sentencia-pdf-1998.csv,,,0,0,True,False
00906-1996-AA,1998,sentencia,data\sentencia-Extract\1998\sentencia-pdf-1998.csv,,,0,0,True,False
00404-1997-AA,1998,sentencia,data\sentencia-Extract\1998\sentencia-pdf-1998.csv,,,0,0,True,False
00495-1997-AA,1998,sentencia,data\sentencia-Extract\1998\sentencia-pdf-1998.csv,,,0,0,True,False
00264-1996-AA,1998,sentencia,data\sentencia-Extract\1998\sentencia-pdf-1998.csv,,,0,0,True,False
00767-1997-AA,1998,sentencia,data\sentencia-Extract\1998\sentencia-pdf-1998.csv,,,0,0,True,False
00237-1996-AA,1998,sentencia,data\sentencia-Extract\1998\sentencia-pdf-1998.csv,,,0,0,True,False
00164-1995-AA,1998,sentencia,data\sentencia-Extract\1998\sentencia-pdf-1998.csv,,,0,0,True,False
00065-1995-AA,1998,sentencia,data\sentencia-Extract\1998\sentencia-pdf-1998.csv,,,0,0,True,False
00555-1996-AA,1998,sentencia,data\sentencia-Extract\1998\sentencia-pdf-1998.csv,,,0,0,True,False
00139-1997-AA,1998,sentencia,data\sentencia-Extract\1998\sentencia-pdf-1998.csv,,,0,0,True,False
00487-1996-AA,1998,sentencia,data\sentencia-Extract\1998\sentencia-pdf-1998.csv,,,0,0,True,False
00425-1997-AA,1998,sentencia,data\sentencia-Extract\1998\sentencia-pdf-1998.csv,,,0,0,True,False
00245-1997-AA,1998,sentencia,data\sentencia-Extract\1998\sentencia-pdf-1998.csv,,,0,0,True,False
00917-1996-AA,1998,sentencia,data\sentencia-Extract\1998\sentencia-pdf-1998.csv,,,0,0,True,False
00002-1993-AA,1998,sentencia,data\sentencia-Extract\1998\sentencia-pdf-1998.csv,,,0,0,True,False
00932-1997-AA,1998,sentencia,data\sentencia-Extract\1998\sentencia-pdf-1998.csv,,,0,0,True,False
00707-1997-AC,1998,sentencia,data\sentencia-Extract\1998\sentencia-pdf-1998.csv,,,0,0,True,False
00986-1997-AA,1998,sentencia,data\sentencia-Extract\1998\sentencia-pdf-1998.csv,,,0,0,True,False
00055-1996-AA,1998,sentencia,data\sentencia-Extract\1998\sentencia-pdf-1998.csv,,,0,0,True,False
00094-1997-AC,1998,sentencia,data\sentencia-Extract\1998\sentencia-pdf-1998.csv,,,0,0,True,False
00443-1996-AA,1998,sentencia,data\sentencia-Extract\1998\sentencia-pdf-1998.csv,,,0,0,True,False
00367-1997-AA,1998,sentencia,data\sentencia-Extract\1998\sentencia-pdf-1998.csv,,,0,0,True,False
00494-1997-AA,1998,sentencia,data\sentencia-Extract\1998\sentencia-pdf-1998.csv,,,0,0,True,False
01232-1997-AC,1998,sentencia,data\sentencia-Extract\1998\sentencia-pdf-1998.csv,,,0,0,True,False
00363-1997-AA,1998,sentencia,data\sentencia-Extract\1998\sentencia-pdf-1998.csv,,,0,0,True,False
00625-1996-AA,1998,sentencia,data\sentencia-Extract\1998\sentencia-pdf-1998.csv,,,0,0,True,False
00800-1996-AA,1998,sentencia,data\sentencia-Extract\1998\sentencia-pdf-1998.csv,,,0,0,True,False
00331-1997-AA,1998,sentencia,data\sentencia-Extract\1998\sentencia-pdf-1998.csv,,,0,0,True,False
00203-1996-AA,1998,sentencia,data\sentencia-Extract\1998\sentencia-pdf-1998.csv,,,0,0,True,False
00111-1997-AA,1998,sentencia,data\sentencia-Extract\1998\sentencia-pdf-1998.csv,,,0,0,True,False
00697-1996-AA,1998,sentencia,data\sentencia-Extract\1998\sentencia-pdf-1998.csv,,,0,0,True,False
00612-1997-AA,1998,sentencia,data\sentencia-Extract\1998\sentencia-pdf-1998.csv,,,0,0,True,False
00772-1997-AA,1998,sentencia,data\sentencia-Extract\1998\sentencia-pdf-1998.csv,,,0,0,True,False
00555-1997-AA,1998,sentencia,data\sentencia-Extract\1998\sentencia-pdf-1998.csv,,,0,0,True,False
00281-1997-HC,1998,sentencia,data\sentencia-Extract\1998\sentencia-pdf-1998.csv,,,0,0,True,False
01079-1997-AA,1998,sentencia,data\sentencia-Extract\1998\sentencia-pdf-1998.csv,,,0,0,True,False
00727-1997-AA,1998,sentencia,data\sentencia-Extract\1998\sentencia-pdf-1998.csv,,,0,0,True,False
00380-1996-AA,1998,sentencia,data\sentencia-Extract\1998\sentencia-pdf-1998.csv,,,0,0,True,False
00754-1996-AA,1998,sentencia,data\sentencia-Extract\1998\sentencia-pdf-1998.csv,,,0,0,True,False
00486-1996-AA,1998,sentencia,data\sentencia-Extract\1998\sentencia-pdf-1998.csv,,,0,0,True,False
00365-1997-HC,1998,sentencia,data\sentencia-Extract\1998\sentencia-pdf-1998.csv,,,0,0,True,False
00230-1997-HC,1998,sentencia,data\sentencia-Extract\1998\sentencia-pdf-1998.csv,,,0,0,True,False
01272-1997-AA,1998,sentencia,data\sentencia-Extract\1998\sentencia-pdf-1998.csv,,,0,0,True,False
00430-1997-HC,1998,sentencia,data\sentencia-Extract\1998\sentencia-pdf-1998.csv,,,0,0,True,False
00499-1996-AA,1998,sentencia,data\sentencia-Extract\1998\sentencia-pdf-1998.csv,,,0,0,True,False
00493-1997-AA,1998,sentencia,data\sentencia-Extract\1998\sentencia-pdf-1998.csv,,,0,0,True,False
01012-1997-AA,1998,sentencia,data\sentencia-Extract\1998\sentencia-pdf-1998.csv,,,0,0,True,False
01050-1997-AA,1998,sentencia,data\sentencia-Extract\1998\sentencia-pdf-1998.csv,,,0,0,True,False
00642-1997-AA,1998,sentencia,data\sentencia-Extract\1998\sentencia-pdf-1998.csv,,,0,0,True,False
00810-1997-AA,1998,sentencia,data\sentencia-Extract\1998\sentencia-pdf-1998.csv,,,0,0,True,False
00797-1996-AA,1998,sentencia,data\sentencia-Extract\1998\sentencia-pdf-1998.csv,,,0,0,True,False
00083-1997-AA,1998,sentencia,data\sentencia-Extract\1998\sentencia-pdf-1998.csv,,,0,0,True,False
00977-1997-AA,1998,sentencia,data\sentencia-Extract\1998\sentencia-pdf-1998.csv,,,0,0,True,False
00287-1996-AA,1998,sentencia,data\sentencia-Extract\1998\sentencia-pdf-1998.csv,,,0,0,True,False
00118-1992-AA,1998,sentencia,data\sentencia-Extract\1998\sentencia-pdf-1998.csv,,,0,0,True,False
01024-1997-AA,1998,sentencia,data\sentencia-Extract\1998\sentencia-pdf-1998.csv,,,0,0,True,False
00298-1996-AA,1998,sentencia,data\sentencia-Extract\1998\sentencia-pdf-1998.csv,,,0,0,True,False
00480-1997-AA,1998,sentencia,data\sentencia-Extract\1998\sentencia-pdf-1998.csv,,,0,0,True,False
01159-1997-AA,1998,sentencia,data\sentencia-Extract\1998\sentencia-pdf-1998.csv,,,0,0,True,False
00807-1997-AA,1998,sentencia,data\sentencia-Extract\1998\sentencia-pdf-1998.csv,,,0,0,True,False
00974-1997-AA,1998,sentencia,data\sentencia-Extract\1998\sentencia-pdf-1998.csv,,,0,0,True,False
01111-1997-AA,1998,sentencia,data\sentencia-Extract\1998\sentencia-pdf-1998.csv,,,0,0,True,False
00709-1997-AA,1998,sentencia,data\sentencia-Extract\1998\sentencia-pdf-1998.csv,,,0,0,True,False
00116-1996-AA,1998,sentencia,data\sentencia-Extract\1998\sentencia-pdf-1998.csv,,,0,0,True,False
00678-1997-HC,1998,sentencia,data\sentencia-Extract\1998\sentencia-pdf-1998.csv,,,0,0,True,False
00594-1997-AA,1998,sentencia,data\sentencia-Extract\1998\sentencia-pdf-1998.csv,,,0,0,True,False
01022-1997-AA,1998,sentencia,data\sentencia-Extract\1998\sentencia-pdf-1998.csv,,,0,0,True,False
00948-1996-AA,1998,sentencia,data\sentencia-Extract\1998\sentencia-pdf-1998.csv,,,0,0,True,False
00041-1996-AA,1998,sentencia,data\sentencia-Extract\1998\sentencia-pdf-1998.csv,,,0,0,True,False
00990-1997-AA,1998,sentencia,data\sentencia-Extract\1998\sentencia-pdf-1998.csv,,,0,0,True,False
00045-1996-AA,1998,sentencia,data\sentencia-Extract\1998\sentencia-pdf-1998.csv,,,0,0,True,False
00066-1996-AA,1998,sentencia,data\sentencia-Extract\1998\sentencia-pdf-1998.csv,,,0,0,True,False
01201-1997-AA,1998,sentencia,data\sentencia-Extract\1998\sentencia-pdf-1998.csv,,,0,0,True,False
01224-1997-AA,1998,sentencia,data\sentencia-Extract\1998\sentencia-pdf-1998.csv,,,0,0,True,False
00837-1997-AA,1998,sentencia,data\sentencia-Extract\1998\sentencia-pdf-1998.csv,,,0,0,True,False
00828-1997-HC,1998,sentencia,data\sentencia-Extract\1998\sentencia-pdf-1998.csv,,,0,0,True,False
00769-1997-AA,1998,sentencia,data\sentencia-Extract\1998\sentencia-pdf-1998.csv,,,0,0,True,False
01230-1997-AA,1998,sentencia,data\sentencia-Extract\1998\sentencia-pdf-1998.csv,,,0,0,True,False
00285-1996-AA,1998,sentencia,data\sentencia-Extract\1998\sentencia-pdf-1998.csv,,,0,0,True,False
00207-1997-AA,1998,sentencia,data\sentencia-Extract\1998\sentencia-pdf-1998.csv,,,0,0,True,False
01156-1997-AA,1998,sentencia,data\sentencia-Extract\1998\sentencia-pdf-1998.csv,,,0,0,True,False
00934-1996-AA,1998,sentencia,data\sentencia-Extract\1998\sentencia-pdf-1998.csv,,,0,0,True,False
00999-1997-AA,1998,sentencia,data\sentencia-Extract\1998\sentencia-pdf-1998.csv,,,0,0,True,False
01257-1997-AA,1998,sentencia,data\sentencia-Extract\1998\sentencia-pdf-1998.csv,,,0,0,True,False
00576-1997-AA,1998,sentencia,data\sentencia-Extract\1998\sentencia-pdf-1998.csv,,,0,0,True,False
00392-1997-AA,1998,sentencia,data\sentencia-Extract\1998\sentencia-pdf-1998.csv,,,0,0,True,False
00059-1996-AA,1998,sentencia,data\sentencia-Extract\1998\sentencia-pdf-1998.csv,,,0,0,True,False
00063-1996-AA,1998,sentencia,data\sentencia-Extract\1998\sentencia-pdf-1998.csv,,,0,0,True,False
00578-1997-AA,1998,sentencia,data\sentencia-Extract\1998\sentencia-pdf-1998.csv,,,0,0,True,False
00564-1996-HC,1998,sentencia,data\sentencia-Extract\1998\sentencia-pdf-1998.csv,,,0,0,True,False
00584-1997-AA,1998,sentencia,data\sentencia-Extract\1998\sentencia-pdf-1998.csv,,,0,0,True,False
00704-1997-AA,1998,sentencia,data\sentencia-Extract\1998\sentencia-pdf-1998.csv,,,0,0,True,False
00586-1997-AA,1998,sentencia,data\sentencia-Extract\1998\sentencia-pdf-1998.csv,,,0,0,True,False
00659-1997-AA,1998,sentencia,data\sentencia-Extract\1998\sentencia-pdf-1998.csv,,,0,0,True,False
00112-1998-AA,1998,sentencia,data\sentencia-Extract\1998\sentencia-pdf-1998.csv,,,0,0,True,False
00175-1995-AA,1998,sentencia,data\sentencia-Extract\1998\sentencia-pdf-1998.csv,,,0,0,True,False
00579-1997-AA,1998,sentencia,data\sentencia-Extract\1998\sentencia-pdf-1998.csv,,,0,0,True,False
00580-1997-AA,1998,sentencia,data\sentencia-Extract\1998\sentencia-pdf-1998.csv,,,0,0,True,False
00581-1997-AA,1998,sentencia,data\sentencia-Extract\1998\sentencia-pdf-1998.csv,,,0,0,True,False
00792-1997-AA,1998,sentencia,data\sentencia-Extract\1998\sentencia-pdf-1998.csv,,,0,0,True,False
00345-1996-AA,1998,sentencia,data\sentencia-Extract\1998\sentencia-pdf-1998.csv,,,0,0,True,False
00037-1993-AA,1998,sentencia,data\sentencia-Extract\1998\sentencia-pdf-1998.csv,,,0,0,True,False
00001-1997-AA,1998,sentencia,data\sentencia-Extract\1998\sentencia-pdf-1998.csv,,,0,0,True,False
00561-1996-AA,1998,sentencia,data\sentencia-Extract\1998\sentencia-pdf-1998.csv,,,0,0,True,False
00582-1997-AA,1998,sentencia,data\sentencia-Extract\1998\sentencia-pdf-1998.csv,,,0,0,True,False
00585-1997-AA,1998,sentencia,data\sentencia-Extract\1998\sentencia-pdf-1998.csv,,,0,0,True,False
00587-1997-AA,1998,sentencia,data\sentencia-Extract\1998\sentencia-pdf-1998.csv,,,0,0,True,False
00102-1993-AA,1998,sentencia,data\sentencia-Extract\1998\sentencia-pdf-1998.csv,,,0,0,True,False
00169-1995-AA,1998,sentencia,data\sentencia-Extract\1998\sentencia-pdf-1998.csv,,,0,0,True,False
00650-1997-AA,1998,sentencia,data\sentencia-Extract\1998\sentencia-pdf-1998.csv,"Corporación Peruana de Aeropuertos y Aviación Comercial S.A. representado por don
Ricardo Wilson Cadenillas interpone acción de amparo contra la Municipalidad Distrital de
San Andrés representada por su Alcalde don Juan Vergara Matta, el Ejecutor Coactivo don
Jhon Soto Gamero y el Auxiliar Coacti","Corporación Peruana de Aeropuertos y Aviación Comercial S.A. representado por don Ricardo Wilson Cadenillas interpone acción de amparo contra la Municipalidad Distrital de San Andrés representada por su Alcalde don Juan Vergara Matta, el Ejecutor Coactivo don Jhon Soto Gamero y el Auxiliar Coactivo Adscrito don Carlos Fernández Herrera por violación de sus derechos de propiedad y legítima defensa así como de los principios tributarios consagrados en los artículos 2° numerales 16 y 23 Y artículo 74 de la Constitución Política del Estado, respectivamente. Sostiene la demandante que por resolución de Alcaldía N° 112-96-MDSA de 25 de julio de 1996, se declaró nula la resolución de Alcaldía N° 172/94-MDSA-ALC de 26 de agosto de 1994; por ésta última se dio' por concluído el proceso de fiscalización tributaria de los años 1991, 1992, 1993 Y 1994 recepcionando la Municipalidad a satisfacción las declaraciones juradas rectificatorias de autovalúo de dichos períodos; que no obstante que CORP AC se encontraba en proceso de privatización y que sus activos eran intangibles por disposición del Decreto Ley N° 25604 Y que aún no se había agotado la vía administrativa, el Ejecutor Coactivo de la Municipalidad demandada emitió la resolución N° 02 de 10 de diciembre de 1996, disponiendo se trabe embargo en forma de retención sobre bienes, valores y fondos que CORPA C tiene en el sistema bancario y financiero nacional por las sumas de SI. 989,584.00, SI. 759,136.00 Y SI. 576,063.00; por deudas relativas al Impuesto Predial y a los Terrenos sin Construir, ocasionándose le con ello un daño irreparable. Admitida la demanda, ésta es contestada por don Juan Enrique Vergara Matta, Alcalde de la Municipalidad Distrital de San Andrés, por el Ejecutor y Auxiliar Coactivos; quienes manifiestan que las Resoluciones de Determinación N° 026-96 MDSA, 027-96 MDSA y 028-96 MDSA y 029-96 MDSA y las Resoluciones de Multa Nos. 026-96 MDSA, 027-96 MDSA, 028-96 MDSA y 029-96 MDSA por concepto de Impuesto al Patrimonio Predial correspondiente a los años 1992 a 1995, devinieron en deudas exigibles en aplicación del artículo 115 del Código Tributario aprobado por Decreto Legislativo N° 816, así como la Resolución de Determinación N° 01194 MDSA-AT por concepto del Impuesto a los Terrenos sin Construir. Asimismo señalan los demandados que el Decreto Ley N° 25604 no impide el inicio del procedimiento de cobranza coactiva y que de conformidad con el artículo 119° del Código Tributario, ninguna autoridad ni órgano administrativo, ni judicial podrá suspender el procedimiento coactivo con excepción del ejecutor coactivo. Con fecha diez de febrero de 1997 el Juez Provisional Especializado en lo Civil de Pisco, expide resolución declarando fundada la demanda; interpuesto el recurso de apelación, la Sala Mixta Transitoria de Chincha de la Corte Superior de Justicia de lea por resolución de 2 de junio de 1997 revoca la apelada y reformándola declara infundada la demanda. Interpuesto el recurso extraordinario, los autos son elevados al Tribunal Constitucional.",3097,3061,False,False
01206-1997-AA,1998,sentencia,data\sentencia-Extract\1998\sentencia-pdf-1998.csv,,,0,0,True,False
00254-1996-AA,1998,sentencia,data\sentencia-Extract\1998\sentencia-pdf-1998.csv,,,0,0,True,False
00288-1997-AA,1998,sentencia,data\sentencia-Extract\1998\sentencia-pdf-1998.csv,,,0,0,True,False
00305-1997-AA,1998,sentencia,data\sentencia-Extract\1998\sentencia-pdf-1998.csv,,,0,0,True,False
00321-1997-AA,1998,sentencia,data\sentencia-Extract\1998\sentencia-pdf-1998.csv,,,0,0,True,False
00330-1997-AA,1998,sentencia,data\sentencia-Extract\1998\sentencia-pdf-1998.csv,,,0,0,True,False
00142-1997-AA,1998,sentencia,data\sentencia-Extract\1998\sentencia-pdf-1998.csv,,,0,0,True,False
00143-1996-AA,1998,sentencia,data\sentencia-Extract\1998\sentencia-pdf-1998.csv,,,0,0,True,False
00202-1995-AA,1998,sentencia,data\sentencia-Extract\1998\sentencia-pdf-1998.csv,,,0,0,True,False
00514-1997-HC,1998,sentencia,data\sentencia-Extract\1998\sentencia-pdf-1998.csv,,,0,0,True,False
00968-1997-AA,1998,sentencia,data\sentencia-Extract\1998\sentencia-pdf-1998.csv,,,0,0,True,False
00633-1997-AC,1998,sentencia,data\sentencia-Extract\1998\sentencia-pdf-1998.csv,,,0,0,True,False
00897-1997-AC,1998,sentencia,data\sentencia-Extract\1998\sentencia-pdf-1998.csv,,,0,0,True,False
00708-1997-AA,1998,sentencia,data\sentencia-Extract\1998\sentencia-pdf-1998.csv,,,0,0,True,False
00080-1996-AA,1998,sentencia,data\sentencia-Extract\1998\sentencia-pdf-1998.csv,,,0,0,True,False
00452-1997-AA,1998,sentencia,data\sentencia-Extract\1998\sentencia-pdf-1998.csv,,,0,0,True,False
00395-1996-HC,1998,sentencia,data\sentencia-Extract\1998\sentencia-pdf-1998.csv,,,0,0,True,False
00360-1997-AA,1998,sentencia,data\sentencia-Extract\1998\sentencia-pdf-1998.csv,,,0,0,True,False
00839-1997-AA,1998,sentencia,data\sentencia-Extract\1998\sentencia-pdf-1998.csv,,,0,0,True,False
00546-1996-AA,1998,sentencia,data\sentencia-Extract\1998\sentencia-pdf-1998.csv,,,0,0,True,False
00492-1997-AC,1998,sentencia,data\sentencia-Extract\1998\sentencia-pdf-1998.csv,,,0,0,True,False
00189-1996-HC,1998,sentencia,data\sentencia-Extract\1998\sentencia-pdf-1998.csv,"Don Efraín Villegas Barriga, a favor de doña Petroni1a Angélica Villegas Barriga,
interpuso la presente Acción de Hábeas Corpus contra el Instituto de Salud Mental
""Honorio Delgado - Hideyo Noguchi"" por presunto atentado contra la libertad personal e
,
,
,
•
internamiento contra su voluntad e","Don Efraín Villegas Barriga, a favor de doña Petroni1a Angélica Villegas Barriga, interpuso la presente Acción de Hábeas Corpus contra el Instituto de Salud Mental ""Honorio Delgado - Hideyo Noguchi"" por presunto atentado contra la libertad personal e , , , • internamiento contra su voluntad en dicho nosocomio. El denunciante fundamenta su acción de garantía en que: 1) el diecisiete de noviembre de mil novecientos noventa y cinco, su hermana, doña Petronila Villegas Barriga, fue internada -por una supuesta enfermedad mental- en el Instituto de Salud Mental ""Honorio Delgado-Hideyo Noguchi"", luego de haber sido brutalmente golpeada por su esposo, Enrique Cabezas Meza; y, 2) el referido hecho fue utilizado para ocultar ""el ilícito actuar"" (sic) de don Enrique Cabezas Meza, porque su hermana jamás padeció enfermedad mental ni estuvo bajo tratamiento mental alguno. A fojas siete obra la inspección ocular realizada el veintiuno de noviembre de mil novecientos noventa y cinco. En dicha diligencia, el doctor José López Rodas explicó que doña Petronila Villegas Barriga fue conducida al nosocomio por su esposo, don Enrique Cabezas Meza, y fue atendida por el doctor Eduardo Bernal García que diagnosticó síndrome sicosomático y paranoide, y por ello fue internada inmediatamente. La supuesta agraviada declaró que el quince de noviembre de mil novecientos noventa y cinco fue golpeada por su esposo y mostró sus antebrazos con hematomas muy pronunciadas. Respondió de manera coherente, correctamente y con desenvoltura. Dijo que se encontraba recluida contra su voluntad y que se le impedía salir del hospital. La enfermera de turno señaló que la paciente no había mostrado comportamiento agresivo y que había cumplido con la medicación indicada. El Juez del Cuarto Juzgado en lo Penal del Distrito Judicial del Cono Norte ordenó la inmediata libertad de doña Petronila Villegas Barriga y fue entregada, bajo tutela, a su hermano, don Manuel Efraín Villegas Barriga, presente en dicha diligencia. El Juez del Cuarto Juzgado Penal del Cono Norte de Lima, con fecha veintitrés de noviembre de mil novecientos noventa y cinco, declaró improcedente la Acción de Hábeas Corpus interpuesta por considerar que no se ha podido establecer con pruebas fehacientes que el internamiento de la supuesta agraviada se hizo de manera irregular o arbitraria, que se restringió su libertad personal o se le halla incomunicada ilegalmente. La Sala Superior Mixta Descentralizada del Distrito judicial del Cono Norte de Lima, con fecha veintinueve de enero de mil novecientos noventa y seis, confirmó la resolución de primera instancia que declaró improcedente la Acción de Hábeas Corpus interpuesta. Contra esta última resolución el accionante interpone recurso extraordinario, elevándose los actuados al Tribunal Constitucional. • • • • • os: FUND 1. Que la Acción de Hábeas Corpus procede cuando se viola o amenaza el derecho a la libertad individual y conexos y por ello, dentro de la sumaria investigación, es imprescindible acreditar la alegada violación o amenaza del derecho constitucional. , • 2. Que, en el caso de autos, no se ha podido establecer con pruebas fehacientes que el internamiento de la supuesta agraviada se hizo de manera irregular o arbitraria, que se restringió su libertad personal o se le incomunicó ilegalmente. Por estos fundamentos, el Tribunal Constitucional, haciendo uso de las atribuciones que le confiere la Constitución y su Ley Orgánica,",3519,3463,False,False
00753-1996-AA,1998,sentencia,data\sentencia-Extract\1998\sentencia-pdf-1998.csv,,,0,0,True,False
00712-1997-AA,1998,sentencia,data\sentencia-Extract\1998\sentencia-pdf-1998.csv,,,0,0,True,False
00627-1996-AA,1998,sentencia,data\sentencia-Extract\1998\sentencia-pdf-1998.csv,,,0,0,True,False
00432-1997-HC,1998,sentencia,data\sentencia-Extract\1998\sentencia-pdf-1998.csv,,,0,0,True,False
00220-1996-AA,1998,sentencia,data\sentencia-Extract\1998\sentencia-pdf-1998.csv,,,0,0,True,False
00939-1996-HC,1998,sentencia,data\sentencia-Extract\1998\sentencia-pdf-1998.csv,"El accionante sustenta su reclamo en el hecho de haberse violado por parte de los
emplazados, su libertad individual dentro de la modalidad de libre tránsito. Especifica que
en circunstancias que se apersonó a su domicilio sito en el Pasaje Las Cautivas N° 431-02,
Breña, el Suboficial PNP Eduardo","El accionante sustenta su reclamo en el hecho de haberse violado por parte de los emplazados, su libertad individual dentro de la modalidad de libre tránsito. Especifica que en circunstancias que se apersonó a su domicilio sito en el Pasaje Las Cautivas N° 431-02, Breña, el Suboficial PNP Eduardo Palacios Santos y la emplazada doña Patricia Palacios Santos le han impedido ingresar al mismo alegando el tener órdenes del Jefe de la Delegación Policial de Breña, Comandante de la Policía Nacional Luis Hermoza Ortega y que incluso se ha dispuesto colocar guardia permanente en la parte frontal del citado inmueble. En tal sentido, agrega, que se le viene causando perjuicios materiales y morales, ya que en su domicilio se encuentran sus pertenencias, así como diversos documentos que los requiere en su condición de abogado. 7. Admitida la acción por el Juzgado Especializado en lo Penal Lima de Tumo Permanente, se dispone practicar las diligencias de ley, constituyéndose el Juez al lugar de los hechos, llegándose a entrevistar con doña Patricia Palacios Santos, quien manifestó ser prima del accionante y que aquel reside en el lugar en calidad de hospedado, pero que no obstante no cumplir con los diversos pagos a que está obligado, en ningún momento se le ha impedido ingresar a dicho lugar. Por otra parte indica que el Suboficial PNP Eduardo Palacios Santos es su hermano pero hace mucho tiempo que no los visita, también de otro lado al emplazado de apellido Márquez y al Comandante PNP Luis Hermoza Ortega. Por último el Juzgado inspeccionó el lugar constatando la inexistencia de vigilancia policial. Recibida, por otro lado, la declaración del Comandante PNP Luis Hermoza Ortega, este se limita a señalar que es falso que haya dispuesto su Despacho, impedir el ingreso del accionante a su domicilio o colocar vigilancia en el mismo y que no conoce al suboficial PNP de nombre Eduardo Palacios Santos, pues no labora en su comandancia. Que, más bien, ha sido el Suboficial PNP Erick Talledo León, quien a solicitud de doña Patricia Palacios Santos, realizó una constatación en la chapa de la puerta principal del inmueble referido, encontrándose con que aquella se encontraba averiada. De fojas veintisiete a veintiocho y con fecha diez de setiembre de mil novecientos noventa y seis, el Cuadragésimo Cuarto Juzgado Especializado en lo Penal de Lima, expide resolución declarando infundada la acción principalmente por considerar: Que, no ha existido violación o amenaza a los derechos del accionante, tal y como se corrobora con la constatación efectuada por el Juzgado en el domicilio del recurrente y en donde no se encontró ningún efectivo policial que impidiera el libre ingreso y que en todo caso sólo existen desaveniencias personales entre el actor y doña Patricia Palacios Santos. Interpuesto recurso de apelación por el accionante, los autos son elevados a la Sala de Derecho Público de la Corte Superior de Justicia de Lima, la que a fojas cincuenta y nueve y con fecha dieciséis de octubre de mil novecientos noventa y seis, confirma la resolución apelada en la parte que declara infundada la acción de hábeas corpus contra el Comandante PNP Luis Hermoza Ortega y el mayor de apellido Márquez, por no haberse acreditado violación a los derechos constitucionales de parte de aquellos, pero en cambio la revoca en el extremo en que declara infundada la acción contra don Eduardo Palacios Santos y doña Patricia Palacios Santos, declarándola fundada en dicho extremo, por considerar: a) que, la Sala por resolución del cinco de setiembre pasado, expediente N° 534-96 ordenó a los denunciados don Eduardo Palacios Santos y doña Patricia Palacios Santos que se abstengan de realizar actos que perturben o limiten el libre tránsito del actor; b) que, siendo evidente la situación de desaveniencias entre el accionante y sus primos, que habitan en el mismo inmueble, es necesario poner fin a dicha situación. Contra esta resolución el accionante interpone recurso de nulidad, por lo que de conformidad con el inciso segundo de la Cuarta Disposición Transitoria de la Ley N° 26435, Y entendiendo dicho recurso como ""Extraordinario"" se dispuso el envío de los autos al Tribunal Constitucional. FUNDAMENTOS: 1. Que, conforme se aprecia del Acta de Constatación obrante de fojas siete a ocho de los autos, no se ha llegado a acreditar los actos de restricción que denuncia el accionante, haberse producido en contra de su libertad individual en la modalidad de libre tránsito. 2. Que, si en el pasado se produjo actos como los que se reclaman en la presente causa, y fue a instancia de ello que se amparó la pretensión reclamada, como se consigna en la resolución de fojas cuarenta y uno y cuarenta y dos de los autos, expedida en un proceso de habeas corpus anterior, en la actualidad y como se ha señalado en el párrafo precedente, los actos denunciados han dejado de producirse. 3. Que por consiguiente, si no existe un acto de actual violación o amenaza de violación de la libertad individual, el presente habeas corpus carece de sustento. Por estos fundamentos, el Tribunal Constitucional, en uso de las atribuciones conferidas por la Constitución, su Ley Orgánica N° 26435 y la Ley N° 26801;",5275,5212,False,False
00683-1996-AA,1998,sentencia,data\sentencia-Extract\1998\sentencia-pdf-1998.csv,,,0,0,True,False
01041-1996-AA,1998,sentencia,data\sentencia-Extract\1998\sentencia-pdf-1998.csv,,,0,0,True,False
00364-1997-AA,1998,sentencia,data\sentencia-Extract\1998\sentencia-pdf-1998.csv,,,0,0,True,False
00618-1997-AA,1998,sentencia,data\sentencia-Extract\1998\sentencia-pdf-1998.csv,,,0,0,True,False
01073-1996-AA,1998,sentencia,data\sentencia-Extract\1998\sentencia-pdf-1998.csv,,,0,0,True,False
00685-1996-AA,1998,sentencia,data\sentencia-Extract\1998\sentencia-pdf-1998.csv,,,0,0,True,False
01193-1997-AC,1998,sentencia,data\sentencia-Extract\1998\sentencia-pdf-1998.csv,"El demandante sustenta su acción en la renuencia del Alcalde de Lima
Metropolitana a abonarle un derecho económico y específico, consistente en un Premio
Pecuniario y Bonificación Personal por haber cumplido veinticinco años de servicios,
ascendente a la suma de ocho mil ciento doce nuevos soles ","El demandante sustenta su acción en la renuencia del Alcalde de Lima Metropolitana a abonarle un derecho económico y específico, consistente en un Premio Pecuniario y Bonificación Personal por haber cumplido veinticinco años de servicios, ascendente a la suma de ocho mil ciento doce nuevos soles con sesenta céntimos, establecido por la Resolución Directoral No. 468-95-0GA-DMA-MLM del seis de noviembre de mil novecientos noventa y cinco, ésta última, expedida por la Oficina General de Administración de la citada Municipalidad. Adjunta para estos efectos, la Carta Notarial cursada el cinco de diciembre de mil novecientos noventa y seis, con lo que acredita haber agotado la vía previa a la que se encontraba obligado. Admitida la acción a trámite por el Primer Juzgado Especializado en Derecho que Público, se dispone su traslado a la Municipalidad de Lima Metropoli~ana,la. por intermedio de su representante legal, la contesta negándola y contradiciéndola por considerar: ""que la acción de cumplimiento es improcedente por cuanto el señor Alcalde de la Municipalidad de Lima Metropolitana, no ha sido renuente a acatar norma legal o acto administrativo alguno, sino que por el contrario, viene cumpliendo con todas las disposiciones legales; Que al asumir sus funciones la actual administración municipal, en vista de la situación caótica e insostenible de la Municipalidad y en aras de restablecerla y recuperarla, se dispuso, que la Asesoría Legal emitiera opinión sobre la validez de los ""compromisos"", ""acuerdos"", ""pactos"" y ""actas"" suscritos por las anteriores 11) administraciones municipales, llegándose a la conclusión, mediante Informe Legal, del doce de enero de mil novecientos noventa y seis, que los citados ""compromisos"" y otros celebrados por la Municipalidad de Lima Metropolitana con las organizaciones sindicales SITRAMUN-LIMA y SITRAOML, entre los años mil novecientos ochenta y ocho; y mil novecientos noventa y cinco, son nulos, motivo por el que se expidió la Resolución de Alcaldía No. 044-A-96-MLM disponiéndose entre otras cosas: a) La revisión de planillas de sueldos y salarios, y la documentación relativa a remuneraciones, beneficios sociales, pensiones y demás conceptos laborales de la Municipalidad de Lima Metropolitana, a efectos de determinarse las cantidades que deben ser de abono y las que se hubieran pagado en exceso; b) Establecer una escala remunerativa transitoria que rige desde enero de mil novecientos noventa y seis, c) Poner en conocimiento de la Contraloría General de la República el Informe de Asesoría Legal Externa; d) Solicitar a la misma Contraloría su pronunciamiento sobre los ""acuerdos"" y otros celebrados por la Municipalidad de Lima Metropolitana entre los años mil novecientos ochenta y ocho, y mil novecientos noventa y cinco y las recomendaciones del caso; e) Que la Resolución Directoral de la Oficina General de Administración N° 468-95-0GA-DMA-MLM no tiene efecto legal alguno, en razón de haber contrariado las normas de austeridad contenidas en el artículo 19° de la Ley N° 26404, Ley del Presupuesto del Sector Público para mil novecientos noventa y cinco"". Por último, el representante de la Municipalidad de Lima Metropolitana, deduce excepción de caducidad. De fojas cincuenta y siete a cincuenta y nueve, con fecha diez de febrero de mil novecientos noventa y siete, el Primer Juzgado Especializado de Derecho Público expide sentencia declarando fundada la demanda interpuesta, por considerar: a) Que el demandante ha ejercitado su acción después de haber agotado la vía previa; b) Que el argumento de la emplazada, sobre la Resolución Directoral, la cual no tendría efecto legal alguno por contrariar normas de austeridad; no es atendible, porque dicha resolución no es materia de la presente controversia en cuanto a su eficacia como resolución administrativa y porque tampoco se ha demostrado que las Resoluciones de Alcaldía N° 1120, la N° 1603-86 Y el Acuerdo de Trato Directo, del diez de octubre de mil novecientos ochenta y nueve, que le sirven de sustento, han sido cuestionados y ni han obtenido decisión favorable que los invalide, por lo que su eficacia continúa subsistiendo; c) Que, además la validez de un Acuerdo de Trato Directo mantiene su vigencia mientras no se discuta en juicio su nulidad, por lo que la Resolución Directoral N° 468-95-0GA-DMA-MLM resulta exigible, tratándose de una resolución administrativa que ha causado estado. Interpuesto recurso de apelación por la emplazada, los autos son remitidos a la Tercera Fiscalía Superior en lo Civil para efectos de la vista correspondiente, y devueltos éstos con dictamen que se pronuncia por que se confirme la apelada. La Sala Especializada en Derecho Público, con fecha siete de octubre de mil novecientos noventa y siete, a fojas ciento veinte, revoca la resolución apelada y reformándola declara improcedente la acción por considerar: a) Que la Resolución de Alcaldía No. 044-A-96, dispuso en su artículo 1°, la inmediata revisión de las planillas de sueldos y salarios, así como de toda la documentación contable relativa a remuneraciones, beneficios sociales, pensiones, y demás conceptos atinentes a la problemática laboral de la Municipalidad de Lima Metropolitana, a efecto de determinar, en concordancia con las disposiciones legales, las cantidades que deben ser de abono, así como las que pudieran haberse pagado en exceso; estableciendo en su artículo 2°, en tanto se realice la revisión, una escala remunerativa de carácter transitorio; b) Que, teniendo plena validez la precitada resolución al no haberse declarado su ineficacia o invalidez, conserva vigencia y por ende la conducta del demandado debe adecuarse a la misma, quedando en tanto suspendido el cumplimiento de las pretensiones del demandante, dado que al estar contenidas en la norma ya glosada, no se hayan expeditas para ejecutarse, sino pendientes de determinación, conforme a lo establecido en la citada resolución. Contra esta resolución el accionante interpone recurso extraordinario, por lo que de conformidad con los dispositivos legales vigentes, se dispone el envío de los autos al",6196,6124,False,False
00700-1996-AA,1998,sentencia,data\sentencia-Extract\1998\sentencia-pdf-1998.csv,,,0,0,True,False
00023-1993-AA,1998,sentencia,data\sentencia-Extract\1998\sentencia-pdf-1998.csv,,,0,0,True,False
00965-1997-AA,1998,sentencia,data\sentencia-Extract\1998\sentencia-pdf-1998.csv,,,0,0,True,False
00801-1996-AA,1998,sentencia,data\sentencia-Extract\1998\sentencia-pdf-1998.csv,,,0,0,True,False
00207-1996-AC,1998,sentencia,data\sentencia-Extract\1998\sentencia-pdf-1998.csv,,,0,0,True,False
00534-1996-AA,1998,sentencia,data\sentencia-Extract\1998\sentencia-pdf-1998.csv,,,0,0,True,False
00514-1996-AA,1998,sentencia,data\sentencia-Extract\1998\sentencia-pdf-1998.csv,,,0,0,True,False
00123-1995-AA,1998,sentencia,data\sentencia-Extract\1998\sentencia-pdf-1998.csv,,,0,0,True,False
00896-1997-AA,1998,sentencia,data\sentencia-Extract\1998\sentencia-pdf-1998.csv,,,0,0,True,False
00192-1997-AA,1998,sentencia,data\sentencia-Extract\1998\sentencia-pdf-1998.csv,,,0,0,True,False
00046-1997-AA,1998,sentencia,data\sentencia-Extract\1998\sentencia-pdf-1998.csv,,,0,0,True,False
00988-1997-AA,1998,sentencia,data\sentencia-Extract\1998\sentencia-pdf-1998.csv,,,0,0,True,False
00933-1997-AA,1998,sentencia,data\sentencia-Extract\1998\sentencia-pdf-1998.csv,,,0,0,True,False
01042-1997-AC,1998,sentencia,data\sentencia-Extract\1998\sentencia-pdf-1998.csv,,,0,0,True,False
00666-1996-HD,1998,sentencia,data\sentencia-Extract\1998\sentencia-pdf-1998.csv,,,0,0,True,False
00149-1996-HC,1998,sentencia,data\sentencia-Extract\1998\sentencia-pdf-1998.csv,,,0,0,True,False
00163-1997-AA,1998,sentencia,data\sentencia-Extract\1998\sentencia-pdf-1998.csv,,,0,0,True,False
00199-1995-AA,1998,sentencia,data\sentencia-Extract\1998\sentencia-pdf-1998.csv,,,0,0,True,False
00580-1996-HC,1998,sentencia,data\sentencia-Extract\1998\sentencia-pdf-1998.csv,,,0,0,True,False
01250-1997-AA,1998,sentencia,data\sentencia-Extract\1998\sentencia-pdf-1998.csv,,,0,0,True,False
00244-1996-AA,1998,sentencia,data\sentencia-Extract\1998\sentencia-pdf-1998.csv,,,0,0,True,False
01286-1997-AA,1998,sentencia,data\sentencia-Extract\1998\sentencia-pdf-1998.csv,,,0,0,True,False
00186-1996-AA,1998,sentencia,data\sentencia-Extract\1998\sentencia-pdf-1998.csv,,,0,0,True,False
00845-1996-AA,1998,sentencia,data\sentencia-Extract\1998\sentencia-pdf-1998.csv,"Vicariato Apostólico de San José del Amazonas, debidamente representado por su
Obispo-Vicario Monseñor Lorenzo Rodolfo Guibord Levesque interpone Acción de
Amparo contra la Gerencia Departamental del Instituto Peruano de Seguridad Social -
Región Loreto por violación de su derecho constitucional ","Vicariato Apostólico de San José del Amazonas, debidamente representado por su Obispo-Vicario Monseñor Lorenzo Rodolfo Guibord Levesque interpone Acción de Amparo contra la Gerencia Departamental del Instituto Peruano de Seguridad Social - Región Loreto por violación de su derecho constitucional a la propiedad. Sostiene la entidad demandante que la entidad demandada, sin reparar en el Acuerdo entre la Santa Sede y la República del Perú, aprobado mediante Decreto Ley N° 23211, por la que se exonera a la Iglesia Católica del pago de cualquier tributo, evacuó un acta de inspección en la que observaba su Caja Regular, tras no contar con el Libro-Caja así como otros libros de contabilidad. Alega que como consecuencia de ello se les pretende cobrar, coactivamente, la suma de ocho mil trescientos cinco con cuarenta y seis centavos de nuevo sol, lo que supone una afectación de su derecho constitucional a la propiedad. Admitida la demanda, ésta es contestada por la Gerencia Departamental del Instituto V Peruano de Seguridad Social de Loreto, quien solicita se declare improcedente la demanda, ya que: a) La entidad demandante no ha agotado la vía previa, pues no obstante haber interpuesto su Recurso de Apelación ante el Tribunal Fiscal, éste no esperó que se resolviera pese a encontrarse aún dentro del plazo legalmente exigido; b) Están obligados a 17J llevar el Libro Caja, ya que con ello se registran los ingresos y egresos de la Institución; c) El IPSS no ha violado derecho constitucional alguno, pues la Resolución de Gerencia @ cuestionada, por la que se dispone la cobranza coactiva, ha sido expedida de acuerdo al artículo 79° del Decreto Supremo N° 018-78-TR; d) Si bien las asignaciones personales de los religiosos no están sujetos al pago de impuestos, existe la obligación de ésta de probar tal condición, pues en caso contrario, se tendría que considerar que el personal fuera de planillas, percibe remuneraciones. Con fecha treinta de mayo de mil novecientos noventa y seis, el Primer Juzgado Especializado en lo Civil de Maynas, expide resolución declarando fundada la excepción de falta de agotamiento de la vía previa, y nulo todo lo actuado. Interpuesto el Recurso de Apelación, con fecha diecisiete de setiembre de mil novecientos noventa y seis, la Sala Civil de la Corte Superior de Justicia de Loreto expide resolución confirmando la apelada. Interpuesto el Recurso Extraordinario, los autos son elevados al Tribunal Constitucional. FUNDAMENTOS: 1. Que, según aparece del petitorio de la demanda, el objeto de ésta es que se deje sin efecto la Resolución de Gerencia Departamental de Loreto N° 028-IPSS-GDLO-95, tras considerarse que ella vulnera el derecho constitucional a la propiedad. 2. Que, siendo ello así, y según se está a los documentos obrantes en autos, la pretensión de la entidad demandante deberá de desestimarse, ya que: a) Según se está al documento obrante a fojas veintiséis, la resolución administrativa N° 028-IPSS-GDLO-95, que se pretende cuestionar a través de la Acción de Amparo, fue impugnada por la entidad accionante, con fecha veinte de marzo de mil novecientos noventa y seis, con el objeto de que fuera revisada por el Tribunal Fiscal; b) No obstante ello, y aún cuando el previo procedimiento administrativo no había concluido, la entidad demandada, con fecha veinticuatro de abril de mil novecientos noventa y seis, optó por acudir a la vía del Amparo, sin que hubiera operado algunas de las excepciones a que se refiere el artículo 28° de la Ley N° 23506. Por estos fundamentos, el Tribunal Constitucional, en ejercicio de las atribuciones que la Constitución y su Ley Orgánica le confieren;",3707,3660,False,False
00304-1997-AA,1998,sentencia,data\sentencia-Extract\1998\sentencia-pdf-1998.csv,,,0,0,True,False
00724-1997-AA,1998,sentencia,data\sentencia-Extract\1998\sentencia-pdf-1998.csv,,,0,0,True,False
01238-1997-AA,1998,sentencia,data\sentencia-Extract\1998\sentencia-pdf-1998.csv,,,0,0,True,False
00357-1996-HC,1998,sentencia,data\sentencia-Extract\1998\sentencia-pdf-1998.csv,,,0,0,True,False
00484-1997-AA,1998,sentencia,data\sentencia-Extract\1998\sentencia-pdf-1998.csv,,,0,0,True,False
01059-1997-AC,1998,sentencia,data\sentencia-Extract\1998\sentencia-pdf-1998.csv,"El demandante interpone su acción sustentando su reclamo en la renuencia del Alcalde de
Lima Metropolitana a abonarle sus derechos económicos consistentes en: a). El Premio
Pecuniario por haber cumplido treinta años de servicios ascendente a la suma de seis mil
cuatrocientos treinta y un nuevos s","El demandante interpone su acción sustentando su reclamo en la renuencia del Alcalde de Lima Metropolitana a abonarle sus derechos económicos consistentes en: a). El Premio Pecuniario por haber cumplido treinta años de servicios ascendente a la suma de seis mil cuatrocientos treinta y un nuevos soles con veintidós céntimos, establecido por la Resolución Directoral No. l61-95-DGA-DMA-MLM del veintisiete de marzo de mil novecientos noventa y cinco; b). Remuneraciones, bonificaciones y pensiones dejadas de abonar por la Municipalidad de Lima, desde mil novecientos noventa y dos hasta setiembre de mil novecientos noventa y cinco, ascendente a la suma de veinticuatro mil ciento setenta y seis nuevos soles con veinte céntimos, suma que se haya contenida en el cuadro de devengados; c). El incremento salarial ascendente a ciento cincuenta nuevos soles dispuesto por el Gobierno Central mediante Decreto de Urgencia No. 37-94 del once de julio de mil novecientos noventa y cuatro; d). Remuneraciones de los meses de octubre, noviembre y diciembre de mil novecientos noventa y cinco no abonadas oportunamente por la gestión municipal del Ex-Alcalde Ricardo Belmont ascendente a mil sesenta y un soles con ochenta y siete céntimos; e). El diferencial correspondiente a la disminución de remuneraciones que como trabajador municipal viene sufriendo desde enero de mil novecientos noventa y seis y a consecuencia de aplicársele la Resolución de Alcaldía N° 044-A-96-MLM; f). Bonificaciones y Gratificaciones, como el día de Lima, Escolaridad, Primero de Mayo, y Fiestas Patrias mencionadas en el citado cuadro de devengados; y g). Compensación por Tiempo de Servicios que asciende a un sueldo integro por cada año, teniendo el demandante un total de treinta y uno; razones todas estas por las que solicita se ordene el cumplimiento mediante pago de la emplazada de todos los derechos económicos que se le adeuda. Adjunta para estos efectos la Carta Notarial cursada el veinticinco de junio de mil novecientos noventa y seis, con lo que acredita haber agotado la vía previa a la que se encontraba obligado. Admitida la acción a trámite por el Segundo Juzgado Especializado en Derecho Público, se dispone su traslado a la Municipalidad de Lima, quien por intermedio de su representante legal, la contesta negándola y contradiciéndola principalmente por considerar: Que, la Acción de Cumplimiento es improcedente por cuanto el Alcalde de la Municipalidad de Lima, no ha sido renuente a acatar norma legal o acto administrativo alguno, sino que por el contrario, viene cumpliendo con todas las disposiciones legales; Que, las sumas que el demandante reclama, no le corresponden por ser ilegales, como ocurre en el caso de la Compensación por Tiempo de Servicios, que el demandante considerara cancelable a razón de un sueldo integro por afio, cuando a los servidores municipales, conforme el artículo 52° de la Ley No. 23853, se les otorga la misma al momento del cese por el importe del cincuenta por ciento de su remuneración principal; Que, al asumir sus funciones la actual administración municipal en vista de la situación caótica e insostenible de la Municipalidad de Lima Metropolitana yen aras de restablecerla y recuperarla, se dispuso, que la Asesoría Legal emitiera opinión sobre la validez de los ""Compromisos"", ""Acuerdos"", ""Pactos"" y ""Actas"" suscritas por las anteriores administraciones municipales, llegándose a la conclusión, mediante Informe Legal del doce de enero de mil novecientos noventa y seis, que los citados ""Compromisos"" y otros, celebrados por la Municipalidad de Lima con las organizaciones sindicales SITRAMUN-LIMA y SITRAOML, entre los años mil novecientos ochenta y ocho y mil novecientos noventa y cinco, son nulos, motivo por el que se expidió la Resolución de Alcaldía No. 044-A-96-MLM disponiéndose entre otras cosas: a). La revisión de planillas de sueldos y salarios y la documentación relativa a remuneraciones, beneficios sociales, pensiones y demás conceptos laborales de la Municipalidad de Lima, a efectos de determinarse las cantidades que deben ser de abono y las que se hubieran pagado en exceso; b). Establecer una escala remunerativa transitoria que rige desde enero de mil novecientos noventa y seis; c). Poner en conocimiento de la Contraloría General de la República el Informe de Asesoría Legal Externa; d). Solicitar a la misma Contraloría su pronunciamiento sobre los ""Acuerdos"" y otros, celebrados por la Municipalidad de Lima Metropolitana entre los afias mil novecientos ochenta y ocho, y mil novecientos noventa y cinco y las recomendaciones del caso. Por último el representante de la Municipalidad de Lima Metropolitana, deduce excepción de falta de agotamiento de la vía administrativa. De fojas 101 a 105, Y con fecha veintiséis de setiembre de mil novecientos noventa y seis, el Segundo Juzgado Especializado en Derecho Público expide sentencia declarando fundada en parte la demanda interpuesta, principalmente por considerar: Que, la Acción de Cumplimiento procede contra cualquier autoridad o funcionario renuente a acatar una norma legal o un acto administrativo; Que, es obligación del funcionario dar cumplimiento a los actos que emanen de una decisión administrativa que se encuentra firme o que ha .c ausado estado, maxime, cuando la obligación en su cumplimiento afecta el derecho del ciudadano, quien no tiene por que ser afectado por las responsabilidades que existan en la administración; Que, el demandante solo ha acreditado que la Municipalidad demandada es renuente a dar cumplimiento a la Resolución Directoral N° 161-95-DGA-DMA-MLM, mediante la que se reconoce al demandante el relativo al Premio Pecuniario por haber cumplido treinta años de servicios, resolución que se encuentra firme y que no ha sido dejada sin efecto; Que, el demandante no ha acreditado que la demandada este adeudando las sumas que se precisan en los numerales segundo a sétimo de su escrito, las que no estando establecidas de modo incontrovertible deben ser determinadas en un procedimiento aparte; Que, la Resolución de Alcaldía N° 044-A-96-MLM Y a la que se hace referencia en la contestación de la demanda, no tiene fuerza legal para detener la ejecución o impedir el cumplimiento de la Resolución Directoral N° 161-95-DGA-DMA-MLM a tenor de lo establecido en el artículo 110° del Texto Unico de Normas Generales y Procedimientos Administrativos o Decreto Supremo N° 02-94-JUS; Que, la excepción de falta de agotamiento de la vía previa debe desestimarse , ya que ésta última si fue cumplida por el demandante. Interpuesto recurso de apelación por la demandada y por el demandante, los autos son remitidos a la Segunda Fiscalía Superior de Derecho Público para efectos de la vista correspondiente, y devueltos estos con Dictamen que se pronuncia por que se revoque la apelada en el extremo en que se declara fundada y reformándose, se declare improcedente, la Sala Especializada en Derecho Público, con fecha cuatro de setiembre de mil novecientos noventa y siete, y de fojas 182 a 183, revoca la resolución apelada en el extremo en que declara fundada en parte la demanda y reformándola declararon improcedente la demanda principalmente por considerar: Que, la resolución de Alcaldía No. 044-A-96, dispuso en su artículo 1 la inmediata revisión de las planillas de sueldos y salarios, así como de toda la 0, documentación contable relativa a remuneraciones, beneficios sociales, pensiones, y demás conceptos atinentes a la problemática laboral de la Municipalidad de Lima Metropolitana, a los efectos de determinar, en concordancia con las disposiciones legales, las cantidades que deben ser de abono, así como las que pudieran haberse pagado en exceso, estableciendo en su artículo 2°, y en tanto se realice la revisión, una escala remunerativa de carácter transitorio; Que, teniendo plena validez la precitada resolución a! no haberse declarado su ineficacia o invalidez, conserva vigencia y por ende la conducta del demandado debe adecuarse a la misma, quedando en tanto suspendido el cumplimiento de las pretensiones del demandante, dado que al estar contenidas en la norma ya glosada no se hayan expeditas para ejecutarse, sino pendientes de determinación conforme a lo establecido en la citada resolución; Que, de otro lado, las pretensiones de incumplimiento de pago de 1) remuneraciones requieren en todo caso, mayor probanza, la misma que debe efectuarse en sede común, no siendo las pretensiones contenidas en la Acción de Cumplimiento factibles de ser ejercitadas. Contra esta resolución el demandante interpone recurso extraordinario,. por lo que de conformidad con los dispositivos legales vigentes, se dispone el envío de los autos al",8806,8704,False,False
00687-1996-AA,1998,sentencia,data\sentencia-Extract\1998\sentencia-pdf-1998.csv,,,0,0,True,False
01187-1997-AC,1998,sentencia,data\sentencia-Extract\1998\sentencia-pdf-1998.csv,,,0,0,True,False
00036-1997-AA,1998,sentencia,data\sentencia-Extract\1998\sentencia-pdf-1998.csv,,,0,0,True,False
00569-1997-AA,1998,sentencia,data\sentencia-Extract\1998\sentencia-pdf-1998.csv,,,0,0,True,False
00588-1996-AA,1998,sentencia,data\sentencia-Extract\1998\sentencia-pdf-1998.csv,,,0,0,True,False
00997-1997-AA,1998,sentencia,data\sentencia-Extract\1998\sentencia-pdf-1998.csv,,,0,0,True,False
01030-1997-AC,1998,sentencia,data\sentencia-Extract\1998\sentencia-pdf-1998.csv,,,0,0,True,False
00878-1997-HC,1998,sentencia,data\sentencia-Extract\1998\sentencia-pdf-1998.csv,,,0,0,True,False
00606-1997-AA,1998,sentencia,data\sentencia-Extract\1998\sentencia-pdf-1998.csv,,,0,0,True,False
00925-1997-AC,1998,sentencia,data\sentencia-Extract\1998\sentencia-pdf-1998.csv,"El demandante interpone su acción sustentando su reclamo en la renuencia del Alcalde de
Lima Metropolitana a abonarle un específico derecho económico consistente en un Premio
Pecuniario por haber cumplido veinticinco años de servicios, ascend~nte a la suma de cinco -
mil trescientos cincuenta y n","El demandante interpone su acción sustentando su reclamo en la renuencia del Alcalde de Lima Metropolitana a abonarle un específico derecho económico consistente en un Premio Pecuniario por haber cumplido veinticinco años de servicios, ascend~nte a la suma de cinco - mil trescientos cincuenta y nueve nuevos soles con treinta y cinco céntimos establecido por la Resolución Directoral No. 380-95-0GA-DMA-MLM del veinticinco e agosto de mil novecientos noventa y cinco, esta última, expedida por la Oficina General de Administración de la citada Municipalidad. Adjunta para estos efectos la Carta Notarial cursada el dos de agosto de mil novecientos noventa y seis, con lo que acredita haber agotado la vía previa a la que se encontraba obligado. Admitida la acción a trámite por el Segundo Juzgado Especializado en Derecho Público, se dispone su traslado a la Municipalidad de Lima, quien por intermedio de su representante legal, la contesta negándola y contradiciéndola principalmente por considerar: Que, el demandante no ha agotado las vías previas; Que, si bien es cierto que mediante la Resolución Directoral N° 380-95-0GA-DMA-MLM se reconoció a favor del demandante el Premio Penuniario y la Bonificación Personal por veinticinco años de servicios también es cierto, que se ha suspendido toda percepción pecuniaria que provenga de Compromisos, Acuerdos, Pactos y Actas suscritas por la Municipalidad de Lima Metropolitana con las organizaciones sindicales y los trabajadores durante los años 1988 y 1995, conforme lo dispuesto por la Resolución de Alcaldía N° 044-A-96, que ha ordenado: a). La revisión de planillas de sueldos y salarios y la documentación relativa a remuneraciones, beneficios sociales, pensiones y demás conceptos laborales de la Municipalidad de Lima, a efectos de determinarse las cantidades que deben ser de abono y las que se hubieran pagado en exceso, b). Establecer una escala remunerativa transitoria que rige desde enero de mil novecientos noventa y seis, c). Poner en conocimiento de la Contraloría General de la República el Informe de Asesoría Legal Externa, d). Solicitar a la misma Contraloría su pronunciamiento sobre los ""Acuerdos"" y otros, celebrados por la Municipalidad de Lima Metropolitana entre los años mil novecientos ochenta y ocho, y mil novecientos noventa y cinco, y las recomendaciones del caso; Que, por último la Resolución Directoral de la Oficina General de Administración N° 380-95-0GA-DMA-MLM no tiene efecto legal alguno, en razón de haber contrariado las normas de austeridad contenidas en las Leyes de Presupuesto del Sector Público. De fojas 29 a 32, y con fecha ocho de noviembre de mil novecientos noventa y seis, el Segundo Juzgado Especializado en Derecho Público expide sentencia declarando fundada la demanda interpuesta, principalmente por considerar: Que, es obligación de del funcionario dar cumplimiento a los actos que emanen de una resolución administrativa que se encuentra firme o que ha causado estado, máxime cuando la obligación en su cumplimiento afecta los derechos del ciudadano, quien no tiene por que ser afectado por las responsabilidades de la administración; Que, el demandante ha acreditado que la autoridad emplazada es renuente a dar cumplimiento de la Resolución Directoral N° 380-95-0GA DMA-MLM,dado que esta se encuentra firme, no ha sido dejada sin efecto y dado el tiempo transcurrido desde su expedición, ha causado estado, debiendo ser ejecutada; Que, la Resolución de Alcaldía N° 044-A-96, no tiene por el contrario, fuerza legal suficiente para detener la ejecución de la Resolución Directoral N° 380-95-DMA-MLM, conforme a lo establecido en los artículos 109° Y 110° del Texto Unico Ordenado de la Ley de Normas Generales y Procedimientos Administrativos o Decreto Supremo N° 02-94-JUS; Que, por último, el demandante agoto debidamente las vías previas. Interpuesto recurso de apelación por la demandada, los autos son remitidos a la Segunda Fiscalía Superior de Derecho Público para efectos de la vista correspondiente, y devueltos estos con Dictamen que se pronuncia por que se revoque la apelada y reformándola se declare infundada la demanda, la Sala Especializada en Derecho Público, con fecha veintitrés de julio de mil novecientos noventa y siete, y de fojas 133 a 134, revoca la resolución apelada y reformándola declara improcedente la acción principalmente por considerar: Que, la Resolución de Alcaldía No. 044-A-96, dispuso en su artículo 1 la 0, inmediata revisión de las planillas de sueldos y salarios, así como de toda la documentación contable relativa a remuneraciones, beneficios sociales, pensiones, y demás conceptos /B atinentes a la problemática laboral de la Municipalidad de Lima Metropolitana, a los efectos de determinar, en concordancia con las disposiciones legales, las cantidades que deben ser de abono, así como las que pudieran haberse pagado en exceso, estableciendo en su artículo 2°, y en tanto se realice la revisión, una escala remunerativa de carácter transitorio; Que, teniendo plena validez la precitada resolución al no haberse declarado su ineficacia o invalidez, conserva vigencia y por ende la conducta del demandado debe adecuarse a la misma, quedando en tanto suspendido el cumplimiento de las pretensiones del demandante, dado que al estar contenidas en la norma ya glosada no se hayan expeditas para ejecutarse, sino pendientes de determinación conforme a lo establecido en la citada resolución. Contra esta resolución el demandante interpone recurso extraordinario, por lo que de conformidad con los dispositivos legales vigentes, se dispone el envío de los autos al",5685,5618,False,False
00037-1996-AA,1998,sentencia,data\sentencia-Extract\1998\sentencia-pdf-1998.csv,,,0,0,True,False
00059-1997-AA,1998,sentencia,data\sentencia-Extract\1998\sentencia-pdf-1998.csv,,,0,0,True,False
00004-1996-HC,1998,sentencia,data\sentencia-Extract\1998\sentencia-pdf-1998.csv,,,0,0,True,False
00341-1996-AA,1998,sentencia,data\sentencia-Extract\1998\sentencia-pdf-1998.csv,,,0,0,True,False
00393-1997-AA,1998,sentencia,data\sentencia-Extract\1998\sentencia-pdf-1998.csv,,,0,0,True,False
01234-1997-AA,1998,sentencia,data\sentencia-Extract\1998\sentencia-pdf-1998.csv,,,0,0,True,False
01140-1997-AC,1998,sentencia,data\sentencia-Extract\1998\sentencia-pdf-1998.csv,,,0,0,True,False
01090-997-HC,1998,sentencia,data\sentencia-Extract\1998\sentencia-pdf-1998.csv,,,0,0,True,False
00773-1997-AA,1998,sentencia,data\sentencia-Extract\1998\sentencia-pdf-1998.csv,,,0,0,True,False
00269-1993-AA,1998,sentencia,data\sentencia-Extract\1998\sentencia-pdf-1998.csv,,,0,0,True,False
00335-1997-AA,1998,sentencia,data\sentencia-Extract\1998\sentencia-pdf-1998.csv,,,0,0,True,False
01256-1997-AC,1998,sentencia,data\sentencia-Extract\1998\sentencia-pdf-1998.csv,,,0,0,True,False
00749-1997-AA,1998,sentencia,data\sentencia-Extract\1998\sentencia-pdf-1998.csv,,,0,0,True,False
00748-1996-AA,1998,sentencia,data\sentencia-Extract\1998\sentencia-pdf-1998.csv,,,0,0,True,False
00291-1997-AA,1998,sentencia,data\sentencia-Extract\1998\sentencia-pdf-1998.csv,,,0,0,True,False
00570-1997-AC,1998,sentencia,data\sentencia-Extract\1998\sentencia-pdf-1998.csv,"El demandante sustenta su acción en la renuencia del Alcalde de Lima Metropolitana a
abonarle sus derechos económicos consistentes en: a). Remuneraciones, bonificaciones y
pensiones dejadas de abonar por la Municipalidad de Lima Metropolitana, desde mil
novecientos noventa y dos hasta setiembre d","El demandante sustenta su acción en la renuencia del Alcalde de Lima Metropolitana a abonarle sus derechos económicos consistentes en: a). Remuneraciones, bonificaciones y pensiones dejadas de abonar por la Municipalidad de Lima Metropolitana, desde mil novecientos noventa y dos hasta setiembre de mil novecientos noventa y cinco, ascendente a la suma de veinticuatro mil ciento setenta y seis nuevos soles con veinte céntimos, suma que se haya contenida en el cuadro de devengados; b). El incremento salarial ascendente a ciento cincuenta nuevos soles dispuesto por el Gobierno Central mediante Decreto de Urgencia No. 37-94 del once de julio de mil novecientos noventa y cuatro; c). Remuneraciones de los meses de octubre, noviembre y diciembre de mil novecientos noventa y cinco no abonadas oportunamente por la gestión municipal del Ex Alcalde Ricardo Belmont ascendente a mil setenta y un soles con ochenta y siete céntimos; d). El diferencial correspondiente a la disminución de remuneraciones que como trabajador municipal viene sufriendo desde enero de mil novecientos noventa y seis y a consecuencia de aplicársele la Resolución de Alcaldía N° 044-A-96-MLM; e). Bonificaciones y gratificaciones, como el día de lima, Primero de Mayo, escolaridad y Fiestas Patrias mencionadas en el citado cuadro de devengados; y f). Compensación por tiempo de servicios que asciende a un sueldo íntegro por cada año, teniendo el demandante un total de veintinueve; razones todas estas por las que solicita se ordene el cumplimiento mediante pago de la demandante de todos los derechos económicos que se le adeuda. Adjunta para estos efectos la Carta Notarial cursada el veinticinco de julio de mil novecientos noventa y seis, con lo que acredita haber agotado la vía previa a la que se encontraba obligado. Admitida la acción a tramite por el Tercer Juzgado Especializado en Derecho Público, se dispone su traslado a la Municipalidad de Lima, quien por intermedio de su representante legal, la contesta negándola y contradiciéndola principalmente por considerar: Que la acción de cumplimiento es improcedente por cuanto el Alcalde de la Municipalidad de Lima, no ha sido renuente a acatar norma legal o acto administrativo alguno, sino que por el contrario, viene cumpliendo con todas las disposiciones legales; Que las sumas que el demandante reclama, no le corresponden por ser ilegales, como ocurre en el caso de la Compensación por tiempo de servicios, que el demandante considerara cancelable a razón de un sueldo integro por año, cuando a los servidores municipales, conforme el artículo 52° de la Ley No. 23853, se les otorga la misma al momento del cese por el importe del cincuenta por ciento de su remuneración principal; Que, al asumir sus funciones la actual administración municipal en vista de la situación caótica e insostenible de la Municipalidad y en aras de restablecerla y recuperarla, se dispuso, que la Asesoría Legal emitiera opinión sobre la validez de los ""Compromisos"", ""Acuerdos"", ""Pactos"" y ""Actas"" suscritas por las anteriores administraciones municipales, llegándose a la conclusión, mediante Informe Legal del doce de enero de mil novecientos noventa y seis, que los citados ""compromisos"" y otros celebrados. por la Municipalidad de Lima con las organizaciones sindicales SITRAMUN-LIMA y SITRAOML, entre los años mil novecientos ochenta y ocho y mil novecientos noventa y cinco, son nulos, motivo por el que se expidió la Resolución de Alcaldía No. 044-A-96-MLM disponiéndoe entre otras cosas, a). La revisión de planillas de sueldos y salarios, y la documentación relativa a remuneraciones, beneficios sociales, pensiones y demás conceptos laborales de la Municipalidad de Lima, a efectos de determinarse las cantidades que deben ser de abono y las que se hubieran pagado en exceso; b). Establecer una escala remunerativa transitoria que rige desde enero de mil novecientos noventa y seis; c). Poner en conocimiento de la Contraloría General de la República el Informe de Asesoría Legal Externa; d). Solicitar a la misma Contraloría su pronunciamiento sobre los ""acuerdos"" y otros celebrados por la Municipalidad de Lima entre los años mil novecientos ochenta y ocho, y mil novecientos noventa y cinco, y las recomendaciones del caso. Por último el representante de la Municipalidad de Lima, deduce excepción de caducidad. De fojas noventa y cinco a noventa y siete, y con fecha catorce de octubre de mil novecientos noventa y seis, el Tercer Juzgado Especializado en Derecho Público expide sentencia declarando Improcedente la demanda interpuesta, principalmente por considerar: Que la acción de cwnplimiento procede contra cualquier autoridad o funcionario renuente a acatar una norma legal o un acto administrativo; Que el acto administrativo es toda declaración jurídica unilateral y ejecutiva por la que la administración crea, reconoce, modifica o extingue situaciones jurídicas subjetivas; Que el pago de devengados no esta contenido ni reconocido por acto administrativo alguno, siendo irrelevante el documento que contiene el cuadro respectivo por no figurar el demandante como su destinatario; Que en cuanto al reclamo por los meses impagos no existe certeza respecto del monto que corresponde y en cuanto a la disminución de remuneraciones en un treinta por ciento la Municipalidad actuó en mérito a la Resolución de Alcaldía No. 044-A, no siendo esta la vía para discutir la legalidad o validez de dicha Resolución; Que en relación a Compensación por Tiempo de Servicios, la demanda debe igualmente desestimarse por cuanto en el Acuerdo de Concejo No. 178 no se estableció que la Compensación por Tiempo de Servicios asciende a un sueldo integro por cada año de servicios y en todo caso tal derecho no debe ser analizado o discutido en este proceso; Que el incremento de ciento cincuenta nuevos soles mediante el Decreto de Urgencia No. 37-94 del once de julio de mil novecientos noventa y cuatro, no es procedente, debido a que el artículo 6° de la citada norma establece que los Gobiernos Locales se sujetaran al artículo 23° de la Ley N° 26268 o Ley de Presupuesto para 1994, y que a su vez indica, que no son de aplicación a los Gobiernos Locales, los awnentos de remuneraciones, bonificaciones o beneficios del Poder Ejecutivo a los servidores del sector público; y por último; Que la excepción de caducidad no es viable toda vez que la carta notarial fue cursada por el demandante el veintiséis de julio de mil novecientos noventa y seis, encontrándose por tanto la demanda dentro del término de ley. Interpuesto recurso de apelación por el demandante, los autos son remitidos a la Segunda Fiscalía Superior de Derecho Público para efectos de la vista correspondiente, y devueltos estos con Dictamen que se pronuncia por que se confirme la apelada; la Sala Especializada de Derecho Público, con fecha nueve de mayo de mil novecientos noventa y siete y de fojas ciento cincuenta y cuatro a ciento cincuenta y cinco, confirma la resolución apelada principalmente por considerar: Que, el Cuadro de Devengados es de orden genérico y no específico, por lo que no constituye una situación personal determinada ni esta sometida a acto administrativo de carácter específico; Que, el pago de remuneraciones insolutas, debe ser exigible en la vía correspondiente, por cuanto no está debidamente sustentado tomándose incierto el derecho reclamado; Que, conforme al artículo 23° de la Ley de Presupuesto para el Sector Público N° 26268, los Gobiernos Locales quedan excluidos de los awnentos remunerativos y beneficios que otorgue el Poder Ejecutivo a los servidores públicos; Que, la inaplicación de la Resolución de Alcaldía N° 044-A-96, supone ejercicio del control difuso, el cual no puede ser tratado en la presente vía; Que, las acciones de cumplimiento proceden ante la renuencia de cualquier autoridad o funcionario de acatar una norma legal o acto administrativo específico, condición esta que no se aplica al caso de autos. Contra esta resolución el accionante interpone recurso extraordinario, por lo que de conformidad con los dispositivos legales vigentes, se dispone el envío de los autos al",8232,8137,False,False
00619-1997-AC,1998,sentencia,data\sentencia-Extract\1998\sentencia-pdf-1998.csv,"El demandante interpone su acción sustentando su reclamo en la renuencia del Alcalde de
Lima Metropolitana a abonarle un específico derecho económico consistente en un Premio
Pecuniario por haber cumplido veinte años de servicios ascendente a la suma de cinco mil
trescientos cincuenta y nueve nue","El demandante interpone su acción sustentando su reclamo en la renuencia del Alcalde de Lima Metropolitana a abonarle un específico derecho económico consistente en un Premio Pecuniario por haber cumplido veinte años de servicios ascendente a la suma de cinco mil trescientos cincuenta y nueve nuevos soles con treinta y cinco céntimos, establecido por la Resolución Directoral No. l6l-95-0GA-DMA-MLM del veintisiete de marzo de mil novecientos noventa y cinco, esta última, expedida por la Oficina General de Administración de la citada Municipalidad. Adjunta para estos efectos, la Carta Notarial cursada el cinco de septiembre de mil novecientos noventa y seis, con lo que acredita haber agotado la vía previa a la que se encontraba obligado. Admitida la acción a trámite por el Primer Juzgado Especializado en Derecho Público, se dispone su traslado a la Municipalidad de Lima Metropolitana, quien por intermedio de su representante legal, la contesta negándola y contradiciéndola por considerar: 1) Que, la Acción de Cumplimiento es improcedente por cuanto el señor Alcalde de la Municipalidad de Lima Metropolitana, no ha sido renuente a acatar norma legal o acto administrativo alguno, sino que por el contrario, viene cumpliendo con todas las disposiciones legales; 2)Que al asumir sus funciones la actual administración municipal, en vista de la situación caótica e insostenible de la Municipalidad y en aras de restablecerla y recuperarla, se dispuso, que la Asesoría Legal emitiera opinión sobre la validez de los ""Compromisos"", ""Acuerdos"", ""Pactos"" y ""Actas"" suscritos por las anteriores administraciones municipales, llegándo a la conclusión, mediante Informe Legal, del doce de enero de mil novecientos noventa y seis, que los citados ""Compromisos"" y otros celebrados por la Municipalidad de Lima Metropolitana con las organizaciones sindicales SITRAMUN-LIMA y SITRAOML, entre los años mil novecientos ochenta y ocho, y mil novecientos noventa y cinco, son nulos, motivo por el que se expidió la Resolución de Alcaldía No. 044-A-96-MLM disponiéndose entre otras cosas: a) La revisión de planillas de sueldos y salarios, y la documentación relativa a remuneraciones, beneficios sociales, pensiones y demás conceptos laborales de la Municipalidad de Lima Metropolitana, a efectos de determinarse las cantidades que deben ser de abono y las que se hubieran pagado en exceso; b) Establecer una escala remunerativa transitoria que rige desde enero de mil novecientos noventa y seis, c) Poner en conocimiento de la Contraloría General de la República el Informe de Asesoría Legal Externa; d) Solicitar a la misma Contraloría su pronunciamiento sobre los ""Acuerdos"" y otros celebrados por la Municipalidad de Lima Metropolitana entre los años mil novecientos ochenta y ocho, y mil novecientos noventa y cinco, y las recomendaciones del caso; 3) Que, la Resolución Directoral de la Oficina General de Administración N° 468- 95-0GA-DMA-MLM no tiene efecto legal alguno, en razón de haber contrariado las normas de austeridad contenidas en el artículo 19° de la Ley N° 26404, Ley del Presupuesto del Sector Público para mil novecientos noventa y cinco"". Por último, el representante de la Municipalidad de Lima Metropolitana, deduce excepción de caducidad. De fojas sesenta y tres a sesenta y cinco y con fecha catorce de noviembre de mil novecientos noventa y seis, el Primer Juzgado Especializado en Derecho Público expide sentencia declarando fundada la demanda interpuesta, principalmente por considerar: Que, el demandante ha ejercitado su acción después de haber agotado la vía previa; Que, el argumento de la emplazada en el sentido de que la Resolución Directoral no tiene efecto legal alguno por contrariar normas de austeridad no es atendible, porque dicha resolución no es materia de la presente controversia en cuanto a su eficacia como resolución administrativa y además porque tampoco se ha evidenciado que las Resoluciones de Alcaldía Nos. 1120 y 1603-86 Y el Acuerdo de Trato Directo del diez de octubre de mil novecientos ochenta y nueve, que le sirven de sustento, hubieran sido cuestionados y obtenido decisión favorable que los invalide, por lo que su eficacia continúa subsistiendo; Que, además la validez de un Acuerdo de Trato Directo mantiene su vigencia mientras no se discuta en juicio su nulidad, por lo que la Resolución Directoral N° 161-95-0GA-DMA MLM resulta exigible, tratándose de una resolución administrativa que ha causado estado. .3 Interpuesto Recurso de Apelación por la emplazada, los autos son remitidos a la Segunda Fiscalía Superior en Derecho Público para efectos de la vista correspondiente, y devueltos éstos con Dictamen que se pronuncia por que se revoque la apelada y reformándose, se declare improcedente la demanda. La Sala Especializada en Derecho Público, con fecha quince de mayo de mil novecientos noventa y siete y de fojas ciento nueve a ciento diez, revoca la resolución apelada y reformándola declara improcedente. la acción por considerar: Que la excepción de caducidad no deviene en atendible por constituir los actos cuyo cumplimiento se demanda, actos de omisión continuada hasta la actualidad; Que sin embargo, la Resolución de Alcaldía No. 044-A-96, dispuso en su artículo 1°, la inmediata revisión de las planillas de sueldos y salarios, así como de toda la documentación contable relativa a remuneraciones, beneficios sociales, pensiones, y demás conceptos atinentes a la problemática laboral de la Municipalidad de Lima Metropolitana, a los efectos de determinar, en concordancia con las disposiciones legales, las cantidades que deben ser de abono, así como las que pudieran haberse pagado en exceso, estableciendo en su artículo 2°, y en tanto se realice la revisión, una escala remunerativa de carácter transitorio; Que, teniendo plena validez la precitada resolución al no haberse declarado su ineficacia o invalidez, conserva vigencia y por ende la conducta del demandado debe adecuarse a la misma, quedando en tanto suspendido el cumplimiento de las pretensiones del demandante, dado que al estar contenidas en la norma ya glosada no se hayan expeditas para ejecutarse, sino pendientes de determinación conforme a lo establecido en la citada resolución. Contra esta resolución el demandante interpone Recurso Extraordinario, por lo que de conformidad con los dispositivos legales vigentes, se dispone el envío de los autos al",6477,6403,False,False
00291-1996-AA,1998,sentencia,data\sentencia-Extract\1998\sentencia-pdf-1998.csv,,,0,0,True,False
00049-1997-HC,1998,sentencia,data\sentencia-Extract\1998\sentencia-pdf-1998.csv,"El actor plantea la acción de Habeas Corpus por amenaza contra su libertad individual.
Refiere el demandante, que ha sido involucrado en el supuesto delito de Hurto Agravado,
sin tener pruebas ni fundamentos legales por los denunciados, los mismos que actúan en su
contra en un afán de venganza al","El actor plantea la acción de Habeas Corpus por amenaza contra su libertad individual. Refiere el demandante, que ha sido involucrado en el supuesto delito de Hurto Agravado, sin tener pruebas ni fundamentos legales por los denunciados, los mismos que actúan en su contra en un afán de venganza al haber, el actor, ofrecido una testimonial en contra de otros oficiales y subalternos en una denuncia por delitos de Extorsión y Abuso de Autoridad, la cual se encuentra el proceso ante la III Zona Judicial de Arequipa. Indica asimismo, que viene siendo perseguido y acosado por los denunciados Valdivia y Beltrán. Iniciada la investigación sumaria, de fojas 8 a 11, aparecen las manifestaciones de los denunciados, coincidiendo en expresar que no conocen al actor y desconocen y rechazan los argumentos en que funda la demanda de hábeas corpus, solicitando al Juzgado, declare la acción Improcedente. A fojas 55, el Juzgado Especializado Penal, declara improcedente la acción de Hábeas Corpus, al considerar que la misma no se pueden establecer fehacientemente las causas de • !' procedencia, esto es inminente amenaza o probabilidad real de cumplimiento de los hechos que señala el demandado. Planteado el Recurso de Apelación, los autos son remitidos a la Sala Penal de la Corte Superior de Justicia de Arequipa, donde a fojas 66 emite sentencia, confirmando la sentencia apelada que declara improcedente la acción de Hábeas Corpus, considerando que lo que se pretende es enervar los efectos de un proceso judicial regular, en contra del cual no proceden acciones de garantía. El demandante plantea recurso extraordinario y los autos son enviados al Tribunal Constitucional para su conocimiento.",1718,1695,False,False
00175-1996-AA,1998,sentencia,data\sentencia-Extract\1998\sentencia-pdf-1998.csv,,,0,0,True,False
01052-1997-AA,1998,sentencia,data\sentencia-Extract\1998\sentencia-pdf-1998.csv,,,0,0,True,False
00590-1997-AA,1998,sentencia,data\sentencia-Extract\1998\sentencia-pdf-1998.csv,,,0,0,True,False
00567-1997-AA,1998,sentencia,data\sentencia-Extract\1998\sentencia-pdf-1998.csv,,,0,0,True,False
00813-1997-AA,1998,sentencia,data\sentencia-Extract\1998\sentencia-pdf-1998.csv,,,0,0,True,False
00708-1996-AA,1998,sentencia,data\sentencia-Extract\1998\sentencia-pdf-1998.csv,,,0,0,True,False
01184-1997-AA,1998,sentencia,data\sentencia-Extract\1998\sentencia-pdf-1998.csv,,,0,0,True,False
00507-1996-AA,1998,sentencia,data\sentencia-Extract\1998\sentencia-pdf-1998.csv,,,0,0,True,False
00456-1997-HD,1998,sentencia,data\sentencia-Extract\1998\sentencia-pdf-1998.csv,,,0,0,True,False
00491-1997-AA,1998,sentencia,data\sentencia-Extract\1998\sentencia-pdf-1998.csv,,,0,0,True,False
01078-1997-AC,1998,sentencia,data\sentencia-Extract\1998\sentencia-pdf-1998.csv,,,0,0,True,False
01057-1996-AA,1998,sentencia,data\sentencia-Extract\1998\sentencia-pdf-1998.csv,,,0,0,True,False
01014-1997-AA,1998,sentencia,data\sentencia-Extract\1998\sentencia-pdf-1998.csv,,,0,0,True,False
00910-1997-AA,1998,sentencia,data\sentencia-Extract\1998\sentencia-pdf-1998.csv,,,0,0,True,False
00947-1997-AA,1998,sentencia,data\sentencia-Extract\1998\sentencia-pdf-1998.csv,,,0,0,True,False
01060-1997-AA,1998,sentencia,data\sentencia-Extract\1998\sentencia-pdf-1998.csv,,,0,0,True,False
00994-1996-AA,1998,sentencia,data\sentencia-Extract\1998\sentencia-pdf-1998.csv,,,0,0,True,False
00666-1997-HC,1998,sentencia,data\sentencia-Extract\1998\sentencia-pdf-1998.csv,,,0,0,True,False
00191-1996-AA,1998,sentencia,data\sentencia-Extract\1998\sentencia-pdf-1998.csv,,,0,0,True,False
00213-1997-AA,1998,sentencia,data\sentencia-Extract\1998\sentencia-pdf-1998.csv,,,0,0,True,False
01244-1997-AA,1998,sentencia,data\sentencia-Extract\1998\sentencia-pdf-1998.csv,,,0,0,True,False
00462-1997-AA,1998,sentencia,data\sentencia-Extract\1998\sentencia-pdf-1998.csv,,,0,0,True,False
01088-1997-AA,1998,sentencia,data\sentencia-Extract\1998\sentencia-pdf-1998.csv,,,0,0,True,False
01241-1997-AA,1998,sentencia,data\sentencia-Extract\1998\sentencia-pdf-1998.csv,,,0,0,True,False
00501-1997-AA,1998,sentencia,data\sentencia-Extract\1998\sentencia-pdf-1998.csv,,,0,0,True,False
00374-1996-HC,1998,sentencia,data\sentencia-Extract\1998\sentencia-pdf-1998.csv,,,0,0,True,False
00363-1996-HC,1998,sentencia,data\sentencia-Extract\1998\sentencia-pdf-1998.csv,,,0,0,True,False
00806-1996-AA,1998,sentencia,data\sentencia-Extract\1998\sentencia-pdf-1998.csv,,,0,0,True,False
00671-1997-HC,1998,sentencia,data\sentencia-Extract\1998\sentencia-pdf-1998.csv,,,0,0,True,False
00546-1997-AA,1998,sentencia,data\sentencia-Extract\1998\sentencia-pdf-1998.csv,,,0,0,True,False
00238-1993-AA,1998,sentencia,data\sentencia-Extract\1998\sentencia-pdf-1998.csv,,,0,0,True,False
00116-1997-AA,1998,sentencia,data\sentencia-Extract\1998\sentencia-pdf-1998.csv,,,0,0,True,False
00716-1997-AA,1998,sentencia,data\sentencia-Extract\1998\sentencia-pdf-1998.csv,,,0,0,True,False
00816-1997-AC,1998,sentencia,data\sentencia-Extract\1998\sentencia-pdf-1998.csv,,,0,0,True,False
00813-1996-AA,1998,sentencia,data\sentencia-Extract\1998\sentencia-pdf-1998.csv,"Los demandantes, plantean la Acción de Amparo a fin de que se declare la
inaplicabilidad de las Resoluciones emitidas por la División de Pensiones del IPSS
Arequipa, por las cuales se les ha otorgado Pensión de Jubilación a los demandantes en
base al Decreto Ley N° 25967, luego de su cese como se","Los demandantes, plantean la Acción de Amparo a fin de que se declare la inaplicabilidad de las Resoluciones emitidas por la División de Pensiones del IPSS Arequipa, por las cuales se les ha otorgado Pensión de Jubilación a los demandantes en base al Decreto Ley N° 25967, luego de su cese como servidores de la Fábrica de Tejidos La Unión, secciones Huaico y Tingo, habiéndoseles aplicado en forma retroactiva el citado Decreto Ley. Sostienen también, que contra las resoluciones emitidas han formulado recursos impugnativos, que han caído, por el tiempo transcurrido sin ser resueltos, en denegatoria por silencio. El Quinto Juzgado Especializado en lo Civil de Arequipa, inicialmente declara improcedente la demanda disponiendo la devolución de los anexos, entendiendo que la pretensión de la demanda es impugnar una resolución administrativa, debiendo presentarse dicha demanda ante la Sala Civil correspondiente por tratarse de una resolución de carácter regional. Admitida a trámite la acción, se corre traslado de la demanda, al IPSS, el mismo que sostiene, que por disposición de la Ley N° 25967, todo lo concerniente al Régimen del Sistema Nacional de Pensiones será asumido con la Oficina Nacional Previsional, y por tanto está imposibilitado de contestar la demanda. Es así que la ONP contesta la demanda solicitando se declare improcedente, manifestando que por parte de los demandantes no se ha agotado la vía administrativa previa, requisito para que proceda la acción de amparo, pues el Decreto Ley N° 25967 entró en vigencia el diecinueve de FOJAS ""u ... )·ru '""{ ~ll J···' l! V diciembre de mil novecientos noventa y dos, cuando los dos expedientes administrativos se encontraban en trámite, por lo tanto se aplicó correctamente lo dispuesto por dicho decreto, el cual señala en la Disposición Transitoria: ""Las solicitudes en trámite a la fecha de vigencia del presente Decreto Ley, se ceñirán a las normas que éste prescribe"". La demandada, asimismo, interpone excepción de falta de agotamiento de la vía previa y de caducidad. La sentencia de Primera Instancia, declara improcedente la Acción de Amparo interpuesta, considerando, entre otros fimdamentos, que de conformidad con el Decreto Ley N° 25967, no es procedente ninguna Acción de Amparo dirigida a impugnar directa o indirectamente los efectos de su aplicación. A fojas 143, el veintidós de julio de mil novecientos noventa y seis, la Primera Sala Civil de la Corte Superior de Justicia de Arequipa, declara Fundada la excepción de falta de agotamiento de la vía administrativa propuesta y en consecuencia confirmando la sentencia del Juez, declara Improcedente la acción de amparo. Interpuesto el Recurso Extraordinario los autos se remiten al Tribunal Constitucional para conocimiento y fallo en la presente causa.",2831,2794,False,False
00372-1998-AA,1998,sentencia,data\sentencia-Extract\1998\sentencia-pdf-1998.csv,,,0,0,True,False
01051-1997-AA,1998,sentencia,data\sentencia-Extract\1998\sentencia-pdf-1998.csv,,,0,0,True,False
00787-1996-AA,1998,sentencia,data\sentencia-Extract\1998\sentencia-pdf-1998.csv,,,0,0,True,False
00706-1996-AA,1998,sentencia,data\sentencia-Extract\1998\sentencia-pdf-1998.csv,,,0,0,True,False
00908-1997-AA,1998,sentencia,data\sentencia-Extract\1998\sentencia-pdf-1998.csv,,,0,0,True,False
00571-1997-AA,1998,sentencia,data\sentencia-Extract\1998\sentencia-pdf-1998.csv,,,0,0,True,False
00978-1997-AA,1998,sentencia,data\sentencia-Extract\1998\sentencia-pdf-1998.csv,,,0,0,True,False
00027-1996-AA,1998,sentencia,data\sentencia-Extract\1998\sentencia-pdf-1998.csv,,,0,0,True,False
00094-1998-AA,1998,sentencia,data\sentencia-Extract\1998\sentencia-pdf-1998.csv,,,0,0,True,False
00091-1997-AA,1998,sentencia,data\sentencia-Extract\1998\sentencia-pdf-1998.csv,,,0,0,True,False
00053-1998-AA,1998,sentencia,data\sentencia-Extract\1998\sentencia-pdf-1998.csv,,,0,0,True,False
00078-1998-AA,1998,sentencia,data\sentencia-Extract\1998\sentencia-pdf-1998.csv,,,0,0,True,False
00080-1998-AA,1998,sentencia,data\sentencia-Extract\1998\sentencia-pdf-1998.csv,,,0,0,True,False
00110-1997-AA,1998,sentencia,data\sentencia-Extract\1998\sentencia-pdf-1998.csv,,,0,0,True,False
00664-1997-AA,1998,sentencia,data\sentencia-Extract\1998\sentencia-pdf-1998.csv,,,0,0,True,False
00590-1996-AA,1998,sentencia,data\sentencia-Extract\1998\sentencia-pdf-1998.csv,,,0,0,True,False
00305-1998-AA,1998,sentencia,data\sentencia-Extract\1998\sentencia-pdf-1998.csv,"Corporación Andina de Distribución S.A., representada por don Osear Zapata Alcázar,
interpone Acción de Amparo con fecha treinta y uno de julio de mil novecientos noventa y
siete, contra el Supremo Gobierno, en la persona del Ministro de Economía y el
Superintendente Nacional de Administración Tr","Corporación Andina de Distribución S.A., representada por don Osear Zapata Alcázar, interpone Acción de Amparo con fecha treinta y uno de julio de mil novecientos noventa y siete, contra el Supremo Gobierno, en la persona del Ministro de Economía y el Superintendente Nacional de Administración Tributaria, a fin de que se declare inaplicable la Orden de Pago Nº 011-1-42387, ascendente a la suma de dos millones cincuenta y nueve mil seiscientos cincuenta y dos y 00/100 Nuevos Soles, correspondiente al saldo de regularización del Impuesto Mínimo a la Renta del Ejercicio de 1996, y los artículos 109° y siguientes del . Decreto Legislativo Nº 774, Ley del Impuesto a la Renta, relativos al Impuesto Mínimo a la Renta. Señala que, con fecha dieciocho de julio de mil novecientos noventa y seis, se le notificó la Resolución de Ejecución Coactiva Nº 011-06-17095, por la que se le requería el pago de la suma antes mencionada, bajo apercibimiento de embargo. Señala la demandante que en la suma consignada en la Orden de Pago cuestionada se ha desconocido el saldo a su favor del Ejercicio de 1995, correspondiente a un millón seiscientos setenta y siete trescientos treinta y tres y 00/100 Nuevos Soles, y la situación de pérdida que afronta la empresa, de acuerdo a los Estados Financieros Auditados. Esta actitud arbitraria constituye violación de los siguientes derechos constitucionales: de no confiscatoriedad de los impuestos, de propiedad, legalidad y capacidad contributiva en materia tributaria, y de los artículos 2º inciso 16), 70º y 74º de la Constitución Política del Estado. El Ministerio de Economía y Finanzas, deduce la excepción de falta de agotamiento de la vía administrativa, incompetencia y caducidad. Asimismo, señala que liberar del pago del Impuesto Mínimo a la Renta supone establecer una exoneración tributaria que sólo procede por ley expresa. La Superintendencia Nacional de Administración Tributaria, al contestar la demanda, indica que la Empresa demandante no ha cumplido con agotar la vía previa; y lo que pretende ., J• es que se desconozca que, la renta no sólo es el margen de utilidad que pueda obtener una empresa, sino también toda aquella manifestación de la capacidad contributiva de los sujetos, según ha establecido en doctrina como legalmente. El Primer Juzgado Corporativo Transitorio Especializado en Derecho Público en lo Civil de Lima, con fecha tres de setiembre de mil novecientos noventa y siete, a fojas 140, declaró infundadas las excepciones de falta de agotamiento de la vía administrativa, de incompetencia y de caducidad deducidas, y fundada la demanda al considerar que la Empresa demandante ha demostrado a fojas 23 a la 51 que durante los ejercicios financieros de los años 1995 y 1996, no ha obtenido ingresos por lo que el cobro de la Orden de Pago cuestionado en autos resulta confiscatorio. 1 La Sala Corporativa Transitoria Especializada en Derecho Público de la Corte Superior de Justicia de Lima, con fecha nueve de febrero de mil novecientos noventa y ocho, a fojas 229, confirmó la apelada en cuanto declaró infundadas las excepciones deducidas y la revocó declarándola improcedente por considerar que las pruebas aportadas no acreditan la existencia de las pérdidas en el ejercicio económico de la Empresa, situación que en todo caso debe acreditarse en una vía más extensa. Contra esta resolución la demandante interpone recurso extraordinario. FUNDAMENTOS: 1.- Que, a fojas 188 de autos corre el reporte proporcionado por la Intendencia de Principales Contribuyentes Nacionales, en el que se indica que con fecha seis de agosto de mil novecientos noventa y siete, la Corporación Andina de Distribución S.A. interpuso recurso de reclamación contra la Orden de Pago Nº 011-1-42387. Este recurso fue declarado inadmisible por Resolución de Intendencia Nº 015-4-07289, notificada el nueve de octubre del mismo año. Contra esta Resolución la Empresa demandante interpuso recurso de apelación con fecha treinta de octubre de mil novecientos noventa y siete. Con el referido reporte se acredita que la demandante interpuso la presente Acción de Amparo cuatro días antes de presentar recurso de reclamación contra la cuestionada Orden de Pago. Asimismo, el proceso administrativo iniciado lo continuó en forma paralela a la presente Acción de Amparo. En consecuencia, la demandante interpuso la presente acción de garantía sin haber agotado la vía respectiva, contraviniendo lo dispuesto en el artículo 27º de la Ley Nº 23506, Ley de Hábeas Corpus y Amparo. 2.- Que, Corporación Andina de Distribución S.A. no se encuentra en ninguno de los supuestos de excepción establecidos en el artículo 28º de la mencionada Ley, por las siguientes consideraciones: a) La notificación de la Ejecución Coactiva Nº 011-06-17095, con fecha dieciocho de julio de mil novecientos noventa y siete, no implica la ejecución de la Orden de Pago cuestionada en autos, toda vez que el artículo 117º del Código Tributario, Decreto Legislativo Nº 816, • ' establece que el procedimiento de cobranza coactiva se inicia con ""la notificación al deudor tributario de la Resolución de Ejecución Coactiva, que contiene un mandato de cancelación de las Ordenes de Pago o Resoluciones en cobranza, otorgándose un plazo de siete (7) días hábiles, bajo apercibimiento de dictarse medidas cautelares o de iniciarse la ejecución forzada de las mismas"". b) Este plazo permitía que la Empresa demandante acogerse a lo previsto en el artículo 119º inciso d) del Código Tributario, que establece que cuando ""se haya presentado oportunamente recurso de reclamación, apelación o demanda contencioso-administrativa, que se encuentre en trámite"", se suspenderá el proceso de cobranza coactiva. c) Asimismo, como una excepción a lo establecido en el artículo 136º del Código Tributario, el segundo párrafo del artículo 119º del Código precitado dispone que: ""tratándose de Ordenes de Pago y cuando medien otras circunstancias que evidencien que la cobranza podría ser improcedente la Administración Tributaria está facultada a disponer la suspensión de la cobranza de la deuda, siempre que el deudor tributario interponga la reclamación dentro del plazo de veinte (20) días hábiles de notificada la Orden de Pago"". Y, el tercer párrafo del mencionado artículo establece que: ''para la admisión a trámite de la reclamación se requiere, además de los requisitos establecidos en este Código, que el reclamante acredite que ha abonado la parte de la deuda no reclamada actualizada hasta la fecha en que se realice el pago"". Por estos fundamentos, el Tribunal Constitucional, en uso de las atribuciones que le confiere la Constitución Política del Estado y su Ley Orgánica;",6773,6688,False,False
01253-1997-AA,1998,sentencia,data\sentencia-Extract\1998\sentencia-pdf-1998.csv,,,0,0,True,False
00235-1998-AA,1998,sentencia,data\sentencia-Extract\1998\sentencia-pdf-1998.csv,,,0,0,True,False
00239-1998-AA,1998,sentencia,data\sentencia-Extract\1998\sentencia-pdf-1998.csv,,,0,0,True,False
00240-1998-AA,1998,sentencia,data\sentencia-Extract\1998\sentencia-pdf-1998.csv,,,0,0,True,False
01288-1997-AA,1998,sentencia,data\sentencia-Extract\1998\sentencia-pdf-1998.csv,,,0,0,True,False
00153-1998-AA,1998,sentencia,data\sentencia-Extract\1998\sentencia-pdf-1998.csv,,,0,0,True,False
01197-1997-AA,1998,sentencia,data\sentencia-Extract\1998\sentencia-pdf-1998.csv,,,0,0,True,False
00819-1997-AA,1998,sentencia,data\sentencia-Extract\1998\sentencia-pdf-1998.csv,,,0,0,True,False
00719-1997-AA,1998,sentencia,data\sentencia-Extract\1998\sentencia-pdf-1998.csv,,,0,0,True,False
00829-1996-AA,1998,sentencia,data\sentencia-Extract\1998\sentencia-pdf-1998.csv,,,0,0,True,False
00293-1997-AA,1998,sentencia,data\sentencia-Extract\1998\sentencia-pdf-1998.csv,,,0,0,True,False
00226-1995-AA,1998,sentencia,data\sentencia-Extract\1998\sentencia-pdf-1998.csv,,,0,0,True,False
00253-1997-HC,1998,sentencia,data\sentencia-Extract\1998\sentencia-pdf-1998.csv,,,0,0,True,False
00233-1998-AA,1998,sentencia,data\sentencia-Extract\1998\sentencia-pdf-1998.csv,,,0,0,True,False
00711-1997-AA,1998,sentencia,data\sentencia-Extract\1998\sentencia-pdf-1998.csv,,,0,0,True,False
00025-1997-AA,1998,sentencia,data\sentencia-Extract\1998\sentencia-pdf-1998.csv,,,0,0,True,False
00455-1997-AA,1998,sentencia,data\sentencia-Extract\1998\sentencia-pdf-1998.csv,,,0,0,True,False
00463-1996-AA,1998,sentencia,data\sentencia-Extract\1998\sentencia-pdf-1998.csv,,,0,0,True,False
00572-1998-AA,1998,sentencia,data\sentencia-Extract\1998\sentencia-pdf-1998.csv,,,0,0,True,False
01211-1997-AC,1998,sentencia,data\sentencia-Extract\1998\sentencia-pdf-1998.csv,,,0,0,True,False
00506-1997-AA,1998,sentencia,data\sentencia-Extract\1998\sentencia-pdf-1998.csv,,,0,0,True,False
00757-1997-AA,1998,sentencia,data\sentencia-Extract\1998\sentencia-pdf-1998.csv,"Don Francisco Navarro Rojas interpone Acción de Amparo con fecha once de marzo
de mil novecientos noventa y seis, contra el Banco de la Nación y la Oficina de
Nonnalización Previsional (ONP), a fin de que se declare la ineficacia e inaplicabilidad de la
Resolución Administrativa N° OI91-94-EF/92.","Don Francisco Navarro Rojas interpone Acción de Amparo con fecha once de marzo de mil novecientos noventa y seis, contra el Banco de la Nación y la Oficina de Nonnalización Previsional (ONP), a fin de que se declare la ineficacia e inaplicabilidad de la Resolución Administrativa N° OI91-94-EF/92.5100, de fecha veintitrés de mayo de mil novecientos noventa y cuatro, y en consecuencia, se le reconozca los cuatro años por fonnación profesional y su incorporación al Régimen de Pensiones del Decreto Ley N° 20530. Señala el demandante que por Resolución Administrativa N° 0067-91EF/92.5150, se le reconoció cuatro años por formación profesional que sumados a los años efectivos de servicios prestados al Estado hacían un total de diecinueve años, diez meses y veinticinco días, y se le incorporó al Régimen de Pensiones del Decreto Ley N° 20530. Mediante Resolución Administrativa N° 0191-94-EF/92.5100, notificada el treinta de mayo de mil novecientos noventa y cuatro, se declaró nulo de pleno derecho el reconocimiento efectuado. Por lo que, con fecha seis de junio de mil novecientos noventa y cuatro, interpuso recurso de reconsideración, al no obtener respuesta del Banco de la Nación, con fecha veintinueve de diciembre de mil novecientos noventa y cinco, interpuso apelación. El Banco de la Nación tampoco se pronunció sobre este recurso, por lo que con fecha veintinueve de febrero de mil novecientos noventa y seis, dio por denegada la apelación interpuesta y por concluído el procedimiento administrativo. El Banco de la Nación, deduce la excepción de falta de legitimidad para obrar del demandado por cuanto es la Oficina de Nonnalización Previsionalla que ahora administra y tiene a su cargo el pago de las pensiones de acuerdo a la Resolución Suprema N° 150-95-EF, . de fecha treinta de noviembre de mil novecientos noventa y cinco. Asimismo, señala que la Acción de Amparo no es la vía para determinar si al demandante le corresponde el derecho de ser incorporado al Régimen de Pensiones del Decreto Ley N° 20530. Señala también que, si se declaró nula la resolución que incorporó al demandante, fue porque no cumplía con los requisitos exigidos en la Ley, por lo que no se puede alegar derechos adquiridos que han nacido del ""error juris"". La Oficina de Normalización Previsional (ONP) deduce la excepClOn de incompetencia, y señala que la Acción de Amparo no es la vía para el presente caso, por cuanto no se trata de desconocimiento de derechos constitucionales, sino la determinación de la procedencia del pago de pensión. El Juzgado Previsional Transitorio de Lima, con fecha treinta de octubre de mil novecientos noventa y seis, a fojas doscientos veintitrés, declaró infundadas las excepciones de falta de legitimidad del demandado, por ser el Banco de la Nación parte de la relación jurídica material y por ende procesal, en su calidad de empleador, y de incompetencia por cuanto los jueces civiles son competentes para conocer de las acciones de garantía; e improcedente la demanda toda vez que en el demandante trabaja en el Departamento de Contabilidad del Banco de la Nación, por lo que aún no goza de una pensión, y en consecuencia no se ha acreditado la violación o amenaza de su derecho pensionario. La Sala Contencioso Administrativa de la Corte Superior de Justicia de Lima, con fecha nueve de junio de mil novecientos noventa y siete, a fojas doscientos sesenta y cinco, confirmó la apelada en todos sus extremos por considerar que el demandante tenía vigente una relación laboral y lo que pretende es su incorporación al Régimen Pensionario del Decreto Ley N° 20530, lo que constituye un derecho de carácter legal y no constitucional. Contra esta resolución el demandante interpone recurso extraordinario. FUNDAMENTOS: 1. Que, en el presente caso no es de aplicación el Artículo 26°, segundo párrafo, última parte, de la Ley N° 25398, Ley Complementaria de la Ley de Hábeas Corpus y Amparo, toda vez que don Francisco Navarro Rojas, no contaba con una resolución que declare un derecho pensionario y no ha percibido pensión alguna, en consecuencia no se ha producido una violación contínua de este derecho. 2. Que, con fecha seis de junio de mil novecientos noventa y cuatro, don Francisco Navarro Rojas, presentó recurso de reconsideración contra la Resolución Administrativa N° 0191- 94-EF/92.5100, y de acuerdo al artículo 87° del Decreto Supremo N° 02-94-JUS, Texto Único Ordenado de la Ley de Normas Generales de Procedimientos Administrativos, transcurrido los treinta días hábiles sin que el Banco de la Nación resolviera el mencionado recurso, debió considerar denegado su reclamo e interponer apelación dentro de los quince días subsiguientes, ésto es, hasta el once de agosto de mil novecientos noventa y cuatro, y no esperar hasta el veintinueve de diciembre de mil novecientos noventa y cinco. En igual forma al no haber sido resuelta la apelación dentro de los treinta días hábiles a su presentación; es decir el veintitrés de setiembre de mil novecientos noventa y cuatro, el demandante debió entenderla por denegada y dar por agotada la vía administrativa. Y, es desde esa última fecha que se computa el plazo de caducidad establecido en el artículo 37° de la Ley N° 23506, Ley de Hábeas Corpus y Amparo, por lo que a la fecha de presentación de la demanda, once de marzo de mil novecientos noventa y seis, venció en exceso el referido plazo de caducidad. 3. Que, la vía del Amparo no es la pertinente para determinar la incorporación del demandante al Régimen de Pensiones del Decreto Ley N° 20530. Ello en la medida que para su incorporación se debe acreditar el cumplimiento de determinados requisitos, lo que supone la actuación de medios probatorios. Por estos fundamentos, el Tribunal Constitucional, en uso de las atribuciones que le confiere la Constitución Política del Estado y su Ley Orgánica;",5925,5853,False,False
00851-1996-AA,1998,sentencia,data\sentencia-Extract\1998\sentencia-pdf-1998.csv,,,0,0,True,False
00774-1996-AA,1998,sentencia,data\sentencia-Extract\1998\sentencia-pdf-1998.csv,,,0,0,True,False
00856-1996-AA,1998,sentencia,data\sentencia-Extract\1998\sentencia-pdf-1998.csv,,,0,0,True,False
00809-1996-AA,1998,sentencia,data\sentencia-Extract\1998\sentencia-pdf-1998.csv,,,0,0,True,False
01166-1997-AA,1998,sentencia,data\sentencia-Extract\1998\sentencia-pdf-1998.csv,,,0,0,True,False
00123-1996-AA,1998,sentencia,data\sentencia-Extract\1998\sentencia-pdf-1998.csv,,,0,0,True,False
00238-1998-AA,1998,sentencia,data\sentencia-Extract\1998\sentencia-pdf-1998.csv,,,0,0,True,False
00241-1998-AA,1998,sentencia,data\sentencia-Extract\1998\sentencia-pdf-1998.csv,,,0,0,True,False
00236-1998-AA,1998,sentencia,data\sentencia-Extract\1998\sentencia-pdf-1998.csv,,,0,0,True,False
00544-1996-AA,1998,sentencia,data\sentencia-Extract\1998\sentencia-pdf-1998.csv,,,0,0,True,False
00577-1996-HC,1998,sentencia,data\sentencia-Extract\1998\sentencia-pdf-1998.csv,,,0,0,True,False
00582-1998-AA,1998,sentencia,data\sentencia-Extract\1998\sentencia-pdf-1998.csv,,,0,0,True,False
00079-1998-AA,1998,sentencia,data\sentencia-Extract\1998\sentencia-pdf-1998.csv,,,0,0,True,False
00077-1998-AA,1998,sentencia,data\sentencia-Extract\1998\sentencia-pdf-1998.csv,,,0,0,True,False
00026-1997-AA,1998,sentencia,data\sentencia-Extract\1998\sentencia-pdf-1998.csv,,,0,0,True,False
01242-1997-AC,1998,sentencia,data\sentencia-Extract\1998\sentencia-pdf-1998.csv,,,0,0,True,False
00247-1997-AA,1998,sentencia,data\sentencia-Extract\1998\sentencia-pdf-1998.csv,,,0,0,True,False
00086-1998-AA,1998,sentencia,data\sentencia-Extract\1998\sentencia-pdf-1998.csv,,,0,0,True,False
00290-1998-AA,1998,sentencia,data\sentencia-Extract\1998\sentencia-pdf-1998.csv,,,0,0,True,False
01260-1997-AC,1998,sentencia,data\sentencia-Extract\1998\sentencia-pdf-1998.csv,,,0,0,True,False
00304-1998-AA,1998,sentencia,data\sentencia-Extract\1998\sentencia-pdf-1998.csv,,,0,0,True,False
00392-1996-AC,1998,sentencia,data\sentencia-Extract\1998\sentencia-pdf-1998.csv,,,0,0,True,False
00720-1997-AA,1998,sentencia,data\sentencia-Extract\1998\sentencia-pdf-1998.csv,,,0,0,True,False
00726-1997-AA,1998,sentencia,data\sentencia-Extract\1998\sentencia-pdf-1998.csv,,,0,0,True,False
00019-1996-AA,1998,sentencia,data\sentencia-Extract\1998\sentencia-pdf-1998.csv,,,0,0,True,False
00765-1997-AA,1998,sentencia,data\sentencia-Extract\1998\sentencia-pdf-1998.csv,,,0,0,True,False
00665-1996-HC,1998,sentencia,data\sentencia-Extract\1998\sentencia-pdf-1998.csv,,,0,0,True,False
00665-1997-AA,1998,sentencia,data\sentencia-Extract\1998\sentencia-pdf-1998.csv,,,0,0,True,False
00551-1998-AA,1998,sentencia,data\sentencia-Extract\1998\sentencia-pdf-1998.csv,,,0,0,True,False
00523-1996-AA,1998,sentencia,data\sentencia-Extract\1998\sentencia-pdf-1998.csv,,,0,0,True,False
00686-1997-AA,1998,sentencia,data\sentencia-Extract\1998\sentencia-pdf-1998.csv,,,0,0,True,False
00576-1996-HC,1998,sentencia,data\sentencia-Extract\1998\sentencia-pdf-1998.csv,,,0,0,True,False
00692-1997-AC,1998,sentencia,data\sentencia-Extract\1998\sentencia-pdf-1998.csv,,,0,0,True,False
00798-1996-AA,1998,sentencia,data\sentencia-Extract\1998\sentencia-pdf-1998.csv,,,0,0,True,False
01177-1997-AA,1998,sentencia,data\sentencia-Extract\1998\sentencia-pdf-1998.csv,,,0,0,True,False
00126-1996-AA,1998,sentencia,data\sentencia-Extract\1998\sentencia-pdf-1998.csv,,,0,0,True,False
00411-1998-AA,1998,sentencia,data\sentencia-Extract\1998\sentencia-pdf-1998.csv,"Recurso Extraordinario interpuesto por doña Gladys Genny Morales Saavedra contra la
sentencia expedida por la Sala Civil de la Corte Superior de Justicia de Tacna y Moquegua; su
tl fecha nueve de marzo de mil novecientos noventa y ocho, de fojas ciento cincuenta y nueve,
que confirmó la sentencia","Recurso Extraordinario interpuesto por doña Gladys Genny Morales Saavedra contra la sentencia expedida por la Sala Civil de la Corte Superior de Justicia de Tacna y Moquegua; su tl fecha nueve de marzo de mil novecientos noventa y ocho, de fojas ciento cincuenta y nueve, que confirmó la sentencia apelada que declaró improcedente la Acción de Amparo. ANTECEDENTES: Doña Gladys Genny Morales Saavedra interpone Acción de Amparo contra la Municipalidad Provincial de Tacna, para que se declare inaplicable la Resolución de Alcaldía N° 1106-96, del diecisiete de octubre de mil novecientos noventa y seis, que declara su cese laboral por excedencia. Sostiene que se ha afectado normas del debido proceso, el derecho de defensa, de estabilidad laboral. Expresa que la seudo comisión evaluadora modificó sus normas internas. El legajo personal, el rendimiento laboral, la entrevista personal y una prueba de conocimiento dá un puntaje general de cien puntos. El puntaje mínimo fue de sesenta puntos . La comisión se olvidó de algunos puntos al no asignar puntaje necesario para cada campo. La entrevista personal fue evaluado mediante prueba escrita debiendo ser oral. No se contempla la evaluación por especialidades. El calificativo del legajo personal que fue de veinte puntos posibles se calificó con doce. Expresa, que no conoció los resultados ni sus calificaciones. Se le impidió reclamar de estos hechos. Recién tomo conocimiento de su cese por la notificación de la Resolución de Alcaldía N° 1106-96 anotada. Interpuso apelación. El Municipio mediante Resolución de Alcaldía N° 589-97 de siete de mayo de mil novecientos noventa y siete, declara agotado la vía administrativa. La Municipalidad Provincial de Tacna contesta la demanda. Expresa que se ha producido la caducidad de la Acción. El Juzgado Mixto de la Provincia de Tacna declara fundada la excepción de caducidad de la Acción. La Sala Civil de la Corte Superior de Justicia de Tacna y Moquegua confirma la sentencia.",2004,1982,False,False
00279-1996-AA,1998,sentencia,data\sentencia-Extract\1998\sentencia-pdf-1998.csv,,,0,0,True,False
00193-1995-AA,1998,sentencia,data\sentencia-Extract\1998\sentencia-pdf-1998.csv,,,0,0,True,False
00453-1996-AA,1998,sentencia,data\sentencia-Extract\1998\sentencia-pdf-1998.csv,,,0,0,True,False
00152-1997-AA,1998,sentencia,data\sentencia-Extract\1998\sentencia-pdf-1998.csv,,,0,0,True,False
00831-1997-AA,1998,sentencia,data\sentencia-Extract\1998\sentencia-pdf-1998.csv,,,0,0,True,False
00029-1996-AA,1998,sentencia,data\sentencia-Extract\1998\sentencia-pdf-1998.csv,,,0,0,True,False
00486-1998-AC,1998,sentencia,data\sentencia-Extract\1998\sentencia-pdf-1998.csv,,,0,0,True,False
01268-1997-AA,1998,sentencia,data\sentencia-Extract\1998\sentencia-pdf-1998.csv,,,0,0,True,False
01016-1996-AA,1998,sentencia,data\sentencia-Extract\1998\sentencia-pdf-1998.csv,,,0,0,True,False
00314-1998-AA,1998,sentencia,data\sentencia-Extract\1998\sentencia-pdf-1998.csv,,,0,0,True,False
00292-1998-AA,1998,sentencia,data\sentencia-Extract\1998\sentencia-pdf-1998.csv,,,0,0,True,False
00808-1997-AA,1998,sentencia,data\sentencia-Extract\1998\sentencia-pdf-1998.csv,,,0,0,True,False
00130-1997-HC,1998,sentencia,data\sentencia-Extract\1998\sentencia-pdf-1998.csv,,,0,0,True,False
00480-1996-AA,1998,sentencia,data\sentencia-Extract\1998\sentencia-pdf-1998.csv,,,0,0,True,False
01216-1997-AA,1998,sentencia,data\sentencia-Extract\1998\sentencia-pdf-1998.csv,,,0,0,True,False
00418-1996-AA,1998,sentencia,data\sentencia-Extract\1998\sentencia-pdf-1998.csv,,,0,0,True,False
01282-1997-AA,1998,sentencia,data\sentencia-Extract\1998\sentencia-pdf-1998.csv,,,0,0,True,False
01265-1997-AA,1998,sentencia,data\sentencia-Extract\1998\sentencia-pdf-1998.csv,,,0,0,True,False
00375-1997-AA,1998,sentencia,data\sentencia-Extract\1998\sentencia-pdf-1998.csv,,,0,0,True,False
01143-1997-AA,1998,sentencia,data\sentencia-Extract\1998\sentencia-pdf-1998.csv,,,0,0,True,False
00952-1996-AA,1998,sentencia,data\sentencia-Extract\1998\sentencia-pdf-1998.csv,,,0,0,True,False
00202-1997-HC,1998,sentencia,data\sentencia-Extract\1998\sentencia-pdf-1998.csv,,,0,0,True,False
00362-1996-HC,1998,sentencia,data\sentencia-Extract\1998\sentencia-pdf-1998.csv,,,0,0,True,False
00236-1995-AA,1998,sentencia,data\sentencia-Extract\1998\sentencia-pdf-1998.csv,,,0,0,True,False
00142-1996-AA,1998,sentencia,data\sentencia-Extract\1998\sentencia-pdf-1998.csv,,,0,0,True,False
00612-1996-AA,1998,sentencia,data\sentencia-Extract\1998\sentencia-pdf-1998.csv,,,0,0,True,False
00778-1996-AA,1998,sentencia,data\sentencia-Extract\1998\sentencia-pdf-1998.csv,,,0,0,True,False
00778-1996-AA,1998,sentencia,data\sentencia-Extract\1998\sentencia-pdf-1998.csv,,,0,0,True,False
01199-1997-AA,1998,sentencia,data\sentencia-Extract\1998\sentencia-pdf-1998.csv,,,0,0,True,False
01199-1997-AA,1998,sentencia,data\sentencia-Extract\1998\sentencia-pdf-1998.csv,,,0,0,True,False
00832-1996-AA,1998,sentencia,data\sentencia-Extract\1998\sentencia-pdf-1998.csv,,,0,0,True,False
00832-1996-AA,1998,sentencia,data\sentencia-Extract\1998\sentencia-pdf-1998.csv,,,0,0,True,False
00544-1998-AA,1998,sentencia,data\sentencia-Extract\1998\sentencia-pdf-1998.csv,,,0,0,True,False
00544-1998-AA,1998,sentencia,data\sentencia-Extract\1998\sentencia-pdf-1998.csv,,,0,0,True,False
00790-1996-AA,1998,sentencia,data\sentencia-Extract\1998\sentencia-pdf-1998.csv,,,0,0,True,False
00790-1996-AA,1998,sentencia,data\sentencia-Extract\1998\sentencia-pdf-1998.csv,,,0,0,True,False
00015-1997-AA,1998,sentencia,data\sentencia-Extract\1998\sentencia-pdf-1998.csv,,,0,0,True,False
00015-1997-AA,1998,sentencia,data\sentencia-Extract\1998\sentencia-pdf-1998.csv,,,0,0,True,False
01171-1997-AA,1998,sentencia,data\sentencia-Extract\1998\sentencia-pdf-1998.csv,,,0,0,True,False
01171-1997-AA,1998,sentencia,data\sentencia-Extract\1998\sentencia-pdf-1998.csv,,,0,0,True,False
00206-1998-AC,1998,sentencia,data\sentencia-Extract\1998\sentencia-pdf-1998.csv,,,0,0,True,False
00206-1998-AC,1998,sentencia,data\sentencia-Extract\1998\sentencia-pdf-1998.csv,,,0,0,True,False
00325-1996-AA,1998,sentencia,data\sentencia-Extract\1998\sentencia-pdf-1998.csv,,,0,0,True,False
00325-1996-AA,1998,sentencia,data\sentencia-Extract\1998\sentencia-pdf-1998.csv,,,0,0,True,False
00208-1996-AA,1998,sentencia,data\sentencia-Extract\1998\sentencia-pdf-1998.csv,,,0,0,True,False
00208-1996-AA,1998,sentencia,data\sentencia-Extract\1998\sentencia-pdf-1998.csv,,,0,0,True,False
00543-1996-AA,1998,sentencia,data\sentencia-Extract\1998\sentencia-pdf-1998.csv,,,0,0,True,False
00543-1996-AA,1998,sentencia,data\sentencia-Extract\1998\sentencia-pdf-1998.csv,,,0,0,True,False
00684-1996-AA,1998,sentencia,data\sentencia-Extract\1998\sentencia-pdf-1998.csv,,,0,0,True,False
00684-1996-AA,1998,sentencia,data\sentencia-Extract\1998\sentencia-pdf-1998.csv,,,0,0,True,False
00529-1996-AA,1998,sentencia,data\sentencia-Extract\1998\sentencia-pdf-1998.csv,,,0,0,True,False
00529-1996-AA,1998,sentencia,data\sentencia-Extract\1998\sentencia-pdf-1998.csv,,,0,0,True,False
00132-1998-AA,1998,sentencia,data\sentencia-Extract\1998\sentencia-pdf-1998.csv,,,0,0,True,False
00132-1998-AA,1998,sentencia,data\sentencia-Extract\1998\sentencia-pdf-1998.csv,,,0,0,True,False
00137-1996-AA,1998,sentencia,data\sentencia-Extract\1998\sentencia-pdf-1998.csv,,,0,0,True,False
00166-1997-HC,1998,sentencia,data\sentencia-Extract\1998\sentencia-pdf-1998.csv,,,0,0,True,False
00166-1997-HC,1998,sentencia,data\sentencia-Extract\1998\sentencia-pdf-1998.csv,,,0,0,True,False
00901-1996-HC,1998,sentencia,data\sentencia-Extract\1998\sentencia-pdf-1998.csv,,,0,0,True,False
00901-1996-HC,1998,sentencia,data\sentencia-Extract\1998\sentencia-pdf-1998.csv,,,0,0,True,False
00904-1996-HC,1998,sentencia,data\sentencia-Extract\1998\sentencia-pdf-1998.csv,,,0,0,True,False
00904-1996-HC,1998,sentencia,data\sentencia-Extract\1998\sentencia-pdf-1998.csv,,,0,0,True,False
01005-1997-AA,1998,sentencia,data\sentencia-Extract\1998\sentencia-pdf-1998.csv,,,0,0,True,False
00085-1998-HC,1998,sentencia,data\sentencia-Extract\1998\sentencia-pdf-1998.csv,"El Abogado, don Marino Ignacios Ccama interpone Acción de Hábeas Corpus a
favor de su patrocinada doña Sonia Pedraza Choque sustentando su reclamo en la
transgresión de la libertad individual de esta última por parte del Juez del Segundo
Juzgado Penal del Cercado de Puno, doctor Luis Rarnirez Cat","El Abogado, don Marino Ignacios Ccama interpone Acción de Hábeas Corpus a favor de su patrocinada doña Sonia Pedraza Choque sustentando su reclamo en la transgresión de la libertad individual de esta última por parte del Juez del Segundo Juzgado Penal del Cercado de Puno, doctor Luis Rarnirez Catacora. Especifica que no obstante que su patrocinada ha sido beneficiada con resolución de Libertad Provisional expedida en vía de apelación por la Tercera Sala Mixta de la Corte Superior de Justicia de Puno con fecha veintiseis de octubre de mil novecientos noventa y siete dentro del proceso penal con expediente N° 166-97, que se le sigue por delito de hurto agravado, el juez emplazado se ha negado a tramitar el oficio para su excarcelación, alegando que previamente debe pagar la caución de cuatro mil nuevos soles, situación que constituye una restricción a su libertad individual, si se toma en cuenta que la referida suma constituye una deuda y respecto de la misma, no cabe detención conforme a la Constitución Política del Estado. Practicadas las diligencias de ley y recibidas las declaraciones de la persona en cuyo favor se interpone la acción, así como del juez emplazado, el Juzgado Especializado en lo Penal de Puno, de fojas treinta y cinco a treinta y seis y con fecha veinticinco de noviembre de mil novecientos noventa y siete, expide resolución declarando infundada la acción, principalmente por considerar: Que, no existe quebrantamiento de las normas constitucionales, ya que si bien la procesada continúa detenida a pesar de haberse concedido la libertad provisional, es porque ni élla ni su abogado defensor han depositado la caución fijada por la Sala Superior; Que, de la interpretación literal del artículo 182° del Código Procesal Penal, los tres incisos son concurrentes con los otros requisitos, por lo que no existe detención injustificada ni arbitraria. A fojas cuarenta y ocho y con fecha tres de diciembre de mil novecientos noventa y siete, la Segunda Sala Mixta de la Corte Superior de Justicia de Puno, confirma la resolución apelada fundamentalmente por entender: Que, si bien la libertad provisional es un beneficio que se concede a los procesados con mandato de detención, es previo los requisitos que establece la ley, entre los que se acuerda el pago de una caución económica o la constitución de una garantía patrimonial; Que, el accionante no ha cumplido con el requisito señalado por lo que es improcedente su excarcelación. Contra esta resolución, el accionante interpone Recurso Extraordinario, remitiéndose los autos al Tribunal Constitucional. FUNDAMENTOS: l. Que, conforme se aprecia del escrito de Habeas Corpus interpuesto por don Marino [) lgnacios Ccama el objeto de éste se orienta a la inmediata libertad de doñ.a Sonia Pedraza Choque, tras considerar que al ser beneficiaria de un mandato de libertad provisional, se le mantiene indebidamente detenida por parte del Juez del Segundo Juzgado Penal del Cercado de Puno, doctor Luis Ramirez Catacora. 2. Que, por consiguiente y a efectos de acreditar las condiciones de procedibilidad de la presente acción o, en su caso, la legitimidad o no del reclamo producido, debe empezarse por señalar que aunque el inciso a) del artículo 16° de la Ley N° 25398, establece la no procedencia del habeas corpus ""Cuando el recurrente tenga instrucción abierta. •. "", situación que, en principio, acontece en el caso de autos, dicha norma requiere para su aplicación, que el proceso penal respectivo tenga carácter regular, conforme a la interpretación a contrario sensu del artículo 6° inciso 2) de la Ley N° 23506 que establece la improcedencia de toda acción de garantía ""Contra resolución judicial emanada de un procedimiento regular"". 3. Que, en consecuencia y para que este Colegiado determine la legitimidad o no del reclamo que sustenta la presente acción, debe previamente dilucidar si el proceso penal en el que se ha ordenado el pago de la caución como requisito sine quanom para la procedencia de la libertad provisional, tiene o no carácter regular, ésto es, si ha sido tramitado conforme a los dispositivos que regulan en términos generales las instituciones del proceso penal común. 4. Que, este Colegiado considera, que si bien el artículo 182° del Código Procesal Penal establece tres requisitos concurrentes, a la solicitud de Libertad Provisional, y entre ellos, ""Que el procesado cumpla con la caución fijada o, en su caso, el insolvente ofrezca fianza personal"" (inciso 3), dicha norma no contiene una regla exclusiva y excluyente respecto del referido cumplimiento pecuniario, sino que habilita, para los casos de insolvencia, el ofrecimiento de fianza personal, que de suyo, no es exactamente un pago en efectivo. 5. Que por consiguiente, cuando el Juez del Segundo Juzgado Penal, doctor Luis Ramirez Catacora ha interpretado la resolución de libertad provisional expedida por la Tercera Sala Mixta de la Corte Superior de Justicia de Puno, como un mandato excluyentemente referido al pago de una caución, es un hecho ind;s,utible que su proceder no se ciñe rigurosamente al texto de la norma procesal penal antes citada y que habilita, como se ha visto, otra posibilidad en el ofrecimiento de fianza . . personal, sino que está circunscribiendo su aplicación a determinados supuestos que sin dejar de ser ciertos no son empero, los únicos. Ante tales circunstancias y si bien no puede hablarse de un proceso irregular, en tanto no se ha desnaturalizado los derechos procesales de rango constitucional, si se trata en cambio de una anormalidad o anomalía manifiesta, que como tal, en su momento ha debido ser corregida al interior del mismo. 6. Que, dentro de este orden de ideas ha debido ser el propio accionante quien tomara la inicativa de corregir las antes citadas anomalías si desde un principio y en lugar de circunscribir su reclamo a la constitucionalidad o no de la caución, hubiese ofrecido la fianza personal alegando insolvencia respecto de la persona en cuyo favor interpuso el Hábeas Corpus. En otra hipótesis, hubiese podido apelar por ante la instancia superior respecto de la providencia emitida por el juez emplazado (fojas dieciocho de los autos), y que condicionó la excarcelación de la detenida al pago de la caución. Sin embargo, el hecho de no haber optado por dichas alternativas de autocorrección, hace aplicable el artículo 10° de la Ley N° 25398 cuyo texto dispone que ""Las anomalías que pudieran cometerse dentro del proceso regular al que se refiere el inciso 2) del Articulo 6° de la Ley, deberán ventilarse y resolverse dentro de los mismos procesos mediante el ejercicio de los recursos que las normas procesales específicas establecen"". Por estos fundamentos, el Tribunal Consitucional, en uso de las atribuciones conferidas por la Constitución Política del Estado y su Ley Orgánica",6919,6829,False,False
01005-1997-AA,1998,sentencia,data\sentencia-Extract\1998\sentencia-pdf-1998.csv,,,0,0,True,False
00089-1997-AA,1998,sentencia,data\sentencia-Extract\1998\sentencia-pdf-1998.csv,,,0,0,True,False
01047-1997-AA,1998,sentencia,data\sentencia-Extract\1998\sentencia-pdf-1998.csv,,,0,0,True,False
00337-1996-AA,1998,sentencia,data\sentencia-Extract\1998\sentencia-pdf-1998.csv,,,0,0,True,False
00494-1998-AA,1998,sentencia,data\sentencia-Extract\1998\sentencia-pdf-1998.csv,,,0,0,True,False
00228-1998-AA,1998,sentencia,data\sentencia-Extract\1998\sentencia-pdf-1998.csv,,,0,0,True,False
00299-1998-AA,1998,sentencia,data\sentencia-Extract\1998\sentencia-pdf-1998.csv,,,0,0,True,False
00223-1997-HC,1998,sentencia,data\sentencia-Extract\1998\sentencia-pdf-1998.csv,,,0,0,True,False
00223-1996-AA,1998,sentencia,data\sentencia-Extract\1998\sentencia-pdf-1998.csv,,,0,0,True,False
01135-1997-AA,1998,sentencia,data\sentencia-Extract\1998\sentencia-pdf-1998.csv,,,0,0,True,False
00741-1997-AA,1998,sentencia,data\sentencia-Extract\1998\sentencia-pdf-1998.csv,,,0,0,True,False
00741-1997-AA,1998,sentencia,data\sentencia-Extract\1998\sentencia-pdf-1998.csv,,,0,0,True,False
00360-1996-HC,1998,sentencia,data\sentencia-Extract\1998\sentencia-pdf-1998.csv,,,0,0,True,False
00360-1996-HC,1998,sentencia,data\sentencia-Extract\1998\sentencia-pdf-1998.csv,,,0,0,True,False
00867-1997-HC,1998,sentencia,data\sentencia-Extract\1998\sentencia-pdf-1998.csv,,,0,0,True,False
00657-1997-AA,1998,sentencia,data\sentencia-Extract\1998\sentencia-pdf-1998.csv,,,0,0,True,False
00657-1997-AA,1998,sentencia,data\sentencia-Extract\1998\sentencia-pdf-1998.csv,,,0,0,True,False
00648-1997-AC,1998,sentencia,data\sentencia-Extract\1998\sentencia-pdf-1998.csv,,,0,0,True,False
00648-1997-AC,1998,sentencia,data\sentencia-Extract\1998\sentencia-pdf-1998.csv,,,0,0,True,False
00364-1996-HC,1998,sentencia,data\sentencia-Extract\1998\sentencia-pdf-1998.csv,,,0,0,True,False
00364-1996-HC,1998,sentencia,data\sentencia-Extract\1998\sentencia-pdf-1998.csv,,,0,0,True,False
00005-1996-HC,1998,sentencia,data\sentencia-Extract\1998\sentencia-pdf-1998.csv,,,0,0,True,False
00005-1996-HC,1998,sentencia,data\sentencia-Extract\1998\sentencia-pdf-1998.csv,,,0,0,True,False
01254-1997-AA,1998,sentencia,data\sentencia-Extract\1998\sentencia-pdf-1998.csv,,,0,0,True,False
01097-1997-AA,1998,sentencia,data\sentencia-Extract\1998\sentencia-pdf-1998.csv,,,0,0,True,False
00658-1997-AA,1998,sentencia,data\sentencia-Extract\1998\sentencia-pdf-1998.csv,,,0,0,True,False
00324-1996-AA,1998,sentencia,data\sentencia-Extract\1998\sentencia-pdf-1998.csv,,,0,0,True,False
00284-1997-AA,1998,sentencia,data\sentencia-Extract\1998\sentencia-pdf-1998.csv,,,0,0,True,False
00124-1998-AA,1998,sentencia,data\sentencia-Extract\1998\sentencia-pdf-1998.csv,,,0,0,True,False
00223-1998-AA,1998,sentencia,data\sentencia-Extract\1998\sentencia-pdf-1998.csv,,,0,0,True,False
00273-1998-AC,1998,sentencia,data\sentencia-Extract\1998\sentencia-pdf-1998.csv,,,0,0,True,False
00233-1997-HC,1998,sentencia,data\sentencia-Extract\1998\sentencia-pdf-1998.csv,,,0,0,True,False
00021-1997-AA,1998,sentencia,data\sentencia-Extract\1998\sentencia-pdf-1998.csv,,,0,0,True,False
00383-1997-AA,1998,sentencia,data\sentencia-Extract\1998\sentencia-pdf-1998.csv,,,0,0,True,False
00496-1998-AA,1998,sentencia,data\sentencia-Extract\1998\sentencia-pdf-1998.csv,,,0,0,True,False
00484-1998-AA,1998,sentencia,data\sentencia-Extract\1998\sentencia-pdf-1998.csv,,,0,0,True,False
00403-1996-AC,1998,sentencia,data\sentencia-Extract\1998\sentencia-pdf-1998.csv,,,0,0,True,False
00480-1998-AC,1998,sentencia,data\sentencia-Extract\1998\sentencia-pdf-1998.csv,,,0,0,True,False
00911-1997-AA,1998,sentencia,data\sentencia-Extract\1998\sentencia-pdf-1998.csv,,,0,0,True,False
00907-1996-HC,1998,sentencia,data\sentencia-Extract\1998\sentencia-pdf-1998.csv,,,0,0,True,False
00060-1997-HC,1998,sentencia,data\sentencia-Extract\1998\sentencia-pdf-1998.csv,,,0,0,True,False
00034-1998-AA,1998,sentencia,data\sentencia-Extract\1998\sentencia-pdf-1998.csv,,,0,0,True,False
00010-1996-AA,1998,sentencia,data\sentencia-Extract\1998\sentencia-pdf-1998.csv,,,0,0,True,False
00133-1996-AA,1998,sentencia,data\sentencia-Extract\1998\sentencia-pdf-1998.csv,,,0,0,True,False
00204-1998-AC,1998,sentencia,data\sentencia-Extract\1998\sentencia-pdf-1998.csv,,,0,0,True,False
00103-1998-AA,1998,sentencia,data\sentencia-Extract\1998\sentencia-pdf-1998.csv,,,0,0,True,False
00164-1997-HC,1998,sentencia,data\sentencia-Extract\1998\sentencia-pdf-1998.csv,,,0,0,True,False
00199-1997-AA,1998,sentencia,data\sentencia-Extract\1998\sentencia-pdf-1998.csv,,,0,0,True,False
00147-1997-AA,1998,sentencia,data\sentencia-Extract\1998\sentencia-pdf-1998.csv,"Don Miguel Segundo Ciccia Vásquez en representación de Miguel Segundo
Ciccia Vásquez E.l.R.L. interpone acción de amparo alegando transgresión a sus
derechos constitucionales al trabajo, al libre tránsito y a la libertad de empresa por parte
de la Empresa Turística Mariscal Cáceres S.A.; motivo p","Don Miguel Segundo Ciccia Vásquez en representación de Miguel Segundo Ciccia Vásquez E.l.R.L. interpone acción de amparo alegando transgresión a sus derechos constitucionales al trabajo, al libre tránsito y a la libertad de empresa por parte de la Empresa Turística Mariscal Cáceres S.A.; motivo por el que solicita se ordene a ésta última se abstenga de realizar acciones con el fin de obstaculizar el normal desarrollo del servicio de transporte interprovincial de pasajeros. Pide asimismo que la demanda sea entendida con con don Ronald Díaz Lorenzo, Presidente de Directorio de la empresa demandada, con don Alfonso Castañeda, Administrador y Jefe de Vigilancia de la misma demandada, con don Dante Anghellino, administrador de la Empresa Expreso Cruz del Sur S.A. y con el Jefe de Vigilancia de la misma. Especifica el demandante, que no obstante contar con autorización expresa del Ministerio de Transportes y Comunicaciones a través de la Resolución Directora! Nº 231-94-MTC/15.15 que le otorga la concesión de la ruta Lima-Tacna y viceversa por espacio de diez años, la demandada ha vulnerado sus derechos. Manifestó que al ser arrendataria, junto con otras tres empresas, del terminal terrestre ubicado entre Av. Carlos Zavala y Loayza y el Jr. Montevideo Nº 500, de propiedad de la Empresa Turística Mariscal Cáceres S.A. y a pesar de realizarse el servicio de transporte interprovincial de pasajeros de diversas rutas, con ocasión de la apertura de la antes referida Lima-Tacna y viceversa, la demandada la ha amenazado a través de diversas comunicaciones prohibiéndole que sus unidades ingresen a las salas destinadas al . embarque de pasajeros del términal terrestre, amparándose según dicen, en un Reglamento Interno que nunca fue firmado por su apoderado y el único que tenía la facultad para firmar acuerdos. Puntualiza asimismo que el artículo Decimo Segundo del referido Reglamento Interno, contradice lo dispuesto por la Constitución en sus artículos ,. 58º, 59° y 61 º cuando se refiere a ""no poder operar en las rutas servidas por otro usuario"". La Empresa Turística Mariscal Cáceres S.A., don Ronald Díaz Lorenzo, don Alfonso Castañeda y don Dante Anghellino contestan la demanda negándola y contradiciéndola por considerar: 1) Que el demandante intenta confundir los conceptos de despacho de ruta Lima-Tacna-Lima y de prestación del servicio de transporte público interprovincial de pasajeros Lima-Tacna-Lima, haciendo aparecer a la demandada como que trata de impedir a la demandante el prestar el servicio de transporte interprovincial, cuando todo se circunscribe a lo que pasa al interior de un terminal terrestre y a la forma ilícita en que la demandante pretende incumplir su reglamento interno y el contrato de 1) arrendamiento de dicho terminal; 2) Que, la demandante junto con otras empresas son accionistas de la inmobiliaria Carlos Zavala y Loayza S.A., la misma que adqurió en compraventa el inmueble ubicado en la esquina del jirón Montevideo y la Avenida Carlos Zavala y Loayza; 3) Que dado que los accionistas se dedican al servicio público de transporte interprovincial de pasajeros, destinaron el inmueble mencionado a terminal terrestre encargándole su administración a la empresa demandada; 4) Que como las mismas empresas accionistas de fa inmobiliaria propietaria iban a usufructuar el terminal, para su mejor administración se estableció un Reglamento Interno que fue suscrito por todas las empresas accionistas, incluida la demandante; 5) Que la claúsula décimo segunda de dicho reglamento estableció como compromiso ""no hacer uso de las rutas del otro, salvo que mediara acuerdo escrito en el cual una de las empresas concediera a la otra un número determinado de frecuencias ... ""; 6) Que por otra parte, la demandante suscribió con la administradora un contrato de servicios a través del cual se le cedió en uso un sector del Terminal, precisándose en la claúsula sétima su compromiso de respetar el reglamento y las decisiones de la administración; y, 7) Que, finalmente, no se han vulnerado ninguno de los derechos constitucionales de la demandante. De fojas noventa y uno a noventa y cuatro y con fecha veintiuno de octubre de mil novecientos noventa y cuatro el Segundo Juzgado Especializado en lo Civil de Lima declara improcedente la demanda principalmente por considerar: Que no puede hablarse de violación de algun derecho constitucional, puesto que no se ha impedido el derecho al libre tránsito ni tampoco se ha restringido el derecho de propiedad o la libre iniciativa privada. De fojas ciento cuarenta y siete a ciento cuarenta y ocho, y con fecha doce de junio de mil novecientos noventa y cinco, la Segunda Sala Civil de la Corte Superior de Justicia de Lima, confirma la apelada por estimar; que, las violaciones que aduce el demandante derivan del incumplimienbto de un contrato, que es de naturaleza esencialmente civil; y, que las relaciones contractuales se rigen por los artículos 1351 º del Código Civil y sus efectos por los artículos 1314º y siguientes del mismo cuerpo normativo, así como las acciones que de ellos devienen, por nuestro ordenamiento procesal común. A fojas cuarenta y cinco del Cuaderno de Nulidad, y con fecha diez de diciembre de mil novecientos noventa y seis, la Sala de Derecho Constitucional y Social de la Corte Suprema de Justicia de la República, declara no haber nulidad en la sentencia de vista principalmente por estimar: Que la materia objeto del proceso no es judiciable en vía de amparo pues involucra derechos contractuales y no constitucionales, los cuales deben reclamarse en una vía más fata; Que el derecho al libre tránsito no es amparable a través de esta vía sino por intermedio del Hábeas Corpus. Contra esta resolución, el demandante interpone Recurso Extraordinario remitiéndose los autos al Tribunal Constitucional. FUNDAMENTOS: 1. Que, conforme aparece del petitorio contenido en la demanda interpuesta, el objeto de éste se orienta al cese de las acciones que obstaculicen el normal desarrollo de la actividad económica que realiza la empresa demandante, consistente en brindar el servicio de transporte interprovincial de pasajeros, tras considerar que la demandada; Empresa Turística Mariscal Cáceres y otra, vienen vulnerando los derechos constitucionales a la libertad de trabajo, el libre tránsito y la libertad de empresa. 2. Que, partiendo de la constatación respecto de las condiciones de procedibilidad de la presente demanda, que en este caso han sido satisfechas por haberse interpuesto la acción dentro del término legal y estando a que no existe vía previa reglamentada a la cual el demandante se encuentre obligado de agotar, procede determinar la legitimidad o no del petitorio formulado, debiendose señalar que en el caso de autos este se sustenta en un aparente exceso cometido por una de las partes que suscribieron un Contrato de Arrendamiento sobre un terminal terrestre y que se interpreta por parte de la demandante como una violación de los derechos antes referidos. 3. Que a éste respecto, este Colegiado hace notar que el hecho que exista una prohibición en el uso del terminal terrestre sobre las unidades de transporte interprovincial pertenecientes a la empresa demandante, no puede, en principio, interpretarse como transgresión de sus derechos constitucionales esta, ya que aquellos no estan siendo restringidos de manera absoluta y generalizada, sino únicamente dentro del ambito de una relación contractual y por específica referencia al uso de un terminal de transporte terrestre, tal y como lo pone de manifiesto el Artículo Decimo Segundo de su Reglamento Interno al disponer que ""Las empresas usuarias ... se comprometen a no hacer uso de las rutas del otro usuario; salvo que mediara acuerdo escrito en el cual una de las empresas concediera a la otra un número determinado de frecuencias ... "". 4. Que toda situación jurídica regulada bajo los terminos de una relación contractual, no puede merituar un enjuiciamiento constitucional, salvo, cuando dichos términos adoptan un tratamiento absolutamente opuesto a lo establecido en la Norma Fundamental y aparecen como desprovistos de toda justificación o discernimiento razonable, hipótesis que no ocurre en el caso de autos, desde que los criterios conforme a los cuales se ha adoptado la restricción cuestionada mediante la presente _,. _ 4 demanda, responden a la administración natural de actividades empresariales a las que la entidad demandante se encuentra en principio, necesariamente sujeta. 5. Que por otra parte, aunque la empresa demandante ha señalado que el Reglamento Interno cuya constitucionalidad cuestiona no fue suscrito por su Apoderado, de fojas veintisiete a veintiocho de autos aparece el Contrato de Servicios de Agencia de Transportes debidamente suscrito por su Apoderado y cuyo Artículo Setimo, referido a las obligaciones de la demandante, establece que ""LA EMPRESA se compromete a respetar el Reglamento interno que declara conocer y las decisiones que tome el responsable de la administración de las instalaciones de LA AGENCIA ... "", lo que quiere significar, que no se puede alegar, desconocimiento del reglamento en mención ni las restricciones que éste contenía. 6. Que en consecuencia, no está acreditada la violación ni amenaza de violación a los derechos constitucionales de la empresa demandante. Por estos fundamentos, el Tribunal Constitucional en uso de las atribuciones conferidas por la Constitución y su Ley Orgánica",9592,9466,False,False
00102-1996-AA,1998,sentencia,data\sentencia-Extract\1998\sentencia-pdf-1998.csv,,,0,0,True,False
00138-1998-AA,1998,sentencia,data\sentencia-Extract\1998\sentencia-pdf-1998.csv,,,0,0,True,False
00526-1997-AA,1998,sentencia,data\sentencia-Extract\1998\sentencia-pdf-1998.csv,,,0,0,True,False
00530-1997-HC,1998,sentencia,data\sentencia-Extract\1998\sentencia-pdf-1998.csv,,,0,0,True,False
00560-1997-HC,1998,sentencia,data\sentencia-Extract\1998\sentencia-pdf-1998.csv,,,0,0,True,False
00598-1997-AA,1998,sentencia,data\sentencia-Extract\1998\sentencia-pdf-1998.csv,,,0,0,True,False
00657-1996-AA,1998,sentencia,data\sentencia-Extract\1998\sentencia-pdf-1998.csv,,,0,0,True,False
00657-1998-AA,1998,sentencia,data\sentencia-Extract\1998\sentencia-pdf-1998.csv,,,0,0,True,False
00235-1996-AA,1998,sentencia,data\sentencia-Extract\1998\sentencia-pdf-1998.csv,,,0,0,True,False
01223-1997-AA,1998,sentencia,data\sentencia-Extract\1998\sentencia-pdf-1998.csv,,,0,0,True,False
00332-1996-AA,1998,sentencia,data\sentencia-Extract\1998\sentencia-pdf-1998.csv,,,0,0,True,False
00323-1996-AA,1998,sentencia,data\sentencia-Extract\1998\sentencia-pdf-1998.csv,,,0,0,True,False
01274-1997-AA,1998,sentencia,data\sentencia-Extract\1998\sentencia-pdf-1998.csv,,,0,0,True,False
01284-1997-AC,1998,sentencia,data\sentencia-Extract\1998\sentencia-pdf-1998.csv,,,0,0,True,False
00772-1996-AA,1998,sentencia,data\sentencia-Extract\1998\sentencia-pdf-1998.csv,,,0,0,True,False
00805-1996-AA,1998,sentencia,data\sentencia-Extract\1998\sentencia-pdf-1998.csv,,,0,0,True,False
00790-1997-AA,1998,sentencia,data\sentencia-Extract\1998\sentencia-pdf-1998.csv,,,0,0,True,False
00833-1996-AA,1998,sentencia,data\sentencia-Extract\1998\sentencia-pdf-1998.csv,,,0,0,True,False
00315-1998-AA,1998,sentencia,data\sentencia-Extract\1998\sentencia-pdf-1998.csv,,,0,0,True,False
00216-1998-AA,1998,sentencia,data\sentencia-Extract\1998\sentencia-pdf-1998.csv,,,0,0,True,False
00794-1996-AA,1998,sentencia,data\sentencia-Extract\1998\sentencia-pdf-1998.csv,,,0,0,True,False
00458-1996-AA,1998,sentencia,data\sentencia-Extract\1998\sentencia-pdf-1998.csv,,,0,0,True,False
00395-1998-AA,1998,sentencia,data\sentencia-Extract\1998\sentencia-pdf-1998.csv,,,0,0,True,False
00340-1996-AA,1998,sentencia,data\sentencia-Extract\1998\sentencia-pdf-1998.csv,,,0,0,True,False
00355-1997-AA,1998,sentencia,data\sentencia-Extract\1998\sentencia-pdf-1998.csv,,,0,0,True,False
00474-1996-HC,1998,sentencia,data\sentencia-Extract\1998\sentencia-pdf-1998.csv,,,0,0,True,False
00002-1996-AA,1998,sentencia,data\sentencia-Extract\1998\sentencia-pdf-1998.csv,,,0,0,True,False
00592-1997-HC,1998,sentencia,data\sentencia-Extract\1998\sentencia-pdf-1998.csv,,,0,0,True,False
01038-1997-AA,1998,sentencia,data\sentencia-Extract\1998\sentencia-pdf-1998.csv,,,0,0,True,False
00957-1997-HC,1998,sentencia,data\sentencia-Extract\1998\sentencia-pdf-1998.csv,,,0,0,True,False
00092-1998-AC,1998,sentencia,data\sentencia-Extract\1998\sentencia-pdf-1998.csv,,,0,0,True,False
00155-1998-AA,1998,sentencia,data\sentencia-Extract\1998\sentencia-pdf-1998.csv,,,0,0,True,False
00541-1997-AC,1998,sentencia,data\sentencia-Extract\1998\sentencia-pdf-1998.csv,,,0,0,True,False
00597-1996-AA,1998,sentencia,data\sentencia-Extract\1998\sentencia-pdf-1998.csv,,,0,0,True,False
00575-1996-HC,1998,sentencia,data\sentencia-Extract\1998\sentencia-pdf-1998.csv,,,0,0,True,False
00869-1998-HC,1998,sentencia,data\sentencia-Extract\1998\sentencia-pdf-1998.csv,,,0,0,True,False
00334-1996-AA,1998,sentencia,data\sentencia-Extract\1998\sentencia-pdf-1998.csv,,,0,0,True,False
00730-1997-AC,1998,sentencia,data\sentencia-Extract\1998\sentencia-pdf-1998.csv,,,0,0,True,False
01215-1997-AA,1998,sentencia,data\sentencia-Extract\1998\sentencia-pdf-1998.csv,,,0,0,True,False
01046-1997-AC,1998,sentencia,data\sentencia-Extract\1998\sentencia-pdf-1998.csv,,,0,0,True,False
00018-1996-AA,1998,sentencia,data\sentencia-Extract\1998\sentencia-pdf-1998.csv,,,0,0,True,False
00658-1996-AA,1998,sentencia,data\sentencia-Extract\1998\sentencia-pdf-1998.csv,,,0,0,True,False
00521-1998-AC,1998,sentencia,data\sentencia-Extract\1998\sentencia-pdf-1998.csv,,,0,0,True,False
00385-1998-AA,1998,sentencia,data\sentencia-Extract\1998\sentencia-pdf-1998.csv,,,0,0,True,False
00861-1997-AA,1998,sentencia,data\sentencia-Extract\1998\sentencia-pdf-1998.csv,,,0,0,True,False
00456-1998-AA,1998,sentencia,data\sentencia-Extract\1998\sentencia-pdf-1998.csv,,,0,0,True,False
01212-1997-AA,1998,sentencia,data\sentencia-Extract\1998\sentencia-pdf-1998.csv,,,0,0,True,False
00414-1998-AA,1998,sentencia,data\sentencia-Extract\1998\sentencia-pdf-1998.csv,,,0,0,True,False
00137-1998-AA,1998,sentencia,data\sentencia-Extract\1998\sentencia-pdf-1998.csv,,,0,0,True,False
00061-1996-AA,1998,sentencia,data\sentencia-Extract\1998\sentencia-pdf-1998.csv,,,0,0,True,False
00071-1998-AA,1998,sentencia,data\sentencia-Extract\1998\sentencia-pdf-1998.csv,,,0,0,True,False
00552-1998-AA,1998,sentencia,data\sentencia-Extract\1998\sentencia-pdf-1998.csv,,,0,0,True,False
00574-1998-AA,1998,sentencia,data\sentencia-Extract\1998\sentencia-pdf-1998.csv,,,0,0,True,False
00363-1998-AA,1998,sentencia,data\sentencia-Extract\1998\sentencia-pdf-1998.csv,,,0,0,True,False
00229-1997-HC,1998,sentencia,data\sentencia-Extract\1998\sentencia-pdf-1998.csv,,,0,0,True,False
00155-1996-AA,1998,sentencia,data\sentencia-Extract\1998\sentencia-pdf-1998.csv,,,0,0,True,False
00119-1997-HC,1998,sentencia,data\sentencia-Extract\1998\sentencia-pdf-1998.csv,,,0,0,True,False
00115-1998-AA,1998,sentencia,data\sentencia-Extract\1998\sentencia-pdf-1998.csv,,,0,0,True,False
00256-1998-AA,1998,sentencia,data\sentencia-Extract\1998\sentencia-pdf-1998.csv,,,0,0,True,False
00053-1996-AA,1998,sentencia,data\sentencia-Extract\1998\sentencia-pdf-1998.csv,,,0,0,True,False
00046-1998-AC,1998,sentencia,data\sentencia-Extract\1998\sentencia-pdf-1998.csv,,,0,0,True,False
00245-1998-HC,1998,sentencia,data\sentencia-Extract\1998\sentencia-pdf-1998.csv,,,0,0,True,False
01178-1997-AA,1998,sentencia,data\sentencia-Extract\1998\sentencia-pdf-1998.csv,,,0,0,True,False
01137-1997-AC,1998,sentencia,data\sentencia-Extract\1998\sentencia-pdf-1998.csv,,,0,0,True,False
00733-1997-AA,1998,sentencia,data\sentencia-Extract\1998\sentencia-pdf-1998.csv,,,0,0,True,False
00230-1998-AA,1998,sentencia,data\sentencia-Extract\1998\sentencia-pdf-1998.csv,,,0,0,True,False
00054-1996-AA,1998,sentencia,data\sentencia-Extract\1998\sentencia-pdf-1998.csv,,,0,0,True,False
00266-1997-HC,1998,sentencia,data\sentencia-Extract\1998\sentencia-pdf-1998.csv,,,0,0,True,False
00084-1998-AA,1998,sentencia,data\sentencia-Extract\1998\sentencia-pdf-1998.csv,,,0,0,True,False
00236-1996-AA,1998,sentencia,data\sentencia-Extract\1998\sentencia-pdf-1998.csv,,,0,0,True,False
00191-1997-AA,1998,sentencia,data\sentencia-Extract\1998\sentencia-pdf-1998.csv,,,0,0,True,False
00254-1997-HC,1998,sentencia,data\sentencia-Extract\1998\sentencia-pdf-1998.csv,,,0,0,True,False
00298-1998-HC,1998,sentencia,data\sentencia-Extract\1998\sentencia-pdf-1998.csv,,,0,0,True,False
01208-1997-AA,1998,sentencia,data\sentencia-Extract\1998\sentencia-pdf-1998.csv,,,0,0,True,False
00184-1996-AA,1998,sentencia,data\sentencia-Extract\1998\sentencia-pdf-1998.csv,,,0,0,True,False
00389-1998-AA,1998,sentencia,data\sentencia-Extract\1998\sentencia-pdf-1998.csv,,,0,0,True,False
00357-1998-HC,1998,sentencia,data\sentencia-Extract\1998\sentencia-pdf-1998.csv,,,0,0,True,False
00325-1997-HC,1998,sentencia,data\sentencia-Extract\1998\sentencia-pdf-1998.csv,,,0,0,True,False
00346-1998-AA,1998,sentencia,data\sentencia-Extract\1998\sentencia-pdf-1998.csv,,,0,0,True,False
00282-1997-AA,1998,sentencia,data\sentencia-Extract\1998\sentencia-pdf-1998.csv,,,0,0,True,False
00050-1997-HC,1998,sentencia,data\sentencia-Extract\1998\sentencia-pdf-1998.csv,,,0,0,True,False
00042-1998-AA,1998,sentencia,data\sentencia-Extract\1998\sentencia-pdf-1998.csv,,,0,0,True,False
00573-1997-AA,1998,sentencia,data\sentencia-Extract\1998\sentencia-pdf-1998.csv,,,0,0,True,False
00197-1998-AA,1998,sentencia,data\sentencia-Extract\1998\sentencia-pdf-1998.csv,,,0,0,True,False
00656-1996-AA,1998,sentencia,data\sentencia-Extract\1998\sentencia-pdf-1998.csv,,,0,0,True,False
01144-1997-AA,1998,sentencia,data\sentencia-Extract\1998\sentencia-pdf-1998.csv,,,0,0,True,False
01032-1996-AA,1998,sentencia,data\sentencia-Extract\1998\sentencia-pdf-1998.csv,,,0,0,True,False
00981-1997-AA,1998,sentencia,data\sentencia-Extract\1998\sentencia-pdf-1998.csv,,,0,0,True,False
00901-1997-AA,1998,sentencia,data\sentencia-Extract\1998\sentencia-pdf-1998.csv,,,0,0,True,False
00009-1996-AA,1998,sentencia,data\sentencia-Extract\1998\sentencia-pdf-1998.csv,,,0,0,True,False
00287-1998-AA,1998,sentencia,data\sentencia-Extract\1998\sentencia-pdf-1998.csv,,,0,0,True,False
00882-1997-AA,1998,sentencia,data\sentencia-Extract\1998\sentencia-pdf-1998.csv,,,0,0,True,False
00467-1996-AA,1998,sentencia,data\sentencia-Extract\1998\sentencia-pdf-1998.csv,,,0,0,True,False
00119-1996-AA,1998,sentencia,data\sentencia-Extract\1998\sentencia-pdf-1998.csv,,,0,0,True,False
00388-1998-AA,1998,sentencia,data\sentencia-Extract\1998\sentencia-pdf-1998.csv,,,0,0,True,False
00311-1998-AA,1998,sentencia,data\sentencia-Extract\1998\sentencia-pdf-1998.csv,,,0,0,True,False
00023-1998-AA,1998,sentencia,data\sentencia-Extract\1998\sentencia-pdf-1998.csv,,,0,0,True,False
00403-1998-AA,1998,sentencia,data\sentencia-Extract\1998\sentencia-pdf-1998.csv,,,0,0,True,False
00199-1996-AA,1998,sentencia,data\sentencia-Extract\1998\sentencia-pdf-1998.csv,,,0,0,True,False
00274-1998-AA,1998,sentencia,data\sentencia-Extract\1998\sentencia-pdf-1998.csv,,,0,0,True,False
00131-1998-AA,1998,sentencia,data\sentencia-Extract\1998\sentencia-pdf-1998.csv,,,0,0,True,False
00326-1998-AA,1998,sentencia,data\sentencia-Extract\1998\sentencia-pdf-1998.csv,,,0,0,True,False
00476-1997-AA,1998,sentencia,data\sentencia-Extract\1998\sentencia-pdf-1998.csv,,,0,0,True,False
00149-1997-AA,1998,sentencia,data\sentencia-Extract\1998\sentencia-pdf-1998.csv,,,0,0,True,False
00369-1997-AA,1998,sentencia,data\sentencia-Extract\1998\sentencia-pdf-1998.csv,,,0,0,True,False
00003-1998-AA,1998,sentencia,data\sentencia-Extract\1998\sentencia-pdf-1998.csv,,,0,0,True,False
00294-1997-AA,1998,sentencia,data\sentencia-Extract\1998\sentencia-pdf-1998.csv,,,0,0,True,False
01228-1997-HC,1998,sentencia,data\sentencia-Extract\1998\sentencia-pdf-1998.csv,,,0,0,True,False
00231-1995-AA,1998,sentencia,data\sentencia-Extract\1998\sentencia-pdf-1998.csv,,,0,0,True,False
00456-1996-AA,1998,sentencia,data\sentencia-Extract\1998\sentencia-pdf-1998.csv,,,0,0,True,False
00135-1996-AA,1998,sentencia,data\sentencia-Extract\1998\sentencia-pdf-1998.csv,,,0,0,True,False
00975-1996-HC,1998,sentencia,data\sentencia-Extract\1998\sentencia-pdf-1998.csv,,,0,0,True,False
00715-1997-AA,1998,sentencia,data\sentencia-Extract\1998\sentencia-pdf-1998.csv,,,0,0,True,False
00857-1996-AA,1998,sentencia,data\sentencia-Extract\1998\sentencia-pdf-1998.csv,,,0,0,True,False
00158-1996-AA,1998,sentencia,data\sentencia-Extract\1998\sentencia-pdf-1998.csv,,,0,0,True,False
01258-1997-AA,1998,sentencia,data\sentencia-Extract\1998\sentencia-pdf-1998.csv,,,0,0,True,False
00860-1997-AA,1998,sentencia,data\sentencia-Extract\1998\sentencia-pdf-1998.csv,,,0,0,True,False
00509-1997-AA,1998,sentencia,data\sentencia-Extract\1998\sentencia-pdf-1998.csv,,,0,0,True,False
00126-1997-AA,1998,sentencia,data\sentencia-Extract\1998\sentencia-pdf-1998.csv,,,0,0,True,False
00922-1996-HC,1998,sentencia,data\sentencia-Extract\1998\sentencia-pdf-1998.csv,,,0,0,True,False
00442-1998-AA,1998,sentencia,data\sentencia-Extract\1998\sentencia-pdf-1998.csv,,,0,0,True,False
00353-1996-HC,1998,sentencia,data\sentencia-Extract\1998\sentencia-pdf-1998.csv,,,0,0,True,False
00404-1998-AA,1998,sentencia,data\sentencia-Extract\1998\sentencia-pdf-1998.csv,,,0,0,True,False
00252-1996-AA,1998,sentencia,data\sentencia-Extract\1998\sentencia-pdf-1998.csv,,,0,0,True,False
00799-1997-AA,1998,sentencia,data\sentencia-Extract\1998\sentencia-pdf-1998.csv,,,0,0,True,False
01275-1997-AA,1998,sentencia,data\sentencia-Extract\1998\sentencia-pdf-1998.csv,,,0,0,True,False
00447-1998-AA,1998,sentencia,data\sentencia-Extract\1998\sentencia-pdf-1998.csv,,,0,0,True,False
00660-1996-HC,1998,sentencia,data\sentencia-Extract\1998\sentencia-pdf-1998.csv,,,0,0,True,False
00488-1997-AA,1998,sentencia,data\sentencia-Extract\1998\sentencia-pdf-1998.csv,,,0,0,True,False
00696-1997-AA,1998,sentencia,data\sentencia-Extract\1998\sentencia-pdf-1998.csv,,,0,0,True,False
00146-1996-AA,1998,sentencia,data\sentencia-Extract\1998\sentencia-pdf-1998.csv,,,0,0,True,False
01267-1997-AA,1998,sentencia,data\sentencia-Extract\1998\sentencia-pdf-1998.csv,,,0,0,True,False
01246-1997-AA,1998,sentencia,data\sentencia-Extract\1998\sentencia-pdf-1998.csv,,,0,0,True,False
00150-1996-AA,1998,sentencia,data\sentencia-Extract\1998\sentencia-pdf-1998.csv,,,0,0,True,False
00710-1996-HC,1998,sentencia,data\sentencia-Extract\1998\sentencia-pdf-1998.csv,,,0,0,True,False
00270-1997-AA,1998,sentencia,data\sentencia-Extract\1998\sentencia-pdf-1998.csv,,,0,0,True,False
00314-1997-AA,1998,sentencia,data\sentencia-Extract\1998\sentencia-pdf-1998.csv,,,0,0,True,False
01093-1997-AA,1998,sentencia,data\sentencia-Extract\1998\sentencia-pdf-1998.csv,,,0,0,True,False
01094-1997-AA,1998,sentencia,data\sentencia-Extract\1998\sentencia-pdf-1998.csv,,,0,0,True,False
00974-1996-HC,1998,sentencia,data\sentencia-Extract\1998\sentencia-pdf-1998.csv,,,0,0,True,False
01031-1996-AA,1998,sentencia,data\sentencia-Extract\1998\sentencia-pdf-1998.csv,,,0,0,True,False
00948-1997-AA,1998,sentencia,data\sentencia-Extract\1998\sentencia-pdf-1998.csv,,,0,0,True,False
00684-1997-AA,1998,sentencia,data\sentencia-Extract\1998\sentencia-pdf-1998.csv,,,0,0,True,False
00568-1996-HC,1998,sentencia,data\sentencia-Extract\1998\sentencia-pdf-1998.csv,,,0,0,True,False
00572-1996-HC,1998,sentencia,data\sentencia-Extract\1998\sentencia-pdf-1998.csv,,,0,0,True,False
00653-1997-AA,1998,sentencia,data\sentencia-Extract\1998\sentencia-pdf-1998.csv,,,0,0,True,False
00704-1996-AA,1998,sentencia,data\sentencia-Extract\1998\sentencia-pdf-1998.csv,,,0,0,True,False
00736-1997-AA,1998,sentencia,data\sentencia-Extract\1998\sentencia-pdf-1998.csv,,,0,0,True,False
00354-1996-HC,1998,sentencia,data\sentencia-Extract\1998\sentencia-pdf-1998.csv,,,0,0,True,False
00406-1997-AA,1998,sentencia,data\sentencia-Extract\1998\sentencia-pdf-1998.csv,,,0,0,True,False
00490-1997-AA,1998,sentencia,data\sentencia-Extract\1998\sentencia-pdf-1998.csv,,,0,0,True,False
00441-1998-AA,1998,sentencia,data\sentencia-Extract\1998\sentencia-pdf-1998.csv,,,0,0,True,False
00508-1997-AA,1998,sentencia,data\sentencia-Extract\1998\sentencia-pdf-1998.csv,,,0,0,True,False
00579-1996-HC,1998,sentencia,data\sentencia-Extract\1998\sentencia-pdf-1998.csv,,,0,0,True,False
00798-1997-AA,1998,sentencia,data\sentencia-Extract\1998\sentencia-pdf-1998.csv,,,0,0,True,False
00310-1997-AA,1998,sentencia,data\sentencia-Extract\1998\sentencia-pdf-1998.csv,,,0,0,True,False
00298-1997-AA,1998,sentencia,data\sentencia-Extract\1998\sentencia-pdf-1998.csv,,,0,0,True,False
01095-1997-AA,1998,sentencia,data\sentencia-Extract\1998\sentencia-pdf-1998.csv,,,0,0,True,False
01096-1997-AA,1998,sentencia,data\sentencia-Extract\1998\sentencia-pdf-1998.csv,,,0,0,True,False
00087-1995-AA,1998,sentencia,data\sentencia-Extract\1998\sentencia-pdf-1998.csv,,,0,0,True,False
00953-1997-HC,1998,sentencia,data\sentencia-Extract\1998\sentencia-pdf-1998.csv,,,0,0,True,False
00930-1996-HC,1998,sentencia,data\sentencia-Extract\1998\sentencia-pdf-1998.csv,,,0,0,True,False
00552-1997-AA,1998,sentencia,data\sentencia-Extract\1998\sentencia-pdf-1998.csv,,,0,0,True,False
00916-1997-AA,1998,sentencia,data\sentencia-Extract\1998\sentencia-pdf-1998.csv,,,0,0,True,False
00717-1996-HC,1998,sentencia,data\sentencia-Extract\1998\sentencia-pdf-1998.csv,,,0,0,True,False
00728-1997-AA,1998,sentencia,data\sentencia-Extract\1998\sentencia-pdf-1998.csv,,,0,0,True,False
00376-1996-AA,1998,sentencia,data\sentencia-Extract\1998\sentencia-pdf-1998.csv,,,0,0,True,False
00175-1997-AA,1998,sentencia,data\sentencia-Extract\1998\sentencia-pdf-1998.csv,,,0,0,True,False
00951-1997-AA,1998,sentencia,data\sentencia-Extract\1998\sentencia-pdf-1998.csv,,,0,0,True,False
00750-1997-AA,1998,sentencia,data\sentencia-Extract\1998\sentencia-pdf-1998.csv,,,0,0,True,False
01192-1997-AA,1998,sentencia,data\sentencia-Extract\1998\sentencia-pdf-1998.csv,,,0,0,True,False
01056-1997-AA,1998,sentencia,data\sentencia-Extract\1998\sentencia-pdf-1998.csv,,,0,0,True,False
00545-1996-AA,1998,sentencia,data\sentencia-Extract\1998\sentencia-pdf-1998.csv,,,0,0,True,False
00237-1998-AA,1998,sentencia,data\sentencia-Extract\1998\sentencia-pdf-1998.csv,,,0,0,True,False
01153-1997-AA,1998,sentencia,data\sentencia-Extract\1998\sentencia-pdf-1998.csv,,,0,0,True,False
00401-1998-HC,1998,sentencia,data\sentencia-Extract\1998\sentencia-pdf-1998.csv,,,0,0,True,False
01261-1997-AA,1998,sentencia,data\sentencia-Extract\1998\sentencia-pdf-1998.csv,,,0,0,True,False
01043-1996-HC,1998,sentencia,data\sentencia-Extract\1998\sentencia-pdf-1998.csv,,,0,0,True,False
00451-1997-AA,1998,sentencia,data\sentencia-Extract\1998\sentencia-pdf-1998.csv,,,0,0,True,False
00107-1996-AA,1998,sentencia,data\sentencia-Extract\1998\sentencia-pdf-1998.csv,,,0,0,True,False
00323-1997-AA,1998,sentencia,data\sentencia-Extract\1998\sentencia-pdf-1998.csv,,,0,0,True,False
00003-1997-AA,1998,sentencia,data\sentencia-Extract\1998\sentencia-pdf-1998.csv,,,0,0,True,False
00090-1997-AA,1998,sentencia,data\sentencia-Extract\1998\sentencia-pdf-1998.csv,,,0,0,True,False
00631-1996-AA,1998,sentencia,data\sentencia-Extract\1998\sentencia-pdf-1998.csv,,,0,0,True,False
00733-1996-AA,1998,sentencia,data\sentencia-Extract\1998\sentencia-pdf-1998.csv,,,0,0,True,False
00469-1997-AA,1998,sentencia,data\sentencia-Extract\1998\sentencia-pdf-1998.csv,,,0,0,True,False
00440-1996-AA,1998,sentencia,data\sentencia-Extract\1998\sentencia-pdf-1998.csv,,,0,0,True,False
00188-1997-HC,1998,sentencia,data\sentencia-Extract\1998\sentencia-pdf-1998.csv,,,0,0,True,False
00522-1997-AA,1998,sentencia,data\sentencia-Extract\1998\sentencia-pdf-1998.csv,,,0,0,True,False
00963-1997-AA,1998,sentencia,data\sentencia-Extract\1998\sentencia-pdf-1998.csv,,,0,0,True,False
01043-1997-AA,1998,sentencia,data\sentencia-Extract\1998\sentencia-pdf-1998.csv,,,0,0,True,False
00633-1996-AA,1998,sentencia,data\sentencia-Extract\1998\sentencia-pdf-1998.csv,,,0,0,True,False
00636-1997-AA,1998,sentencia,data\sentencia-Extract\1998\sentencia-pdf-1998.csv,,,0,0,True,False
00307-1998-AA,1998,sentencia,data\sentencia-Extract\1998\sentencia-pdf-1998.csv,,,0,0,True,False
00771-1996-AA,1998,sentencia,data\sentencia-Extract\1998\sentencia-pdf-1998.csv,,,0,0,True,False
01200-1997-AA,1998,sentencia,data\sentencia-Extract\1998\sentencia-pdf-1998.csv,,,0,0,True,False
00132-1995-AA,1998,sentencia,data\sentencia-Extract\1998\sentencia-pdf-1998.csv,,,0,0,True,False
00688-1997-AC,1998,sentencia,data\sentencia-Extract\1998\sentencia-pdf-1998.csv,,,0,0,True,False
00766-1997-AA,1998,sentencia,data\sentencia-Extract\1998\sentencia-pdf-1998.csv,,,0,0,True,False
00229-1995-AA,1998,sentencia,data\sentencia-Extract\1998\sentencia-pdf-1998.csv,,,0,0,True,False
00030-1997-AA,1998,sentencia,data\sentencia-Extract\1998\sentencia-pdf-1998.csv,,,0,0,True,False
00139-1995-AA,1998,sentencia,data\sentencia-Extract\1998\sentencia-pdf-1998.csv,,,0,0,True,False
00810-1996-AA,1998,sentencia,data\sentencia-Extract\1998\sentencia-pdf-1998.csv,,,0,0,True,False
00556-1996-AA,1998,sentencia,data\sentencia-Extract\1998\sentencia-pdf-1998.csv,,,0,0,True,False
00718-1997-AA,1998,sentencia,data\sentencia-Extract\1998\sentencia-pdf-1998.csv,,,0,0,True,False
00504-1997-AA,1998,sentencia,data\sentencia-Extract\1998\sentencia-pdf-1998.csv,,,0,0,True,False
01087-1997-AA,1998,sentencia,data\sentencia-Extract\1998\sentencia-pdf-1998.csv,,,0,0,True,False
01069-1997-AA,1998,sentencia,data\sentencia-Extract\1998\sentencia-pdf-1998.csv,,,0,0,True,False
00439-1997-AA,1998,sentencia,data\sentencia-Extract\1998\sentencia-pdf-1998.csv,,,0,0,True,False
00664-1996-HC,1998,sentencia,data\sentencia-Extract\1998\sentencia-pdf-1998.csv,,,0,0,True,False
00194-1998-AA,1998,sentencia,data\sentencia-Extract\1998\sentencia-pdf-1998.csv,,,0,0,True,False
01278-1997-AA,1998,sentencia,data\sentencia-Extract\1998\sentencia-pdf-1998.csv,,,0,0,True,False
00278-1996-AA,1998,sentencia,data\sentencia-Extract\1998\sentencia-pdf-1998.csv,,,0,0,True,False
00839-1996-AA,1998,sentencia,data\sentencia-Extract\1998\sentencia-pdf-1998.csv,,,0,0,True,False
00767-1996-AA,1998,sentencia,data\sentencia-Extract\1998\sentencia-pdf-1998.csv,,,0,0,True,False
00229-1996-AA,1998,sentencia,data\sentencia-Extract\1998\sentencia-pdf-1998.csv,,,0,0,True,False
00815-1997-AA,1998,sentencia,data\sentencia-Extract\1998\sentencia-pdf-1998.csv,,,0,0,True,False
00067-1996-AA,1998,sentencia,data\sentencia-Extract\1998\sentencia-pdf-1998.csv,,,0,0,True,False
00002-1998-AA,1998,sentencia,data\sentencia-Extract\1998\sentencia-pdf-1998.csv,,,0,0,True,False
00058-1997-HC,1998,sentencia,data\sentencia-Extract\1998\sentencia-pdf-1998.csv,,,0,0,True,False
00068-1998-AA,1998,sentencia,data\sentencia-Extract\1998\sentencia-pdf-1998.csv,,,0,0,True,False
00574-1996-HC,1998,sentencia,data\sentencia-Extract\1998\sentencia-pdf-1998.csv,,,0,0,True,False
00688-1996-AA,1998,sentencia,data\sentencia-Extract\1998\sentencia-pdf-1998.csv,,,0,0,True,False
00543-1997-AA,1998,sentencia,data\sentencia-Extract\1998\sentencia-pdf-1998.csv,,,0,0,True,False
00571-1996-HC,1998,sentencia,data\sentencia-Extract\1998\sentencia-pdf-1998.csv,,,0,0,True,False
00818-1997-AA,1998,sentencia,data\sentencia-Extract\1998\sentencia-pdf-1998.csv,,,0,0,True,False
01225-1997-AA,1998,sentencia,data\sentencia-Extract\1998\sentencia-pdf-1998.csv,,,0,0,True,False
00166-1996-AA,1998,sentencia,data\sentencia-Extract\1998\sentencia-pdf-1998.csv,,,0,0,True,False
00507-1997-AA,1998,sentencia,data\sentencia-Extract\1998\sentencia-pdf-1998.csv,,,0,0,True,False
00386-1996-AA,1998,sentencia,data\sentencia-Extract\1998\sentencia-pdf-1998.csv,,,0,0,True,False
00976-1997-AA,1998,sentencia,data\sentencia-Extract\1998\sentencia-pdf-1998.csv,,,0,0,True,False
00450-1997-AA,1998,sentencia,data\sentencia-Extract\1998\sentencia-pdf-1998.csv,,,0,0,True,False
00350-1997-AA,1998,sentencia,data\sentencia-Extract\1998\sentencia-pdf-1998.csv,,,0,0,True,False
01269-1997-AA,1998,sentencia,data\sentencia-Extract\1998\sentencia-pdf-1998.csv,,,0,0,True,False
00267-1998-AC,1998,sentencia,data\sentencia-Extract\1998\sentencia-pdf-1998.csv,,,0,0,True,False
00333-1996-AC,1998,sentencia,data\sentencia-Extract\1998\sentencia-pdf-1998.csv,,,0,0,True,False
01146-1997-AA,1998,sentencia,data\sentencia-Extract\1998\sentencia-pdf-1998.csv,,,0,0,True,False
00045-1997-AA,1998,sentencia,data\sentencia-Extract\1998\sentencia-pdf-1998.csv,,,0,0,True,False
00859-1997-AA,1998,sentencia,data\sentencia-Extract\1998\sentencia-pdf-1998.csv,,,0,0,True,False
00898-1997-HC,1998,sentencia,data\sentencia-Extract\1998\sentencia-pdf-1998.csv,,,0,0,True,False
00876-1997-AA,1998,sentencia,data\sentencia-Extract\1998\sentencia-pdf-1998.csv,,,0,0,True,False
00676-1997-HC,1998,sentencia,data\sentencia-Extract\1998\sentencia-pdf-1998.csv,,,0,0,True,False
00969-1996-AA,1998,sentencia,data\sentencia-Extract\1998\sentencia-pdf-1998.csv,,,0,0,True,False
00969-1997-AA,1998,sentencia,data\sentencia-Extract\1998\sentencia-pdf-1998.csv,,,0,0,True,False
00533-1997-AA,1998,sentencia,data\sentencia-Extract\1998\sentencia-pdf-1998.csv,,,0,0,True,False
00531-1996-AA,1998,sentencia,data\sentencia-Extract\1998\sentencia-pdf-1998.csv,,,0,0,True,False
00349-1997-AA,1998,sentencia,data\sentencia-Extract\1998\sentencia-pdf-1998.csv,,,0,0,True,False
00344-1997-HC,1998,sentencia,data\sentencia-Extract\1998\sentencia-pdf-1998.csv,,,0,0,True,False
01289-1997-AA,1998,sentencia,data\sentencia-Extract\1998\sentencia-pdf-1998.csv,,,0,0,True,False
00333-1998-AA,1998,sentencia,data\sentencia-Extract\1998\sentencia-pdf-1998.csv,,,0,0,True,False
00278-1998-AA,1998,sentencia,data\sentencia-Extract\1998\sentencia-pdf-1998.csv,,,0,0,True,False
00192-1998-AA,1998,sentencia,data\sentencia-Extract\1998\sentencia-pdf-1998.csv,,,0,0,True,False
00153-1995-AA,1998,sentencia,data\sentencia-Extract\1998\sentencia-pdf-1998.csv,,,0,0,True,False
00245-1995-AA,1998,sentencia,data\sentencia-Extract\1998\sentencia-pdf-1998.csv,,,0,0,True,False
01203-1997-AA,1998,sentencia,data\sentencia-Extract\1998\sentencia-pdf-1998.csv,,,0,0,True,False
00218-1996-AA,1998,sentencia,data\sentencia-Extract\1998\sentencia-pdf-1998.csv,,,0,0,True,False
00293-1996-AA,1998,sentencia,data\sentencia-Extract\1998\sentencia-pdf-1998.csv,,,0,0,True,False
01189-1997-AA,1998,sentencia,data\sentencia-Extract\1998\sentencia-pdf-1998.csv,,,0,0,True,False
01147-1997-AA,1998,sentencia,data\sentencia-Extract\1998\sentencia-pdf-1998.csv,,,0,0,True,False
01148-1997-AA,1998,sentencia,data\sentencia-Extract\1998\sentencia-pdf-1998.csv,,,0,0,True,False
00006-1998-AA,1998,sentencia,data\sentencia-Extract\1998\sentencia-pdf-1998.csv,,,0,0,True,False
00021-1998-AA,1998,sentencia,data\sentencia-Extract\1998\sentencia-pdf-1998.csv,,,0,0,True,False
01035-1997-AA,1998,sentencia,data\sentencia-Extract\1998\sentencia-pdf-1998.csv,,,0,0,True,False
00027-1992-HC,1998,sentencia,data\sentencia-Extract\1998\sentencia-pdf-1998.csv,,,0,0,True,False
00705-1997-AA,1998,sentencia,data\sentencia-Extract\1998\sentencia-pdf-1998.csv,,,0,0,True,False
00145-1995-AA,1998,sentencia,data\sentencia-Extract\1998\sentencia-pdf-1998.csv,,,0,0,True,False
00358-1998-AA,1998,sentencia,data\sentencia-Extract\1998\sentencia-pdf-1998.csv,,,0,0,True,False
00437-1998-HC,1998,sentencia,data\sentencia-Extract\1998\sentencia-pdf-1998.csv,"Don José Salomón Linares Cornejo, plantea por doña Marilú Lupe Cornejo Chire y
don Víctor Chire Zapana, Acción de Habeas Corpus, sosteniendo que se les ha violado el
derecho al debido proceso y a no ser encarcelados por falsos delitos. Refiere que ante el
Juzgado de Camaná se ha tramitado un proc","Don José Salomón Linares Cornejo, plantea por doña Marilú Lupe Cornejo Chire y don Víctor Chire Zapana, Acción de Habeas Corpus, sosteniendo que se les ha violado el derecho al debido proceso y a no ser encarcelados por falsos delitos. Refiere que ante el Juzgado de Camaná se ha tramitado un proceso penal, en contra de sus patrocinados, sobre Usurpación, y que los denunciados, integrantes de la Sala Itinerante de Camaná, por tener un vínculo amical con la parte denunciante en dicho proceso penal, y están presionando al Juez Penal para que sentencie a favor del denunciante don Gino Magagna Sicheri. Sostiene que esta acción debe ser amparada, en virtud a lo señalado en el artículo 2000 de la Constitución Política del Estado, pues por un acto u omisión del acto debido se vulneran las garantías constitucionales de la libertad individual y del debido proceso. Iniciada la sumaria investigación, se toman las declaraciones de los accionados, quienes niegan y rechazan los argumentos de la acción de Habeas Corpus, indicando que como miembros de la Sala Itinerante de Camaná, en la acción penal a que se refiere el actor, se han sujetado a las normas de carácter imperativo que regula el trámite de la misma; que cualquier apreciación de carácter subjetivo es ajena a éste y a cualquier proceso. El Juzgado, a fojas 52 y con fecha veintitres de diciembre de mil novecientos noventa y siete, declara infundada la acción de Hábeas Corpus interpuesta, considerando que no se ha establecido violación o amenaza de violación de la libertad individual de los agraviados. A fojas 90, aparece la sentencia de la Segunda Sala Penal de la Corte Superior de Arequipa, su fecha veintiocho de enero de mil novecientos noventa y ocho, que confirma la sentencia apelada, entendiendo que los cargos se refieren a actos procesales jurisdiccionales, I pronunciados en un proceso en giro y en los que no se aprecia vulneración a los derechos invocados.",1961,1938,False,False
00340-1998-AA,1998,sentencia,data\sentencia-Extract\1998\sentencia-pdf-1998.csv,"Don Guillenno Rey Terry y doña Delia Revoredo Marsano de Mur interponen
Acción de Amparo contra el Congreso de la República sustentando su reclamo en la
transgresión de sus derechos constitucionales al debido proceso legal yal acceso y ejercicio
de la función pública.
Alegan que fueron destituí ","Don Guillenno Rey Terry y doña Delia Revoredo Marsano de Mur interponen Acción de Amparo contra el Congreso de la República sustentando su reclamo en la transgresión de sus derechos constitucionales al debido proceso legal yal acceso y ejercicio de la función pública. Alegan que fueron destituí dos de su cargo de Magistrados del Tribunal Constitucional, mediante las Resoluciones Legislativas N° 003-97 -CR Y N° 004-97 -CR, publicadas con fecha veintinueve de mayo de mil novecientos noventa y siete, tras un proceso absolutamente irregular y que ha sido consecuencia de la resolución de fecha veintiuno de enero de mil novecientos noventa y siete que suscribieron conjuntamente con su colega don Manuel Aguirre Roca respecto del recurso de aclaración deducido por el Colegio de Abogados de Lima con relación a la sentencia que emitieran los mismos magistrados con fecha tres de enero de mil novecientos noventa y siete. Especifican que durante el trámite que concluyó con su destitución en el cargo, se transgredió de dos formas su derecho al Debido Proceso: 1). En primer ténnino, se violó el procedimiento previsto para el trámite del dictamen de la comisión investigadora del Congreso de la República que dio lugar a su destitución, toda vez que confonne lo dispone el artículo 88° del Reglamento del Congreso, especialmente sus incisos g), Oh), i), j), es sólo después del debate y aprobación del informe presentado por la Comisión de Investigación, que el Congreso procederá, en caso de existir presunción de la comisión de un delito, a formular la correspondiente acusación constitucional, caso contrario y si surgen nuevas pruebas o hechos puede optar por devolver el informe a la Comisión o nombrar otra. En el presente caso, sin embargo, la llamada Comisión Hildebrandt emitió un informe en mayoría que no fue objeto de discusión ni de votación en el Pleno del Congreso, motivo por el que no debió tramitarse la irregular acusación constitucional que, este contenía en contra de los demandantes; 2). En segundo término, se impuso a los recurrentes una sanción mediante un procedimiento no previsto para ello, dado que el artículo 89° del Reglamento del Congreso, que es la norma conforme a la cual se les procesó y sancionó, establece el procedimiento parlamentario de acusación constitucional conforme al cual se realiza el llamado antejuicio político, al que tiene derecho los altos funcionarios del Estado comprendidos en el artículo 99° de la Constitución Política y dicho antejuicio, única y exclusivamente, tiene por objeto el permitir que determinados funcionarios del Estado puedan ser juzgados por haber incurrido en conductas punibles ante los tribunales de la jurisdicción ordinaria, motivo por el que no culmina, en una condena o absolución del funcionario implicado, sino en la decisión del Congreso en el sentido de si queda este, sujeto o no a un proceso penal y será en este último, donde se investigará y juzgará la conducta penal imputada. Por el contrario de no existir lugar a formación de causa el expediente se archivará. En el presente caso, sin embargo, los demandantes fueron procesados no a consecuencia de haber cometido algún delito, sino como consecuencia de haber sido denunciados por infracción a la Constitución. Es por ello que, recibida la denuncia por la Comisión Permanente, esta nombró una subcomisión encargada de informar sobre la denuncia, y ha sido en base al informe de dicha subcomisión, que la Comisión Permanente formuló acusación Constitucional por haber infringido los artículos 139° inciso 3 y 201 ° de la Constitución y finalmente el Congreso no ha declarado que había lugar a formación de causa, ni ha archivado el expediente, sino que ha asumido una tercera posición no prevista, ya que los ha destituído del cargo de Magistrados del Tribunal Constitucional aplicándoles una sanción que no podía ser materia de antejuicio constitucional. Igualmente y por otra parte, puntualizan los demandantes que su derecho constitucional al acceso y ejercicio de la función pública fue transgredido ya que la destitución de la que han sido objeto es consecuencia de haber efectuado una aclaración de una resolución que sólo los demandantes y su colega Aguirre Roca, pronunciaron, es decir, se les ha sancionado por los votos y opiniones emitidos en el ejercicio de su función jurisdiccional en manifiesto desconocimiento de que los magistrados del Tribunal Constitucional gozan de la prerrogativa constitucional de la inviolabilidad e independencia en el ejercicio de sus funciones. Precisan los demandantes además, que a pesar que el Congreso estableció expresamente los límites de la competencia de la Comisión Investigadora (la Comisión Hildebrandt) encargada de esclarecer la denuncias relativas al Tribunal, la misma excedió dichos límites e interfirió por pretender exigir responsabilidad a los magistrados por haber actuado en ejercicio de sus funciones. Por todo 10 expuesto, solicitan los demandantes, se declaren sin efecto legal alguno los actos de destitución de su cargo como Magistrados del Tribunal Constitucional, y se ordene su reincoporación a dicho organismo constitucional. El Procurador Público del Estado a cargo de la defensa judicial del Poder Legislativo y de la Presidencia del Consejo de Ministros, don Jorge Hawie Soret, contesta la demanda negándola y contradiciendo la, fundamentalmente por estimar: Que no se ha violado el trámite del dictamen de la comisión investigadora del Congreso por cuanto los informes como los dictámenes de una comisión de este tipo son presentados de conformidad con el artículo 71 ° del Reglamento del Congreso de la República sin que pueda inferirse que deben ser sometidos al Pleno; y en todo caso la invocación del inciso h) del artículo 88° del citado Reglamento, debe ser concordada con los incisos i) y j), de cuyo contexto se deduce que se está normando la tramitación de informes que hayan concluído en una supuesta responsabilidad penal de los investigados, mas no en los casos en que se determine infracción constitucional; Que tampoco se ha violado el debido proceso por imponerse sanción mediante procedimiento no previsto ya que la sanción impuesta por el Pleno del Congreso se encuentra prevista en el artículo 100° de la Constitución Política; Que por último, tampoco se ha vulnerado el derecho constitucional al acceso y ejercicio de la función pública ya que la destitución impuesta a los ex Magistrados no se sustentó en el contenido de sus votos y opiniones sino en el procedimiento empleado para resolver el Recurso de Aclaración formulado por el Colegio de Abogados de Lima, el mismo que debió contar, con el quorum mínimo de ley. El Apoderado Especial Judicial del Congreso para la defensa en las acciones de amparo, don Jorge Miguel Campana Ríos, también se apersona al proceso negando la demanda en todos sus extremos, principalmente por estimar: Que la llamada Comisión Hildebrandt no se constituyó como un grupo de trabajo limitado a estudiar las denuncias de la doctora Delia Revoredo Marsano, sino que estaba facultada para ocuparse de toda denuncia o asunto vinculado al Tribunal Constitucional, por lo que no transgredió los límites materiales de su competencia; Que la comisión, dentro de la amplitud que le ofrecía su denominación formuló denuncia contra los tres magistrados a quienes encontró responsables de infracción constitucional y 10 hizo en procedimiento singular; Que la nueva Constitución introdujo el juicio político, en el cual el Congreso puede aplicar sanciones, independientemente de las que corresponda al Poder Judicial, conforme 10 evidencia el artículo 100° de la Carta Constitucional vigente; Que en la estructura de nuestro juicio político, el Congreso de la República está facultado para suspender, destituir e inhabilitar a los altos funcionarios del Estado cuya relación figura en el artículo 99° de la Carta Fundamental; Que así como la labor parlamentaria está sometida a la Constitución y a la fiscalización judicial, también los Magistrados del Tribunal Constitucional están sometidos . · a la Constitución y la Ley, pues estos no pueden ser absolutamente irresponsables como lo pretenden los demandantes; Que los demandantes fueron procesados ante órgano competente, como es el Congreso de la República observándose los trámites fijados por la Constitución y el Reglamento del Congreso; Que la expresión ""formación de causa"" que utiliza el inciso j) del artículo 89° del Reglamento del Congreso debe ser entendida para el caso en el que el Congreso, tras aplicar las sanciones para las cuales está facultado, considere que el asunto debe pasar a los tribunales ordinarios, para que allí se inicie la causa penal correspondiente; Que los demandantes fueron culpables de grave infracción constitucional y legal, al haber asumido ellos, juntamente con el ex magistrado Manuel Aguirre Roca, una función que, en ningún caso, puede corresponder a tres miembros del pleno para proceder de esa manera, resulta irrelevante, pues ni siquiera este último está en capacidad para autorizar la violación de la Constitución y la ley. De fojas doscientos sesenta y tres a doscientos setenta y siete y con fecha dieciocho de setiembre de mil novecientos noventa y siete el Primer Juzgado Corporativo Transitorio Especializado en Derecho Público expide resolución declarando infundada la demanda, principalmente por considerar: Que conforme 10 preceptuado en el artículo 102° inciso 2) de la Constitución Política del Estado, una de las atribuciones del Congreso es velar por el respeto de está y de las leyes así como disponer 10 conveniente para hacer efectiva la responsabilidad de los infractores; Que dentro de las funciones de fiscalización y control que como atribuciones del Parlamento, se disponen en nuestra Constitución; se le faculta, según el artículo 97°, el poder iniciar investigaciones sobre cualquier asunto de interés público, imponiéndose a su vez la obligación de todo ciudadano, sin distingo alguno, de comparecer ante las comisiones encargadas de tales investigaciones; Que el Congreso de la República designó una Comisión multipartidaria a efectos de que se esclarezca la denuncia formulada por la doctora Delia Revoredo de Mur, los presuntos actos de presión contra el inconstitucionalidad N° 02-96-I1TC del Colegio de Abogados de Lima contra la Ley N° 26657, consignándose textualmente que ""ninguna de las investigaciones que realice la Comisión Investigadora deberá revisar las sentencias dictadas por el Tribunal Constitucional en el ejercicio de su función de control de la constitucionalidad"" expresándose además su más completo respeto a las decisiones jurisdiccionales del dicho organismo; Que la citada Comisión presidida por la Congresista Martha Hildebrandt Pérez Treviño, concluyó denunciando constitucionalmente a los magistrados Ricardo Nugent Lopez Chavez, Manuel Aguirre Roca, Guillermo Rey Terry y Delia Revoredo Marsano de Mur por infracción del artículo 201 ° de la Constitución, debido a los hechos a que se refieren los numerales primero y segundo contenidos en el cuerpo de su informe, conforme a lo previsto en el artículo 88° del Reglamento del Congreso y en los artículos 99° y 100° de la Constitución, enviándose dicha denuncia a la Comisión Permanente del Congreso; Que para los efectos de informar sobre la denuncia constitucional presentada, se designó una Sub-Comisión presidida por la Congresista Luz Salgado Rubianes de Paredes, la que concluyó opinando que ""existe mérito para proponer que la Comisión Permanente formule acusación constitucional ante el Pleno del Congreso contra los Magistrados Ricardo Nugent López Chavez, Manuel Aguirre Roca, Guillermo Rey Terry y Delia Revoredo Marsano de Mur, por haber infringido la Constitución, sin peIjuicio de lo expuesto, la Comisión Permanente podrá considerar las circunstancias atenuantes que puedan demostrar los magistrados denunciados, si deciden ejercer ante ella el derecho de defensa, para los efectos de proponer la sanción que les correspondería conforme al artículo 100° de la Constitución""; Que en nuestro texto Magno se ha legislado que corresponde a la Comisión Permanente acusar ante el Congreso, a altos funcionarios estatales, entre los cuales se encuentran justamente los miembros del Tribunal Constitucional cuando incurran en infracción de la Constitución y además por todo delíto que cometan en el ejercicio de sus funciones y hasta cinco años después de que hayan cesado éstas; Que el Congreso de la República sometió a los dos demandantes a un juicio político en acatamiento pleno de los cánones constitucionales anotados, juicio político que en doctrina ""tiene por finalidad separar de sus cargos a funcionarios que la Ley Fundamental determina, por motivos de incapacidad, mala conducta o delitos, dejando libre la acción de la justicia para aplicar la penalidad y perseguir el cobro de la indemnización civil correspondiente""; Que a los demandantes oportunamente se les comunicó por el medio regular la tramitación de la investigación seguida en la Comisión y Sub-Comisión, siendo citados del modo legal exigido para que informaran, otorgándoles la oportunidad de ejercer su derecho de defensa, informando incluso de modo verbal y escrito, designando defensor letrado a su elección; Que en consecuencia, no está acreditado que en el proceso seguido por el Congreso para la destitución de los demandantes como miembros del Tribunal Constitucional, se hayan producido la concurrencia de los presupuestos procesales que posibilitan la procedencia de la acción de garantía ni tampoco los elementos probatorios que acrediten que los demandantes fueron destituidos de su cargo de modo arbitrario, abusivo e inconstitucional, puesto que el Congreso de la República, al procesarlos, acusarlos y destituirlos por actos y omisiones en peIjuicio de los intereses públicos y fundamentales o de su buen y correcto despacho como Magistrados del Tribunal Constitucional; Que si bien es cierto que por disposición constitucional, los actores poseían la misma inmunidad y prerrogativas que un Congresista, éstas tienen como fundamento el garantizar la libertad e independencia de la institución, no siendo conferidas como atributos personales, ni menos para ser convertidos en instrumentos de utilización, según criterios de oportunidad política, ya que dentro de nuestro Ordenamiento Jurídico no se pueden permitir personas impunes al imperio de la Ley. A fojas trescientos cuarenta, la co-demandante, Delia Revoredo Marsano de Mur, se desiste conforme a ley del recurso de apelación interpuesto. De fojas trescientos ochenta y cinco a trescientos noventa y con fecha nueve de febrero de mil novecientos noventa y ocho, la Sala Corporativa Transitoria Especializada en Derecho Público, expide resolución dando por admitido el desistimiento y consentida la sentencia apelada en el caso de doña Delia Revoredo Marsano , dejando susbsistente la apelación respecto de don Guillermo Rey Terry y confirmando a su vez la resolución apelada, fundamentalmente por considerar: Que el artículo 97° de la Carta Magna faculta al Congreso de la República a iniciar investigaciones sobre cualquier asunto de interés público y establece la obligatoriedad de comparecer por requerimiento ante las Comisiones encargadas de la investigación, bajo los mismos apremios que se observan en el procedimiento judicial; Que en el ejercicio de esta facultad la Comisión Permanente nombró una Sub-Comisión a fin de informar sobre la denuncia constitucional contra los Magistrados del Tribunal Constitucional, la misma que concluyó en que el Magistrado accionante y los Magistrados Manuel Aguirre Roca y Delia Revoredo Marsano han infringido la Constitución por atribuirse la representación del Tribunal, que es de siete miembros, al resolver sólo tres de ellos el recurso de aclaración presentado por el Colegio de Abogados de Lima, sin que se haya convocado y reunido el Tribunal con el quorurn requerido para deliberar este pedido, y en consecuencia opinó porque existía mérito para proponer que la Comisión Permanente formule acusación constitucional; Que respecto del cuestionamiento a la sanción de destitución por parte del Congreso, se tiene que la Constitución de 1979 reguló únicamente el antejuicio como una etapa previa que permite reunir la información pertinente a fin de que posteriormente se formule con mayor credibilidad la correspondiente denuncia penal, sin embargo el juicio político ha sido regulado por la actual Constitución de 1993 constituyendo la atribución del Congreso en virtud de la cual puede juzgar las conductas de determinados funcionarios, pudiendo imponer sanciones , por 10 que se colige que el Congreso no necesita del Poder Jurisdiccional para imponer una sanción, ya que el juicio político a diferencia del antejuicio, no concluye necesariamente con la remisión de todo 10 actuado al Fiscal de la Nación, sino que el Congreso directamente, luego de haber efectuado las investigaciones pertinentes y de haber facilitado el derecho de defensa del funcionario investigado, puede imponerle una de las sanciones previstas en el artículo 100° de la Constitución; Que el procedimiento aplicable a los antejuicios se encuentra en el artículo 89° del Reglamento del Congreso, conforme se colige del artículo 88° inciso g), i), y j), ya que sólo cuando de las investigaciones que realiza el Congreso aparezca la presunción de la comisión de un delito, el Congreso envía dichos resultados al Fiscal de la Nación para que inicie las acciones correspondientes, igual procedimiento se observa en el segundo párrafo del artículo 100° de la Carta; Que el Congreso al emitir la Resolución Legislativa N° 003-97-CR que destituyó al actor, ha actuado con la potestad conferida en el Texto Constitucional y en ejercicio de sus competencias; Que el derecho de defensa es abstracto, no requiere de contenido, bastando con concederle al emplazado la oportunidad de apersonarse al proceso, contestar, probar, alegar impugnar a lo largo de su trámite, para que esté presente; Que tanto el accionante como sus colegas en todo momento desconocieron la competencia de la Sub Comisión investigadora a pesar de habérseles solicitado sus descargos, por 10 que no ha sido transgredido su derecho de defensa. Contra esta resolución el demandante interpone Recurso Extraordinario, siendo remitidos los autos al Tribunal Constitucional. FUNDAMENTOS: l. Que conforme se aprecia del petitorio contenido en la demanda interpuesta, así como del escrito de desistimiento del recurso de apelación formulado a fojas trescientos cuarenta por doña Delia Revoredo Marsano de Mur, y que dio lugar a que en su caso particular, se diera por consentida la resolución apelada de fojas doscientos sesenta y tres, su fecha dieciocho de setiembre de mil novecientos noventa y siete, mediante la resolución recurrida de fojas trescientos ochenta y cinco, su fecha nueve de febrero de mil novecientos noventa y ocho; éste tiene por objeto, el dejar sin efecto legal alguno los actos de destitución del demandante don Guillermo Rey Terry por parte del Congreso de la República mediante la Resolución Legislativa N° 003-97-CR del veintinueve de mayo de mil novecientos noventa y siete, así como que se ordene su reincorporación como Magistrado del Tribunal Constitucional, tras haberse vulnerado sus derechos constitucionales al debido proceso legal y al acceso y ejercicio de la función pública. 2. Que por consiguiente y partiendo de la constatación respecto de las condiciones de procedibilidad de la presente acción, que en el presente caso han sido satisfechas, por tratarse de un cuestionamiento a decisiones particulares del máximo nivel adoptadas por el Congreso de la República, que por lo mismo, no pueden ser recurridas previamente, y estando a que la demanda ha sido planteada dentro del término legal, procede determinar la legitimidad o no del petitorio propuesto, debiendo empezarse por señalar, que este último se sustenta en la existencia de tres transgresiones a los derechos del recurrente: a). Una violación al debido proceso en el trámite del dictamen acusatorio emitido por la Comisión Investigadora inicialmente designada por el Congreso; b). Una transgresión a su debido proceso al haberle impuesto el Congreso una sanción mediante un procedimiento no previsto para ello, y; c). Una vulneración de su derecho al libre ejercicio de la función pública señalada en la Constitución, al habérsele destituído juntamente con otros dos Magistrados del Tribunal Constitucional, por los votos y opiniones emitidos a propósito del ejercicio de su función jurisdiccional. 3. Que en lo que respecta al primero de los extremos señalados, este Colegiado debe precisar, que si bien el inciso h) del artículo 88° del Reglamento del Congreso de la República determina que ""Presentado el informe de la Comisión de Investigación, el Pleno del Congreso lo debate y vota ... "", dicho dispositivo necesariamente debe concordarse con lo dispuesto tanto en el inciso i) como en el inciso j) del mismo citado precepto, cuyos textos disponen, respectivamente, que ""Si el informe es aprobado, el Congreso lo envía al Fiscal de la Nación, acompañado de todos los actuados, a fin de que proceda a iniciar las acciones que correspondan, tratándose de personas no pasibles de acusación constitucionaL."" y que ""Si del informe se derivan denuncias penales contra funcionarios que gozan del privilegio de antejuicio, se seguirá el procedimiento establecido para las acusaciones constitucionales establecido en los artículos 99° Y 100° de la Constitución Política del Estado y las normas reglamentarias que regulan la materia"". 4. Que, en efecto, concordadas sistemáticamente dichas disposiciones, se tiene como conclusión elemental, que sólo resultan susceptibles de debate y votación por parte del Pleno del Congreso de la República, aquellos informes cuyos resultados incidan de modo particular en la detenninación de imputaciones de contenido penal, pues tanto en el inciso i) (que se refiere a personas no pasibles de acusación constitucional) como en el inciso j) (que se refiere a personas pasibles de acusación por gozar del privilegio de antejuicio), la idea principal y exclusiva se orienta por el tratamiento procesal que el Congreso dispensa a las personas cuya responsabilidad, por ser de índole penal, habrá de dilucidarse necesariamente en la vía judicial, más no así por aquel tratamiento, que, por el contrario, debe darse para el caso de aquellas personas, que, sin ser responsables penalmente, si 10 sean, empero, constitucionalmente. 5. Que por añadidura e independientemente a toda concordancia sistemática, debe señalarse que tampoco existe en el Reglamento del Congreso norma alguna que imponga de modo expreso y general que los informes emitidos por las Comisiones Investigadoras, que solo detenninan responsabilidad constitucional y no penal, tengan que ser sometidos al Pleno del Congreso para su debate y votación como paso previo a la presentación de una denuncia constitucional, por lo que no siendo admisible considerar requisitos no previstos en la ley, por tratarse de normas de Derecho Público, este primer extremo del petitorio formulado por el demandante, resulta desestimable por infundado. 6. Que en segundo lugar, y en lo que respecta al procedimiento utilizado por el Congreso de la República para aplicar la sanción de destitución al demandante, este Colegiado entiende como premisa general, que nuestra Constitución Política vigente, a diferencia de anteriores Constituciones, no ha consagrado única y exclusivamente la institución del llamado ""Antejuicio Constitucional"", como un procedimiento destinado a determinar la procedencia de un juzgamiento penal de funcionarios de alto rango por ante el Poder Judicial, previa habilitación del Congreso de la República, sino que a su vez ha reconocido la existencia de un auténtico ""Juicio Político"", que supone la potestad de procesamiento y sanción de la que privativamente está investido el Congreso, en los casos específicos de infracción de la Constitución por funcionarios de alto rango y en la que, en principio, no interviene en lo absoluto el Poder Judicial. 7. Que en efecto, mientras que conforme al artículo 99° de nuestra Norma Fundamental ""Corresponde a la Comisión Permanente acusar ante el Congreso: Al Presidente de la República; a los representantes a Congreso; a los Ministros de Estado; a los miembros del Tribunal Constitucional; a los miembros del Consejo Nacional de la Magistratura; a los vocales de la Corte Suprema de la República; a los fiscales supremos; al Defensor del Pueblo y al Contralor General por infracción de la Constitución y por todo delito que cometan en el ejercicio de sus funciones y hasta cinco años después de que hayan cesado éstas"", conforme al artículo 1000 de la misma Carta Magna ""Corresponde al Congreso, sin participación de la Comisión Permanente, suspender o no al funcionario acusado o inhabilitarlo para el ejercicio de la función pública hasta por diez años, o destituirlo de su función sin perjuicio de cualquiera otra responsabilidad. El acusado tiene derecho, en este trámite, a la defensa por sí mismo y con asistencia de abogado ante la Comisión Permanente y ante el Pleno del Congreso. En caso de resolución acusatoria de contenido penal, el Fiscal de la Nación formula denuncia ante la Corte Suprema en el plazo de cinco días. El Vocal Supremo Penal abre la instrucción correspondiente. La sentencia absolutoria de la Corte Suprema devuelve al acusado sus derechos políticos. Los términos de la denuncia fiscal y del auto apertorio de instrucción no pueden exceder ni reducir los términos de la acusación del Congreso"". 8. Que por consiguiente y si coexisten en nuestro ordenamiento ambos institutos, ""Antejuicio Constitucional"" y ""Juicio Político"", pueden presentarse en la práctica hasta tres variables: a). Puede haber casos en los que el Congreso de la República, sin estimar que hubo infracción a la Constitución empero si la comisión de delitos por parte de funcionarios de alto tango, disponga ponerlos a disposición del Fiscal de la Nación con el objeto de que éste último formule denuncia ante la Corte Suprema, quien a su vez resolvera sobre su juzgamiento o, en su caso, sanción, b). Puede haber casos en los que el Congreso, sin estimar que hubo conductas de tipo penal por parte de los altos funcionarios, quienes por tanto no se encuentran en condición de sometimiento a la vía penal, les imponga empero, sanciones de suspensión, inhabilitación o destitución, tras haber infringido la Norma Fundamental, y c). Puede haber casos en los que el Congreso de la República, además de sancionar aquellos funcionarios de primer nivel, por infringir la Constitución, disponga concurrentemente y como consecuencia de haberse determinado su responsabilidad penal, se les ponga a disposición del Fiscal de la Nación a efectos de promover la denuncia correspondiente en la vía judicial penal. 9. Que de las tres hipótesis graficadas, el caso del demandante encaja perfectamente, dentro de la segunda opción, por lo que siendo legítima ésta en términos constitucionales, la alegación de actos de vulneración al debido proceso, a consecuencia de haberse impuesto sanción sin que exista procedimiento previsto para ello, resulta, igualmente, desestimable, ya que el Congreso sí se encontraba en la potestad de destituir al demandante, dentro de las consideraciones de infracción a la Constitución previstas expresamente en el anteriormente glosado dispositivo constitucional. Al !JO 10. Que por último, y en lo que se refiere al reclamo por supuesta violación al derecho de acceso y ejercicio de la función pública, y en particular, por habérse sancionado al demandante a consecuencia de los votos y opiniones emitidos en el ejercicio de su función jurisdiccional como Magistrado del Tribunal Constitucional, este Colegiado, entiende, que tal cuestionamiento significa directamente el que se proceda a evaluar si la decisión del Congreso de la República, graficada en el caso del demandante, con la Resolución Legislativa N° 003-97-CR , significó en si misma un acto viciado de legitimidad constitucional. 11. Que a este respecto y si bien este Supremo Intérprete de la Constitución, entiende que el ejercicio de la potestad de sanción, específicamente la de destitución de altos funcionarios, no puede ser abiertamente evaluada en sede jurisdiccional, pues constituye un acto privativo del Congreso de la República, equivalente a lo que en doctrina se denomina como ""political cuestions"" o cuestiones políticas no justiciables, también es cierto, que tal potestad no es ilimitada o absolutamente discrecional, sino que se encuentra sometida a ciertos parámetros, uno de ellos y quizás el principal, el de su ejercicio conforme al principio de razonabilidad, pues no sería lógico ni menos justo, que la imposición de una medida de sanción, se adopte tras una situación de total incertidumbre o carencia de motivación. De allí que cuando existan casos en los que un acto de naturaleza política, como el que se cuestiona en la presente vía de amparo, denote una manifiesta transgresión de dicho principio y por extensión de otros como el del Estado Democratico de Derecho o el Debido Proceso Material, es un hecho inobjetable que este Colegiado si puede evaluar su coherencia a la luz de la Norma Constitucional. 12. Que no obstante la consideración precedente y tomando en cuenta lo que aparece de los autos, es incuestionable que en el presente caso el Congreso de la República no ha ejercido la potestad de destitución dentro de circunstancias inciertas o carentes de motivación, sino como consecuencia de la existencia de actos, que a su juicio y a entender de lo que aparece objetivamente en la Norma Fundamental, se presentan como infracciones a su texto. En otras palabras y si el artículo 2010 de la Constitución ha previsto que la composición del Tribunal Constitucional es de siete Magistrados y su quorum de funcionamiento de seis de sus integrantes, conforme el artículo 40 de su Ley Orgánica N° 26435 (vigente en dichos términos al momento de presentarse los hechos), el que haya existido una resolución suscrita, empero, solo por tres de ellos, más allá de lo que puede opinar éste Colegiado sobre tal tema, no puede privar al Congreso de la República de merituar semejante circunstancia como un acto de típica infracción, pues sus decisiones dentro de tal extremo, correctas o incorrectas, solo a tal órgano incumben, sin que el mismo Tribunal Constitucional, pueda oficiar de instancia final en tal caso a menos que exista transgresión a la razonabilidad en la decisión, hipótesis que como ya se ha dicho, ha quedado descartada. 13. Que por consiguiente y como quiera que el Congreso ha ejercido regulannente sus potestades, el extremo del petitorio, relativo a una transgresión del derecho al ejercicio de la función pública, específicamente, por haberse votado o emitido opinión en ejercicio de la función jurisdiccional, debe, igualmente, desestimarse. Por estos fundamentos, el Tribunal Constitucional, en uso de las atribuciones conferidas por la Constitución Política del Estado y su Ley Orgánica",31553,31174,False,False
01152-1997-AA,1998,sentencia,data\sentencia-Extract\1998\sentencia-pdf-1998.csv,,,0,0,True,False
01217-1997-AA,1998,sentencia,data\sentencia-Extract\1998\sentencia-pdf-1998.csv,,,0,0,True,False
00724-1996-HC,1998,sentencia,data\sentencia-Extract\1998\sentencia-pdf-1998.csv,,,0,0,True,False
00797-1997-HC,1998,sentencia,data\sentencia-Extract\1998\sentencia-pdf-1998.csv,,,0,0,True,False
01161-1997-AA,1998,sentencia,data\sentencia-Extract\1998\sentencia-pdf-1998.csv,,,0,0,True,False
00883-1997-AA,1998,sentencia,data\sentencia-Extract\1998\sentencia-pdf-1998.csv,,,0,0,True,False
01052-1996-HC,1998,sentencia,data\sentencia-Extract\1998\sentencia-pdf-1998.csv,,,0,0,True,False
00952-1997-AA,1998,sentencia,data\sentencia-Extract\1998\sentencia-pdf-1998.csv,,,0,0,True,False
00068-1995-AA,1998,sentencia,data\sentencia-Extract\1998\sentencia-pdf-1998.csv,,,0,0,True,False
00001-1998-HC,1998,sentencia,data\sentencia-Extract\1998\sentencia-pdf-1998.csv,,,0,0,True,False
00055-1997-HC,1998,sentencia,data\sentencia-Extract\1998\sentencia-pdf-1998.csv,,,0,0,True,False
00503-1997-AA,1998,sentencia,data\sentencia-Extract\1998\sentencia-pdf-1998.csv,,,0,0,True,False
00478-1996-HC,1998,sentencia,data\sentencia-Extract\1998\sentencia-pdf-1998.csv,,,0,0,True,False
01124-1997-AA,1998,sentencia,data\sentencia-Extract\1998\sentencia-pdf-1998.csv,,,0,0,True,False
01198-1997-AA,1998,sentencia,data\sentencia-Extract\1998\sentencia-pdf-1998.csv,,,0,0,True,False
00348-1996-AA,1998,sentencia,data\sentencia-Extract\1998\sentencia-pdf-1998.csv,,,0,0,True,False
00023-1996-AA,1998,sentencia,data\sentencia-Extract\1998\sentencia-pdf-1998.csv,,,0,0,True,False
01292-1997-AC,1998,sentencia,data\sentencia-Extract\1998\sentencia-pdf-1998.csv,,,0,0,True,False
00580-1998-AA,1998,sentencia,data\sentencia-Extract\1998\sentencia-pdf-1998.csv,,,0,0,True,False
00139-1998-AA,1998,sentencia,data\sentencia-Extract\1998\sentencia-pdf-1998.csv,,,0,0,True,False
00864-1996-AA,1998,sentencia,data\sentencia-Extract\1998\sentencia-pdf-1998.csv,,,0,0,True,False
00982-1997-AA,1998,sentencia,data\sentencia-Extract\1998\sentencia-pdf-1998.csv,,,0,0,True,False
00242-1995-AA,1998,sentencia,data\sentencia-Extract\1998\sentencia-pdf-1998.csv,,,0,0,True,False
00157-1997-AA,1998,sentencia,data\sentencia-Extract\1998\sentencia-pdf-1998.csv,,,0,0,True,False
00244-1998-AC,1998,sentencia,data\sentencia-Extract\1998\sentencia-pdf-1998.csv,,,0,0,True,False
00518-1998-AA,1998,sentencia,data\sentencia-Extract\1998\sentencia-pdf-1998.csv,,,0,0,True,False
01262-1997-AA,1998,sentencia,data\sentencia-Extract\1998\sentencia-pdf-1998.csv,,,0,0,True,False
00476-1996-HC,1998,sentencia,data\sentencia-Extract\1998\sentencia-pdf-1998.csv,,,0,0,True,False
00400-1996-HD,1998,sentencia,data\sentencia-Extract\1998\sentencia-pdf-1998.csv,,,0,0,True,False
00297-1997-AA,1998,sentencia,data\sentencia-Extract\1998\sentencia-pdf-1998.csv,,,0,0,True,False
00192-1995-AA,1998,sentencia,data\sentencia-Extract\1998\sentencia-pdf-1998.csv,,,0,0,True,False
00118-1996-AA,1998,sentencia,data\sentencia-Extract\1998\sentencia-pdf-1998.csv,,,0,0,True,False
00109-1998-HC,1998,sentencia,data\sentencia-Extract\1998\sentencia-pdf-1998.csv,,,0,0,True,False
00234-1998-AA,1998,sentencia,data\sentencia-Extract\1998\sentencia-pdf-1998.csv,,,0,0,True,False
00804-1996-AA,1998,sentencia,data\sentencia-Extract\1998\sentencia-pdf-1998.csv,,,0,0,True,False
00211-1997-AA,1998,sentencia,data\sentencia-Extract\1998\sentencia-pdf-1998.csv,,,0,0,True,False
00270-1996-AA,1998,sentencia,data\sentencia-Extract\1998\sentencia-pdf-1998.csv,,,0,0,True,False
00614-1997-AA,1998,sentencia,data\sentencia-Extract\1998\sentencia-pdf-1998.csv,,,0,0,True,False
00584-1998-HC,1998,sentencia,data\sentencia-Extract\1998\sentencia-pdf-1998.csv,,,0,0,True,False
00123-1998-AA,1998,sentencia,data\sentencia-Extract\1998\sentencia-pdf-1998.csv,,,0,0,True,False
00290-1997-HC,1998,sentencia,data\sentencia-Extract\1998\sentencia-pdf-1998.csv,,,0,0,True,False
00585-1996-HC,1998,sentencia,data\sentencia-Extract\1998\sentencia-pdf-1998.csv,,,0,0,True,False
01210-1997-AA,1998,sentencia,data\sentencia-Extract\1998\sentencia-pdf-1998.csv,,,0,0,True,False
00372-1996-HC,1998,sentencia,data\sentencia-Extract\1998\sentencia-pdf-1998.csv,,,0,0,True,False
01064-1997-AA,1998,sentencia,data\sentencia-Extract\1998\sentencia-pdf-1998.csv,,,0,0,True,False
00859-1996-HC,1998,sentencia,data\sentencia-Extract\1998\sentencia-pdf-1998.csv,,,0,0,True,False
00757-1996-AA,1998,sentencia,data\sentencia-Extract\1998\sentencia-pdf-1998.csv,,,0,0,True,False
00366-1996-HC,1998,sentencia,data\sentencia-Extract\1998\sentencia-pdf-1998.csv,,,0,0,True,False
00072-1998-AA,1998,sentencia,data\sentencia-Extract\1998\sentencia-pdf-1998.csv,,,0,0,True,False
01068-1997-AA,1998,sentencia,data\sentencia-Extract\1998\sentencia-pdf-1998.csv,,,0,0,True,False
00241-1997-AA,1998,sentencia,data\sentencia-Extract\1998\sentencia-pdf-1998.csv,,,0,0,True,False
00710-1997-AA,1998,sentencia,data\sentencia-Extract\1998\sentencia-pdf-1998.csv,,,0,0,True,False
00394-1996-HC,1998,sentencia,data\sentencia-Extract\1998\sentencia-pdf-1998.csv,,,0,0,True,False
00849-1997-AA,1998,sentencia,data\sentencia-Extract\1998\sentencia-pdf-1998.csv,,,0,0,True,False
00779-1996-AA,1998,sentencia,data\sentencia-Extract\1998\sentencia-pdf-1998.csv,,,0,0,True,False
00759-1997-AA,1998,sentencia,data\sentencia-Extract\1998\sentencia-pdf-1998.csv,,,0,0,True,False
00629-1997-AA,1998,sentencia,data\sentencia-Extract\1998\sentencia-pdf-1998.csv,,,0,0,True,False
00370-1996-HC,1998,sentencia,data\sentencia-Extract\1998\sentencia-pdf-1998.csv,,,0,0,True,False
00740-1996-AA,1998,sentencia,data\sentencia-Extract\1998\sentencia-pdf-1998.csv,,,0,0,True,False
00690-1996-HC,1998,sentencia,data\sentencia-Extract\1998\sentencia-pdf-1998.csv,,,0,0,True,False
00564-1997-AA,1998,sentencia,data\sentencia-Extract\1998\sentencia-pdf-1998.csv,,,0,0,True,False
01266-1997-AA,1998,sentencia,data\sentencia-Extract\1998\sentencia-pdf-1998.csv,,,0,0,True,False
00808-1996-AA,1998,sentencia,data\sentencia-Extract\1998\sentencia-pdf-1998.csv,,,0,0,True,False
01091-1997-HC,1998,sentencia,data\sentencia-Extract\1998\sentencia-pdf-1998.csv,,,0,0,True,False
00365-1996-HC,1998,sentencia,data\sentencia-Extract\1998\sentencia-pdf-1998.csv,,,0,0,True,False
00349-1996-HC,1998,sentencia,data\sentencia-Extract\1998\sentencia-pdf-1998.csv,,,0,0,True,False
00436-1998-HC,1998,sentencia,data\sentencia-Extract\1998\sentencia-pdf-1998.csv,,,0,0,True,False
00356-1996-HC,1998,sentencia,data\sentencia-Extract\1998\sentencia-pdf-1998.csv,,,0,0,True,False
00401-1996-AA,1998,sentencia,data\sentencia-Extract\1998\sentencia-pdf-1998.csv,,,0,0,True,False
01058-1997-AA,1998,sentencia,data\sentencia-Extract\1998\sentencia-pdf-1998.csv,,,0,0,True,False
00040-1997-AA,1998,sentencia,data\sentencia-Extract\1998\sentencia-pdf-1998.csv,,,0,0,True,False
00562-1997-AA,1998,sentencia,data\sentencia-Extract\1998\sentencia-pdf-1998.csv,,,0,0,True,False
00691-1996-AA,1998,sentencia,data\sentencia-Extract\1998\sentencia-pdf-1998.csv,,,0,0,True,False
01026-1996-HC,1998,sentencia,data\sentencia-Extract\1998\sentencia-pdf-1998.csv,,,0,0,True,False
00645-1997-HC,1998,sentencia,data\sentencia-Extract\1998\sentencia-pdf-1998.csv,,,0,0,True,False
00604-1997-AA,1998,sentencia,data\sentencia-Extract\1998\sentencia-pdf-1998.csv,,,0,0,True,False
00623-1997-AA,1998,sentencia,data\sentencia-Extract\1998\sentencia-pdf-1998.csv,,,0,0,True,False
00871-1997-AA,1998,sentencia,data\sentencia-Extract\1998\sentencia-pdf-1998.csv,,,0,0,True,False
00670-1996-AA,1998,sentencia,data\sentencia-Extract\1998\sentencia-pdf-1998.csv,,,0,0,True,False
00671-1996-AA,1998,sentencia,data\sentencia-Extract\1998\sentencia-pdf-1998.csv,,,0,0,True,False
00607-1996-AA,1998,sentencia,data\sentencia-Extract\1998\sentencia-pdf-1998.csv,,,0,0,True,False
00171-1998-AC,1998,sentencia,data\sentencia-Extract\1998\sentencia-pdf-1998.csv,,,0,0,True,False
00206-1995-AA,1998,sentencia,data\sentencia-Extract\1998\sentencia-pdf-1998.csv,,,0,0,True,False
00334-1997-AA,1998,sentencia,data\sentencia-Extract\1998\sentencia-pdf-1998.csv,,,0,0,True,False
01270-1997-AA,1998,sentencia,data\sentencia-Extract\1998\sentencia-pdf-1998.csv,,,0,0,True,False
00268-1997-AA,1998,sentencia,data\sentencia-Extract\1998\sentencia-pdf-1998.csv,,,0,0,True,False
00748-1997-AA,1998,sentencia,data\sentencia-Extract\1998\sentencia-pdf-1998.csv,,,0,0,True,False
01255-1997-AA,1998,sentencia,data\sentencia-Extract\1998\sentencia-pdf-1998.csv,,,0,0,True,False
00787-1997-HC,1998,sentencia,data\sentencia-Extract\1998\sentencia-pdf-1998.csv,,,0,0,True,False
01089-1997-HC,1998,sentencia,data\sentencia-Extract\1998\sentencia-pdf-1998.csv,,,0,0,True,False
01182-1997-AA,1998,sentencia,data\sentencia-Extract\1998\sentencia-pdf-1998.csv,,,0,0,True,False
00940-1996-HC,1998,sentencia,data\sentencia-Extract\1998\sentencia-pdf-1998.csv,,,0,0,True,False
00255-1996-AA,1998,sentencia,data\sentencia-Extract\1998\sentencia-pdf-1998.csv,,,0,0,True,False
00583-1996-HC,1998,sentencia,data\sentencia-Extract\1998\sentencia-pdf-1998.csv,,,0,0,True,False
00680-1997-AA,1998,sentencia,data\sentencia-Extract\1998\sentencia-pdf-1998.csv,,,0,0,True,False
01194-1997-AA,1998,sentencia,data\sentencia-Extract\1998\sentencia-pdf-1998.csv,,,0,0,True,False
00791-1997-AA,1998,sentencia,data\sentencia-Extract\1998\sentencia-pdf-1998.csv,,,0,0,True,False
00823-1997-AA,1998,sentencia,data\sentencia-Extract\1998\sentencia-pdf-1998.csv,,,0,0,True,False
00417-1997-AA,1998,sentencia,data\sentencia-Extract\1998\sentencia-pdf-1998.csv,"Doña Lila Rosa Fernández Torres interpone Acción de Amparo contra el Presidente del
Consejo Transitorio de Administración Regional -RENOM, don César Ramal Pesantes, por
violación a su derecho constitucional al trabajo y al principio de jerarquía de normas.
Sostiene la demandante que después de tr","Doña Lila Rosa Fernández Torres interpone Acción de Amparo contra el Presidente del Consejo Transitorio de Administración Regional -RENOM, don César Ramal Pesantes, por violación a su derecho constitucional al trabajo y al principio de jerarquía de normas. Sostiene la demandante que después de trece años ininterrumpidos prestando servicios en el Sector de Educación, sin haber sido objeto de sanción o amonestación alguna, en el proceso de evaluación de rendimiento laboral practicado por la directora del Centro Educativo N° 022, la calificación ,que se realizara fué efectuada de modo subjetivo, en represalia por las denuncias practicadas ante la Dirección Regional de Educación, y en franca transgresión del reglamento interno del programa de evaluación semestral de rendimiento laboral correspondiente al CTAR-RENOM. Refiere que la Resolución Presidencial Regional N° 182-96-CTAR-RENOMIP, de fecha veintisiete de marzo de mil novecientos noventa y seis, no sólo ha sido dictada en transgresión de los derechos constitucionales de la demandante, sino que inclusive, ha aplicado retro activamente los efectos de la Ley N° 26093, al ser la resultante del proceso de evaluación correspondiente al segundo semestre de mil novecientos noventa y cinco, llevada a cabo el cuatro de enero de mil novecientos noventa y seis. Admitida la demanda, ésta es contestada por la apoderada del Consejo Transitorio de Administración Regional de la RENOM, quien solicita se declare infundada, ya que: a) La evaluación practicada contra la demandante ha sido regular, sin que medie apreciaciones subjetivas o que se hayan visto empañadas por supuestas represalias; b) La resolución impugnada no viola los derechos constitucionales de la demandante, pues fueron expedidos al amparo del ordenamiento jurídico, sin que se haya producido alguna aplicación de las normas en forma retroactiva. Con fecha veinticuatro de diciembre de mil novecientos noventa y seis, el Juez del Cuarto Juzgado Civil de Chiclayo expide resolución declarando improcedente la demanda. Interpuesto el recurso de apelación, con fecha dieciocho de abril de mil novecientos noventa y siete, la Primera Sala Civil de la Corte Superior de Justicia de Lambayeque expide resolución confirmando la apelada. Interpuesto el recurso extraordinario, los autos son elevados al Tribunal Constitucional. FUNDAMENTOS: 1. Que, conforme se desprende del petitorio de la demanda, el objeto de ésta es que se deje sin efecto la Resolución Presidencial Regional N° 182-96-CTAR-RENOMIP, de fecha veintisiete de marzo de mil novecientos noventa y seis, y se ordene su reincorporación a su centro de trabajo, por haberse vulnerado sus derechos constitucionales al trabajo, y a la estabilidad laboral. 2. Que, siendo ello así, la pretensión de la demandante deberá de desestimarse, ya que: a) El Consejo Transitorio de Administración Regional de la Región del Marañon, en cumplimiento de lo dispuesto por el Decreto Ley N° 26093, así como la Resolución Ministerial N°285-95-PRES, que aprueba la Directiva N°001-95-PRESNMDR, programó y ejecutó la evaluación de su personal, correspondiente al segundo semestre de mil novecientos noventa y cinco; como resultado del cual la demandante fue cesada, por no haber alcanzado elpuntaje mínimo. ' b) La demandante cuestiona el proceso de evaluación por considerar que éste se ejecutó extemporáneamente, fuera del plazo establecido por la Directiva N°OOl-95- PRESNMDR; la misma que establece las normas para el Programa de Evaluación Semestral del Rendimiento Laboral a ser aplicado a los Trabajadores de los Consejos Transitorios de Administración Regional. e) En tal virtud, ya este Colegiado, en reiteradas sentencias, se ha pronunciado en el sentido de que la presunta extemporaneidad en el proceso de evaluación de personal, previsto en el Decreto Ley N° 26093, queda salvada con la concurrencia de los trabajadores a los correspondientes exámenes. 3. Que, de otro lado, la demandante tampoco ha acreditado en autos las irregularidades que, según sostiene, se habrían cometido en la ejecución del referido proceso de evaluación de personal; en consecuencia, la demanda resulta infundada. Por estos fundamentos, el Tribunal Constitucional, en uso de las atribuciones que le confieren la Constitución Política del Estado y su Ley Orgánica;",4371,4315,False,False
00352-1997-AA,1998,sentencia,data\sentencia-Extract\1998\sentencia-pdf-1998.csv,,,0,0,True,False
00702-1997-HC,1998,sentencia,data\sentencia-Extract\1998\sentencia-pdf-1998.csv,,,0,0,True,False
00082-1997-AA,1998,sentencia,data\sentencia-Extract\1998\sentencia-pdf-1998.csv,,,0,0,True,False
00910-1996-HC,1998,sentencia,data\sentencia-Extract\1998\sentencia-pdf-1998.csv,,,0,0,True,False
00930-1997-AC,1998,sentencia,data\sentencia-Extract\1998\sentencia-pdf-1998.csv,,,0,0,True,False
00566-1996-HC,1998,sentencia,data\sentencia-Extract\1998\sentencia-pdf-1998.csv,,,0,0,True,False
00566-1996-HC,1998,sentencia,data\sentencia-Extract\1998\sentencia-pdf-1998.csv,,,0,0,True,False
00972-1997-AC,1998,sentencia,data\sentencia-Extract\1998\sentencia-pdf-1998.csv,,,0,0,True,False
00603-1997-AA,1998,sentencia,data\sentencia-Extract\1998\sentencia-pdf-1998.csv,,,0,0,True,False
00603-1997-AA,1998,sentencia,data\sentencia-Extract\1998\sentencia-pdf-1998.csv,,,0,0,True,False
00697-1997-AA,1998,sentencia,data\sentencia-Extract\1998\sentencia-pdf-1998.csv,,,0,0,True,False
00169-1997-AA,1998,sentencia,data\sentencia-Extract\1998\sentencia-pdf-1998.csv,,,0,0,True,False
00169-1997-AA,1998,sentencia,data\sentencia-Extract\1998\sentencia-pdf-1998.csv,,,0,0,True,False
00131-1997-AA,1998,sentencia,data\sentencia-Extract\1998\sentencia-pdf-1998.csv,,,0,0,True,False
00131-1997-AA,1998,sentencia,data\sentencia-Extract\1998\sentencia-pdf-1998.csv,,,0,0,True,False
00581-1996-HC,1998,sentencia,data\sentencia-Extract\1998\sentencia-pdf-1998.csv,,,0,0,True,False
00581-1996-HC,1998,sentencia,data\sentencia-Extract\1998\sentencia-pdf-1998.csv,,,0,0,True,False
01263-1997-AA,1998,sentencia,data\sentencia-Extract\1998\sentencia-pdf-1998.csv,,,0,0,True,False
00711-1996-HC,1998,sentencia,data\sentencia-Extract\1998\sentencia-pdf-1998.csv,,,0,0,True,False
00711-1996-HC,1998,sentencia,data\sentencia-Extract\1998\sentencia-pdf-1998.csv,,,0,0,True,False
00855-1997-AA,1998,sentencia,data\sentencia-Extract\1998\sentencia-pdf-1998.csv,,,0,0,True,False
00725-1996-AA,1998,sentencia,data\sentencia-Extract\1998\sentencia-pdf-1998.csv,,,0,0,True,False
00725-1996-AA,1998,sentencia,data\sentencia-Extract\1998\sentencia-pdf-1998.csv,,,0,0,True,False
00722-1996-HC,1998,sentencia,data\sentencia-Extract\1998\sentencia-pdf-1998.csv,,,0,0,True,False
00722-1996-HC,1998,sentencia,data\sentencia-Extract\1998\sentencia-pdf-1998.csv,,,0,0,True,False
00723-1996-HC,1998,sentencia,data\sentencia-Extract\1998\sentencia-pdf-1998.csv,,,0,0,True,False
00723-1996-HC,1998,sentencia,data\sentencia-Extract\1998\sentencia-pdf-1998.csv,,,0,0,True,False
00475-1996-HC,1998,sentencia,data\sentencia-Extract\1998\sentencia-pdf-1998.csv,,,0,0,True,False
00358-1996-HC,1998,sentencia,data\sentencia-Extract\1998\sentencia-pdf-1998.csv,,,0,0,True,False
00358-1996-HC,1998,sentencia,data\sentencia-Extract\1998\sentencia-pdf-1998.csv,,,0,0,True,False
00436-1996-AC,1998,sentencia,data\sentencia-Extract\1998\sentencia-pdf-1998.csv,,,0,0,True,False
00396-1996-HC,1998,sentencia,data\sentencia-Extract\1998\sentencia-pdf-1998.csv,,,0,0,True,False
00396-1996-HC,1998,sentencia,data\sentencia-Extract\1998\sentencia-pdf-1998.csv,,,0,0,True,False
01080-1997-AA,1998,sentencia,data\sentencia-Extract\1998\sentencia-pdf-1998.csv,,,0,0,True,False
01080-1997-AA,1998,sentencia,data\sentencia-Extract\1998\sentencia-pdf-1998.csv,,,0,0,True,False
00393-1996-AA,1998,sentencia,data\sentencia-Extract\1998\sentencia-pdf-1998.csv,,,0,0,True,False
00393-1996-AA,1998,sentencia,data\sentencia-Extract\1998\sentencia-pdf-1998.csv,,,0,0,True,False
00369-1996-HC,1998,sentencia,data\sentencia-Extract\1998\sentencia-pdf-1998.csv,,,0,0,True,False
00369-1996-HC,1998,sentencia,data\sentencia-Extract\1998\sentencia-pdf-1998.csv,,,0,0,True,False
00004-1998-HC,1998,sentencia,data\sentencia-Extract\1998\sentencia-pdf-1998.csv,,,0,0,True,False
00004-1998-HC,1998,sentencia,data\sentencia-Extract\1998\sentencia-pdf-1998.csv,,,0,0,True,False
00018-1997-AA,1998,sentencia,data\sentencia-Extract\1998\sentencia-pdf-1998.csv,,,0,0,True,False
00018-1997-AA,1998,sentencia,data\sentencia-Extract\1998\sentencia-pdf-1998.csv,,,0,0,True,False
00980-1996-AA,1998,sentencia,data\sentencia-Extract\1998\sentencia-pdf-1998.csv,,,0,0,True,False
00980-1996-AA,1998,sentencia,data\sentencia-Extract\1998\sentencia-pdf-1998.csv,,,0,0,True,False
00990-1996-HC,1998,sentencia,data\sentencia-Extract\1998\sentencia-pdf-1998.csv,,,0,0,True,False
00996-1997-AA,1998,sentencia,data\sentencia-Extract\1998\sentencia-pdf-1998.csv,,,0,0,True,False
00996-1997-AA,1998,sentencia,data\sentencia-Extract\1998\sentencia-pdf-1998.csv,,,0,0,True,False
00683-1997-AA,1998,sentencia,data\sentencia-Extract\1998\sentencia-pdf-1998.csv,,,0,0,True,False
00649-1996-AA,1998,sentencia,data\sentencia-Extract\1998\sentencia-pdf-1998.csv,,,0,0,True,False
00649-1996-AA,1998,sentencia,data\sentencia-Extract\1998\sentencia-pdf-1998.csv,,,0,0,True,False
00584-1996-HC,1998,sentencia,data\sentencia-Extract\1998\sentencia-pdf-1998.csv,,,0,0,True,False
00584-1996-HC,1998,sentencia,data\sentencia-Extract\1998\sentencia-pdf-1998.csv,,,0,0,True,False
01024-1996-HC,1998,sentencia,data\sentencia-Extract\1998\sentencia-pdf-1998.csv,,,0,0,True,False
01024-1996-HC,1998,sentencia,data\sentencia-Extract\1998\sentencia-pdf-1998.csv,,,0,0,True,False
00598-1996-AA,1998,sentencia,data\sentencia-Extract\1998\sentencia-pdf-1998.csv,,,0,0,True,False
00663-1996-HC,1998,sentencia,data\sentencia-Extract\1998\sentencia-pdf-1998.csv,"Don Ricardo Germán Alarcón Tapia interpone la presente Acción de Hábeas Corpus contra
el Presidente de la Décimo Primera Sala Penal de Lima, doctor William Castillo Dávila,
por presunta inobservancia de actos de cumplimiento obligatorio que atentan contra su
libertad individual y personal. El den","Don Ricardo Germán Alarcón Tapia interpone la presente Acción de Hábeas Corpus contra el Presidente de la Décimo Primera Sala Penal de Lima, doctor William Castillo Dávila, por presunta inobservancia de actos de cumplimiento obligatorio que atentan contra su libertad individual y personal. El denunciante fundamenta su acción de garantía en que: 1) El denunciado conoció el recurso de apelación que interpuso el denunciante contra la resolución del juez del Vigésimo Primer Juzgado Especializado en lo Penal de Lima por la Acción de Hábeas Corpus --interpuesta contra dos miembros de la Policía del Ministerio Público-- que fue declarada improcedente, con fecha ocho de mayo de mil novecientos noventa y seis; y, 2) La resolución apelada --que consta en el expediente No 06-96-- se encontraba en Sala, desde el veintiuno de mayo de mil novecientos noventa y seis, y no se cumplió con notificar la vista de la causa. El Juez Penal Supernumerario Provisional de Lima, con fecha seis de mayo de mil novecientos noventa y seis, declaró improcedente la Acción de Hábeas Corpus interpuesta, por considerar que dicha acción de garantía procede contra un hecho u om.isión --por parte de cualquier autoridad-- que vulnere o amenace la libertad individual o los derechos constitucionales conexos y en el caso de autos el proceso de apelación se llevó a cabo en forma regular, sin amenazar la libertad individual ni derecho constitucional alguno del denunciante. La Décimo Segunda Sala Penal de Lima, con fecha diecinueve de junio de mil novecientos noventa y seis, confirmó la resolución de primera instancia que declaró improcedente la Acción de Hábeas Corpus interpuesta. Contra esta resolución el denunciante interpone recurso extraordinario. FUNDAMENTOS: 1. Que la Acción de Hdbeas Corpus procede cuando se viola o amenaza el derecho a la libertad individual y conexos y por ello, dentro de la sumaria investigación, es imprescindible acreditar la alegada violación o amenaza del derecho constitucional. 2. Que, en el caso de autos, no se ha podido establecer con pruebas fehacientes la inobservancia de actos de cumplimiento obligatorio --por parte del denunciado-- que atenten contra la libertad individual y personal del denunciante. El recurso de apelación en cuestión se tramitó en forma regular, el error en la consignación de la fecha no afecta el fondo de la resolución. Por estos fundamentos, el Tribunal Constitucional, haciendo uso de las atribuciones que le confiere la Constitución Política del Estado y su Ley Orgánica,",2560,2528,False,False
00598-1996-AA,1998,sentencia,data\sentencia-Extract\1998\sentencia-pdf-1998.csv,,,0,0,True,False
00231-1998-HC,1998,sentencia,data\sentencia-Extract\1998\sentencia-pdf-1998.csv,,,0,0,True,False
00740-1997-AA,1998,sentencia,data\sentencia-Extract\1998\sentencia-pdf-1998.csv,,,0,0,True,False
