numero_expediente,year,doc_type,source_file,original_snippet,cleaned_text,original_len,cleaned_len,noisy,reversed_fixed
00070-1996-AA,1999,sentencia,data\sentencia-Extract\1999\sentencia-pdf-1999.csv,,,0,0,True,False
00387-1998-AA,1999,sentencia,data\sentencia-Extract\1999\sentencia-pdf-1999.csv,,,0,0,True,False
00361-1998.AA,1999,sentencia,data\sentencia-Extract\1999\sentencia-pdf-1999.csv,,,0,0,True,False
00455-1998-AA,1999,sentencia,data\sentencia-Extract\1999\sentencia-pdf-1999.csv,,,0,0,True,False
00728-1996-AA,1999,sentencia,data\sentencia-Extract\1999\sentencia-pdf-1999.csv,,,0,0,True,False
00762-1996-AA,1999,sentencia,data\sentencia-Extract\1999\sentencia-pdf-1999.csv,,,0,0,True,False
00765-1996-AA,1999,sentencia,data\sentencia-Extract\1999\sentencia-pdf-1999.csv,,,0,0,True,False
00718-1998-AA,1999,sentencia,data\sentencia-Extract\1999\sentencia-pdf-1999.csv,,,0,0,True,False
00261-1996-AA,1999,sentencia,data\sentencia-Extract\1999\sentencia-pdf-1999.csv,,,0,0,True,False
00251-1996-AA,1999,sentencia,data\sentencia-Extract\1999\sentencia-pdf-1999.csv,,,0,0,True,False
00250-1998-AA,1999,sentencia,data\sentencia-Extract\1999\sentencia-pdf-1999.csv,,,0,0,True,False
00258-1998-AA,1999,sentencia,data\sentencia-Extract\1999\sentencia-pdf-1999.csv,,,0,0,True,False
00843-1997-AA,1999,sentencia,data\sentencia-Extract\1999\sentencia-pdf-1999.csv,,,0,0,True,False
00185-1996-AA,1999,sentencia,data\sentencia-Extract\1999\sentencia-pdf-1999.csv,,,0,0,True,False
00195-1998-AA,1999,sentencia,data\sentencia-Extract\1999\sentencia-pdf-1999.csv,,,0,0,True,False
00109-1996-AA,1999,sentencia,data\sentencia-Extract\1999\sentencia-pdf-1999.csv,,,0,0,True,False
00102-1995-AA,1999,sentencia,data\sentencia-Extract\1999\sentencia-pdf-1999.csv,,,0,0,True,False
00161-1998-AA,1999,sentencia,data\sentencia-Extract\1999\sentencia-pdf-1999.csv,,,0,0,True,False
00670-1997-HC,1999,sentencia,data\sentencia-Extract\1999\sentencia-pdf-1999.csv,,,0,0,True,False
00622-1996-AA,1999,sentencia,data\sentencia-Extract\1999\sentencia-pdf-1999.csv,,,0,0,True,False
00525-1996-AA,1999,sentencia,data\sentencia-Extract\1999\sentencia-pdf-1999.csv,,,0,0,True,False
00642-1996-AA,1999,sentencia,data\sentencia-Extract\1999\sentencia-pdf-1999.csv,,,0,0,True,False
00574-1997-HC,1999,sentencia,data\sentencia-Extract\1999\sentencia-pdf-1999.csv,,,0,0,True,False
00070-1998-AA,1999,sentencia,data\sentencia-Extract\1999\sentencia-pdf-1999.csv,,,0,0,True,False
00015-1998-HC,1999,sentencia,data\sentencia-Extract\1999\sentencia-pdf-1999.csv,,,0,0,True,False
00047-1996-AA,1999,sentencia,data\sentencia-Extract\1999\sentencia-pdf-1999.csv,,,0,0,True,False
00051-1997-AA,1999,sentencia,data\sentencia-Extract\1999\sentencia-pdf-1999.csv,,,0,0,True,False
00064-1996-AC,1999,sentencia,data\sentencia-Extract\1999\sentencia-pdf-1999.csv,,,0,0,True,False
00026-1996-AA,1999,sentencia,data\sentencia-Extract\1999\sentencia-pdf-1999.csv,,,0,0,True,False
00964-1996-AA,1999,sentencia,data\sentencia-Extract\1999\sentencia-pdf-1999.csv,,,0,0,True,False
00615-1997-AA,1999,sentencia,data\sentencia-Extract\1999\sentencia-pdf-1999.csv,,,0,0,True,False
00957-1996-AA,1999,sentencia,data\sentencia-Extract\1999\sentencia-pdf-1999.csv,,,0,0,True,False
00462-1998-AA,1999,sentencia,data\sentencia-Extract\1999\sentencia-pdf-1999.csv,,,0,0,True,False
00847-1997-AA,1999,sentencia,data\sentencia-Extract\1999\sentencia-pdf-1999.csv,,,0,0,True,False
00073-1996-AA,1999,sentencia,data\sentencia-Extract\1999\sentencia-pdf-1999.csv,,,0,0,True,False
00245-1996-AA,1999,sentencia,data\sentencia-Extract\1999\sentencia-pdf-1999.csv,,,0,0,True,False
00225-1996-AA,1999,sentencia,data\sentencia-Extract\1999\sentencia-pdf-1999.csv,,,0,0,True,False
00723-1997-AA,1999,sentencia,data\sentencia-Extract\1999\sentencia-pdf-1999.csv,,,0,0,True,False
00069-1995-AA,1999,sentencia,data\sentencia-Extract\1999\sentencia-pdf-1999.csv,,,0,0,True,False
00165-1995-AA,1999,sentencia,data\sentencia-Extract\1999\sentencia-pdf-1999.csv,,,0,0,True,False
00785-1998-AA,1999,sentencia,data\sentencia-Extract\1999\sentencia-pdf-1999.csv,,,0,0,True,False
00773-1998-HC,1999,sentencia,data\sentencia-Extract\1999\sentencia-pdf-1999.csv,,,0,0,True,False
00194-1996-AA,1999,sentencia,data\sentencia-Extract\1999\sentencia-pdf-1999.csv,,,0,0,True,False
00498-1998-HC,1999,sentencia,data\sentencia-Extract\1999\sentencia-pdf-1999.csv,,,0,0,True,False
00359-1998-AA,1999,sentencia,data\sentencia-Extract\1999\sentencia-pdf-1999.csv,,,0,0,True,False
00056-1998-AA,1999,sentencia,data\sentencia-Extract\1999\sentencia-pdf-1999.csv,,,0,0,True,False
00712-1998-AA,1999,sentencia,data\sentencia-Extract\1999\sentencia-pdf-1999.csv,,,0,0,True,False
00693-1997-AA,1999,sentencia,data\sentencia-Extract\1999\sentencia-pdf-1999.csv,,,0,0,True,False
00797-1998-AA,1999,sentencia,data\sentencia-Extract\1999\sentencia-pdf-1999.csv,,,0,0,True,False
00610-1998-AA,1999,sentencia,data\sentencia-Extract\1999\sentencia-pdf-1999.csv,,,0,0,True,False
00434-1998-AA,1999,sentencia,data\sentencia-Extract\1999\sentencia-pdf-1999.csv,,,0,0,True,False
00390-1998-AA,1999,sentencia,data\sentencia-Extract\1999\sentencia-pdf-1999.csv,,,0,0,True,False
00373-1997-AA,1999,sentencia,data\sentencia-Extract\1999\sentencia-pdf-1999.csv,,,0,0,True,False
00817-1997-AA,1999,sentencia,data\sentencia-Extract\1999\sentencia-pdf-1999.csv,,,0,0,True,False
00343-1996-AA,1999,sentencia,data\sentencia-Extract\1999\sentencia-pdf-1999.csv,,,0,0,True,False
00369-1998-AA,1999,sentencia,data\sentencia-Extract\1999\sentencia-pdf-1999.csv,,,0,0,True,False
00069-1996-AA,1999,sentencia,data\sentencia-Extract\1999\sentencia-pdf-1999.csv,,,0,0,True,False
00095-1998-AA,1999,sentencia,data\sentencia-Extract\1999\sentencia-pdf-1999.csv,,,0,0,True,False
00909-1996-AA,1999,sentencia,data\sentencia-Extract\1999\sentencia-pdf-1999.csv,,,0,0,True,False
00632-1998-AA,1999,sentencia,data\sentencia-Extract\1999\sentencia-pdf-1999.csv,,,0,0,True,False
00085-1996-AA,1999,sentencia,data\sentencia-Extract\1999\sentencia-pdf-1999.csv,,,0,0,True,False
00991-1996-AA,1999,sentencia,data\sentencia-Extract\1999\sentencia-pdf-1999.csv,,,0,0,True,False
00705-1996-AA,1999,sentencia,data\sentencia-Extract\1999\sentencia-pdf-1999.csv,,,0,0,True,False
00682-1996-AA,1999,sentencia,data\sentencia-Extract\1999\sentencia-pdf-1999.csv,,,0,0,True,False
00641-1997-HC,1999,sentencia,data\sentencia-Extract\1999\sentencia-pdf-1999.csv,,,0,0,True,False
00870-1997-AA,1999,sentencia,data\sentencia-Extract\1999\sentencia-pdf-1999.csv,,,0,0,True,False
00699-1996-AA,1999,sentencia,data\sentencia-Extract\1999\sentencia-pdf-1999.csv,,,0,0,True,False
00607-1997-AA,1999,sentencia,data\sentencia-Extract\1999\sentencia-pdf-1999.csv,,,0,0,True,False
01271-1997-AA,1999,sentencia,data\sentencia-Extract\1999\sentencia-pdf-1999.csv,,,0,0,True,False
00638-1996-AA,1999,sentencia,data\sentencia-Extract\1999\sentencia-pdf-1999.csv,,,0,0,True,False
00132-1997-AA,1999,sentencia,data\sentencia-Extract\1999\sentencia-pdf-1999.csv,,,0,0,True,False
00185-1998-AA,1999,sentencia,data\sentencia-Extract\1999\sentencia-pdf-1999.csv,,,0,0,True,False
00165-1998-AA,1999,sentencia,data\sentencia-Extract\1999\sentencia-pdf-1999.csv,,,0,0,True,False
00233-1996-AA,1999,sentencia,data\sentencia-Extract\1999\sentencia-pdf-1999.csv,,,0,0,True,False
00116-1998-AA,1999,sentencia,data\sentencia-Extract\1999\sentencia-pdf-1999.csv,,,0,0,True,False
00761-1998-AC,1999,sentencia,data\sentencia-Extract\1999\sentencia-pdf-1999.csv,,,0,0,True,False
01114-1997-AA,1999,sentencia,data\sentencia-Extract\1999\sentencia-pdf-1999.csv,,,0,0,True,False
00354-1997-AC,1999,sentencia,data\sentencia-Extract\1999\sentencia-pdf-1999.csv,,,0,0,True,False
00374-1998-AA,1999,sentencia,data\sentencia-Extract\1999\sentencia-pdf-1999.csv,,,0,0,True,False
00742-1998-AA,1999,sentencia,data\sentencia-Extract\1999\sentencia-pdf-1999.csv,,,0,0,True,False
01231-1997-AA,1999,sentencia,data\sentencia-Extract\1999\sentencia-pdf-1999.csv,,,0,0,True,False
00505-1998-AA,1999,sentencia,data\sentencia-Extract\1999\sentencia-pdf-1999.csv,,,0,0,True,False
01098-1997-AA,1999,sentencia,data\sentencia-Extract\1999\sentencia-pdf-1999.csv,,,0,0,True,False
00362-1998-AA,1999,sentencia,data\sentencia-Extract\1999\sentencia-pdf-1999.csv,,,0,0,True,False
00407-1998-AA,1999,sentencia,data\sentencia-Extract\1999\sentencia-pdf-1999.csv,,,0,0,True,False
00483-1998-AA,1999,sentencia,data\sentencia-Extract\1999\sentencia-pdf-1999.csv,,,0,0,True,False
00421-1997-AA,1999,sentencia,data\sentencia-Extract\1999\sentencia-pdf-1999.csv,,,0,0,True,False
00432-1998-AA,1999,sentencia,data\sentencia-Extract\1999\sentencia-pdf-1999.csv,,,0,0,True,False
00488-1996-AA,1999,sentencia,data\sentencia-Extract\1999\sentencia-pdf-1999.csv,,,0,0,True,False
01227-1997-AA,1999,sentencia,data\sentencia-Extract\1999\sentencia-pdf-1999.csv,,,0,0,True,False
00484-1996-AA,1999,sentencia,data\sentencia-Extract\1999\sentencia-pdf-1999.csv,,,0,0,True,False
00022-1996-AA,1999,sentencia,data\sentencia-Extract\1999\sentencia-pdf-1999.csv,,,0,0,True,False
00041-1997-AA,1999,sentencia,data\sentencia-Extract\1999\sentencia-pdf-1999.csv,,,0,0,True,False
00050-1996-AA,1999,sentencia,data\sentencia-Extract\1999\sentencia-pdf-1999.csv,,,0,0,True,False
00005-1997-AA,1999,sentencia,data\sentencia-Extract\1999\sentencia-pdf-1999.csv,,,0,0,True,False
01038-1996-AA,1999,sentencia,data\sentencia-Extract\1999\sentencia-pdf-1999.csv,,,0,0,True,False
01019-1996-AA,1999,sentencia,data\sentencia-Extract\1999\sentencia-pdf-1999.csv,,,0,0,True,False
01001-1996-AA,1999,sentencia,data\sentencia-Extract\1999\sentencia-pdf-1999.csv,,,0,0,True,False
00928-1997-AA,1999,sentencia,data\sentencia-Extract\1999\sentencia-pdf-1999.csv,,,0,0,True,False
00989-1996-AA,1999,sentencia,data\sentencia-Extract\1999\sentencia-pdf-1999.csv,,,0,0,True,False
00698-1998-AA,1999,sentencia,data\sentencia-Extract\1999\sentencia-pdf-1999.csv,,,0,0,True,False
00034-1996-AA,1999,sentencia,data\sentencia-Extract\1999\sentencia-pdf-1999.csv,,,0,0,True,False
00557-1996-AA,1999,sentencia,data\sentencia-Extract\1999\sentencia-pdf-1999.csv,,,0,0,True,False
00987-1996-AA,1999,sentencia,data\sentencia-Extract\1999\sentencia-pdf-1999.csv,,,0,0,True,False
00975-1997-AA,1999,sentencia,data\sentencia-Extract\1999\sentencia-pdf-1999.csv,,,0,0,True,False
00547-1998-AA,1999,sentencia,data\sentencia-Extract\1999\sentencia-pdf-1999.csv,,,0,0,True,False
00135-1998-AA,1999,sentencia,data\sentencia-Extract\1999\sentencia-pdf-1999.csv,,,0,0,True,False
00162-1995-AA,1999,sentencia,data\sentencia-Extract\1999\sentencia-pdf-1999.csv,,,0,0,True,False
00177-1996-AA,1999,sentencia,data\sentencia-Extract\1999\sentencia-pdf-1999.csv,,,0,0,True,False
00140-1996-AA,1999,sentencia,data\sentencia-Extract\1999\sentencia-pdf-1999.csv,,,0,0,True,False
00121-1997-AA,1999,sentencia,data\sentencia-Extract\1999\sentencia-pdf-1999.csv,,,0,0,True,False
00128-1996-AA,1999,sentencia,data\sentencia-Extract\1999\sentencia-pdf-1999.csv,,,0,0,True,False
00325-1998-HC,1999,sentencia,data\sentencia-Extract\1999\sentencia-pdf-1999.csv,,,0,0,True,False
00243-1998-AA,1999,sentencia,data\sentencia-Extract\1999\sentencia-pdf-1999.csv,,,0,0,True,False
00291-1998-AC,1999,sentencia,data\sentencia-Extract\1999\sentencia-pdf-1999.csv,,,0,0,True,False
00268-1998-AA,1999,sentencia,data\sentencia-Extract\1999\sentencia-pdf-1999.csv,,,0,0,True,False
00218-1998-AA,1999,sentencia,data\sentencia-Extract\1999\sentencia-pdf-1999.csv,,,0,0,True,False
00319-1998-AA,1999,sentencia,data\sentencia-Extract\1999\sentencia-pdf-1999.csv,,,0,0,True,False
00214-1996-AA,1999,sentencia,data\sentencia-Extract\1999\sentencia-pdf-1999.csv,,,0,0,True,False
00217-1995-AA,1999,sentencia,data\sentencia-Extract\1999\sentencia-pdf-1999.csv,,,0,0,True,False
00217-1998-AA,1999,sentencia,data\sentencia-Extract\1999\sentencia-pdf-1999.csv,,,0,0,True,False
00727-1996-AA,1999,sentencia,data\sentencia-Extract\1999\sentencia-pdf-1999.csv,,,0,0,True,False
00768-1998-AA,1999,sentencia,data\sentencia-Extract\1999\sentencia-pdf-1999.csv,,,0,0,True,False
01142-1997-AA,1999,sentencia,data\sentencia-Extract\1999\sentencia-pdf-1999.csv,,,0,0,True,False
00721-1998-AA,1999,sentencia,data\sentencia-Extract\1999\sentencia-pdf-1999.csv,,,0,0,True,False
01073-1997-HC,1999,sentencia,data\sentencia-Extract\1999\sentencia-pdf-1999.csv,,,0,0,True,False
01173-1997-AA,1999,sentencia,data\sentencia-Extract\1999\sentencia-pdf-1999.csv,,,0,0,True,False
00433-1997-HC,1999,sentencia,data\sentencia-Extract\1999\sentencia-pdf-1999.csv,,,0,0,True,False
00463-1997-HC,1999,sentencia,data\sentencia-Extract\1999\sentencia-pdf-1999.csv,,,0,0,True,False
00058-1998-AA,1999,sentencia,data\sentencia-Extract\1999\sentencia-pdf-1999.csv,,,0,0,True,False
00296-1996-AA,1999,sentencia,data\sentencia-Extract\1999\sentencia-pdf-1999.csv,,,0,0,True,False
01176-1997-AA,1999,sentencia,data\sentencia-Extract\1999\sentencia-pdf-1999.csv,"Don José Tulio Gasco Rubio interpone Acción de Amparo contra el Presidente del
Consejo Transitorio de Administración Regional de la RENOM, Gral. (r) César Ramal
Pesantes, sustentando su reclamo en la transgresión de sus derechos constitucionales al
trabajo, la legítima defensa, la carrera adminis","Don José Tulio Gasco Rubio interpone Acción de Amparo contra el Presidente del Consejo Transitorio de Administración Regional de la RENOM, Gral. (r) César Ramal Pesantes, sustentando su reclamo en la transgresión de sus derechos constitucionales al trabajo, la legítima defensa, la carrera administrativa, la jerarquía legal y el debido proceso, al haberse expedido la Resolución Presidencial Regional N° 123-97-CTAR-RENOMIP de fecha veinticuatro de marzo de mil novecientos noventa y siete, que lo sanciona con cese temporal de seis meses sin goce de remuneraciones y la Resolución Presidencial Regional N° 217-97-CTAR-RENOMIP de fecha veintinueve de mayo de mil novecientos noventa y siete, que declara infundado su Recurso de Reconsideración. Solicita, por consiguiente, se declare la nulidad de los actos administrativos contenidos en las citadas resoluciones y se restituyan las cosas al estado anterior a la violación de sus derechos constitucionales. Especifica el demandante que el representante de la entidad demandada, arguyendo cargos inexistentes contra el recurrente e invocando el Informe N° 007-97-CTAR RENOMlORAI evacuado por la Oficina Regional de Auditoría Interna, le instaura proceso administrativo disciplinario mediante la Resolución Presidencial Regional N° 065-97- CTAR-RENOMIP del diez de febrero de mil novecientos noventa y siete, sin tomar en cuenta que en el antes citado informe no existía recomendación alguna respecto a que los hechos examinados sean derivados a la Comisión Permanente de Procesos Administrativos Disciplinarios del sector al que pertenece o mucho menos a comisión especial alguna. Agrega que aun en el caso de que los cargos que se le imputan tuvieren asidero, la investigación respectiva le corresponde a la Comisión Permanente de Procesos Administrativos Disciplinarios de la Dirección Regional de Educación, conforme el primer párrafo del artículo 165° del D.S. N° 005-90-PCM, y no así a la Comisión Especial de Procesos Administrativos, que es quien finalmente lo ha procesado y sancionado, pues el demandante no es funcionario de confianza, sino servidor administrativo de carrera, ya que se encuentra ubicado laboralmente dentro del Cuadro Nominativo de Personal aprobado mediante Resolución Ejecutiva Regional N° 105-94-RENOM del veintiocho de febrero de mil novecientos noventa y cuatro, como Tesorero de la Oficina de Administración, ubicación desde la cual se le rotó para desempeñar las funciones de Contador Jefe del equipo de contabilidad de la Dirección Regional de Educación, conforme la Resolución Directoral Regional Sectorial N° 0290 del seis de marzo de mil novecientos noventa y cinco, y que tampoco le otorga la condición de funcionario. Contestada la demanda por doña Flormina V ásquez Zumaeta, en representación del Presidente del Consejo Transitorio de Administración de la Región Nor Oriental del Marañon, ésta es negada y contradicha fundamentalmente por estimar: Que no se ha atentado contra el derecho al trabajo, habida cuenta de que los actos administrativos que contienen las resoluciones cuestionadas no constituyen actos arbitrarios ni menos despido arbitrario, sino una sanción de cese temporal; Que, por otra parte, dicha sanción se impone como consecuencia del proceso administrativo disciplinario instaurado al actor junto a otros servidores de la Dirección Regional de Educación de Lambayeque, incluido el titular de dicho organismo, profesor don Raúl Ramírez Soto, proceso en el que, por otra parte, se le ha dado al actor todas las garantías para su defensa, de las cuales ha hecho uso, apersonándose y efectuando los descargos y medios impugnatorios correspondientes; Que no es verdad que en el informe N° 007-97-RENOM/ORAI no esté involucrado el demandante, pues conforme se acredita con las piezas del citado informe, dicho demandante aparece como responsable de los hechos observados en sus puntos 2.25, 3.25 y 3.27, lo cual ha sido merituado por la Comisión Especial de Procesos Administrativos para Funcionarios, al haber sido derivado a ésta el anteriormente citado informe de Auditoria, llegando la Comisión Especial a considerar que hay merito para que se instaure proceso, no sólo para las personas que se indican en el punto 4.24, sino también para aquellos servidores cuya responsabilidad administrativa se haya evidenciada en las irregularidades determinadas en el rubro de conclusiones y observaciones del Informe de Auditoria; Que la regla del sometimiento a la Comisión Permanente de Procesos Administrativos Disciplinarios, cuando no se es funcionario de confianza, no es absoluta, ya que la excepción se presenta en el caso sub litis, cuando al estar involucrado en los hechos investigados el propio Director Regional de Educación, se justifica en aplicación de los principios de economía procesal y unidad de criterio, así como al considerarse que dicho director estaba impedido de procesar al demandante y a los otros servidores y no podía ser juez y parte; Que no es verdad que se hayan vulnerado los derechos invocados por el demandante. De fojas ciento treinta y nueve a fojas ciento cuarenta y dos, y con fecha siete de agosto de mil novecientos noventa y siete, el Segundo Juzgado de Trabajo de Chiclayo declara infundada la demanda, por considerar fundamentalmente: Que la vía administrativa no constituye jurisdicción, salvo la contencioso-administrativa, que no ha sido utilizada en la emisión de las resoluciones cuestionadas y que resulta idónea por la amplitud de probanza; Que el derecho al trabajo y su protección deben analizarse considerando que la imposición justificada de medidas disciplinarias no constituye un acto violatorio aún cuando repercuta o lesione económicamente al trabajador, pues constituye consecuencia natural de toda sanción; Que la resolución supuestamente lesiva tuvo su origen en la Resolución N° 065-97-CTAR-RENOMIP por la que se resuelve instaurar proceso administrativo al accionante, merced al Informe N° 007-96-RENOM-DRAT, en cuyos items 2.24, 2.25, 3.24, 3.25, 3.26 y 3.27 se precisan responsabilidades, en tanto que en el ítem 4.24 se da la recomendación de que el informe evacuado se derive a la Comisión Especial de Procesos Administrativos para funcionarios; Que la resolución que instaura el proceso disciplinario no fue objeto de impugnación y es sólo después de concluido dicho proceso que el actor acusa haber sido procesado por órgano incompetente; Que la actuación de la Comisión Especial de Procesos Administrativos está ampliamente justificada en virtud de que el resultado del informe evacuado por la Oficina Regional de Auditoría Interna compromete el desempeño de los funcionarios de más alto nivel de la Dirección Regional de Educación, lo que hace imposible estructurar la comisión permanente para el procesamiento de los servidores de carrera; Que, por consiguiente, no ha existido violación de los derechos reclamados. De fojas ciento setenta y tres a fojas ciento setenta y seis, y con fecha dieciséis de octubre de mil novecientos noventa y siete, la Sala Laboral de la Corte Superior de Justicia de Lambayeque, confirma la Resolución apelada, principalmente por estimar: Que en ninguna de las resoluciones impugnadas se advierte violación a derecho constitucional alguno; Que las referidas resoluciones fueron expedidas al amparo de la Resolución Presidencial N° 065-97-CTAR-RENOMIP, la cual, en ningún momento, fue cuestionada o impugnada, prestando el actor tácita aprobación de la misma; Que la Comisión Especial de Procesos Administrativos ha actuado de acuerdo a sus atribuciones, ya que si el actor hubiera cometido irregularidades, éstas tenían que ser sancionadas. Contra esta resolución, el demandante interpone Recurso Extraordinario, disponiéndose el envío de los autos al Tribunal Constitucional. FUNDAMENTOS: 1). Que conforme se aprecia del petitorio contenido en la demanda interpuesta, el objeto de éste se orienta a la nulidad de los actos administrativos contenidos tanto en la Resolución Presidencial Regional N° 123-97-CTAR-RENOM/P del veinticuatro de marzo de mil novecientos noventa y siete que sanciona al demandante con cese temporal de seis meses sin goce de haberes como en la Resolución Presidencial Regional N° 217-97 -CT AR RENOMIP del veintinueve de mayo de mil novecientos noventa y siete, que declara infundado su Recurso de Reconsideración, tras considerar que ambas han transgredido sus derechos constitucionales al trabajo, la legítima defensa, la carrera administrativa, la ¿l / jerarquía legal y el debido proceso, por lo que solicita la restitución de las cosas al estado anterior a la violación de tales derechos. 2). Que, por consiguiente, y partiendo de la constatación respecto de las condiciones de procedibilidad de la acción, que en el presente caso han sido satisfechas por haberse agotado la vía previa con la Resolución Presidencial Regional N° 217 -97 -CTA R RENOMlP y estando a que la demanda ha sido interpuesta dentro del término previsto por el artículo 37° de la Ley N° 23506, procede determinar la legitimidad o no del petitorio formulado, debiéndose precisar, en primer término, que cuando se invoca por el demandante la protección de su derecho al trabajo, no cabe de ello inferir, que la tutela de dicho atributo sólo se dispensa en los casos de un despido arbitrario o ruptura de la relación laboral, sino que también resulta posible, en casos que, como el presente, exista un cese temporal del mismo como consecuencia de un proceso irregular o sanción arbitraria. En este orden de ideas, el hecho de que la sanción de la cual fue objeto el demandante, esto es, el cese temporal por seis meses sin goce de haberes, ya haya sido superada a la fecha, no puede interpretarse como sustracción de la materia, --ya que lo que está en juego no es la restauración de una relación de trabajo ya que, por principio, ésta nunca fue quebrada--, sino simplemente la restitución de las cosas al estado anterior a la violación de su derecho o al momento en que aún no se le había sancionado, objetivo al que sólo se puede arribar anulando o dando por inexistente dicha sanción tras acreditarse que, en efecto, fue ésta aplicada de modo ostensiblemente arbitrario. Por lo demás, ello resulta lógico, si se parte del hecho del grave precedente que para su foja de servicios constituye una medida como la señalada y la responsabilidad que tiene este Tribunal Constitucional por dispensar una adecuada tutela a los derechos reclamados. 3). Que por otra parte, y en lo que se refiere al procedimiento mismo que culmina con la sanción al demandante y la posterior desestimación de su Recurso de Reconsideración, este determinadas formas en la tramitación de los procedimientos de determinación de responsabilidades, o en general, en cualquier procedimiento administrativo interno, no es para que las mismas sean observadas o inobservadas a libre discreción de la administración, sino para que aquéllas sean escrupulosamente cumplidas, pues de su existencia depende la real garantía de un debido proceso administrativo. 4). Que a este respecto, y siendo manifiesta la condición de servidor de carrera del demandante (condición, incluso, no cuestionada y antes bien, reconocida por la parte demandada) la entidad administrativa competente para investigarlo ha debido ser, en todo momento o circunstancia, la Comisión Permanente de Procesos Administrativos Disciplinarios, conforme a la primera parte del artículo 165° del Decreto Supremo N° 005- 90-PCM y no así la Comisión Especial mencionada cuya competencia sólo se aplica para el caso del procesamiento a funcionarios. Pretender invocar, dentro de tal contexto, principios como ""la economía procesal"" y la ""unidad de criterio"" es algo absolutamente impertinente cuando lo que está de por medio es el respeto de uno de los atributos más importantes del debido proceso, como lo es, sin duda alguna, el relativo a la jurisdicción predeterminada por la ley"". 5). Que por consiguiente, el hecho de haberse convertido en irregular el proceso que culminó con el cese temporal al demandante y la posterior desestimación de su Recurso de Reconsideración, hace plenamente legítima la demanda interpuesta, siendo necesario, dentro de las consideraciones expuestas, que este Tribunal otorgue la tutela del caso por haberse transgredido, en efecto, los derechos reclamados. Bajo tal premisa, resultan de aplicación los artículos 1°, 3°, 24° incisos 10), 16) y 22) de la Ley N° 23506, en concordancia con los artículos 2° inciso 15), 40° Y 139° inciso 3) de la Constitución Política del Estado. Por estos fundamentos, el Tribunal Constitucional, en uso de las atribuciones que le confieren la Constitución Politica del Estado y su Ley Orgánica;",12849,12695,False,False
01170-1997-AC,1999,sentencia,data\sentencia-Extract\1999\sentencia-pdf-1999.csv,,,0,0,True,False
01105-1997-HC,1999,sentencia,data\sentencia-Extract\1999\sentencia-pdf-1999.csv,,,0,0,True,False
00459-1998-HC,1999,sentencia,data\sentencia-Extract\1999\sentencia-pdf-1999.csv,,,0,0,True,False
00153-1996-AA,1999,sentencia,data\sentencia-Extract\1999\sentencia-pdf-1999.csv,,,0,0,True,False
00326-1997-HC,1999,sentencia,data\sentencia-Extract\1999\sentencia-pdf-1999.csv,,,0,0,True,False
00269-1996-AA,1999,sentencia,data\sentencia-Extract\1999\sentencia-pdf-1999.csv,,,0,0,True,False
00384-1996-AA,1999,sentencia,data\sentencia-Extract\1999\sentencia-pdf-1999.csv,,,0,0,True,False
00134-1998-AA,1999,sentencia,data\sentencia-Extract\1999\sentencia-pdf-1999.csv,,,0,0,True,False
00416-1996-AA,1999,sentencia,data\sentencia-Extract\1999\sentencia-pdf-1999.csv,,,0,0,True,False
00560-1996-AA,1999,sentencia,data\sentencia-Extract\1999\sentencia-pdf-1999.csv,,,0,0,True,False
00004-1997-AA,1999,sentencia,data\sentencia-Extract\1999\sentencia-pdf-1999.csv,,,0,0,True,False
00852-1998-AA,1999,sentencia,data\sentencia-Extract\1999\sentencia-pdf-1999.csv,,,0,0,True,False
00322-1998-AA,1999,sentencia,data\sentencia-Extract\1999\sentencia-pdf-1999.csv,,,0,0,True,False
00382-1996-AA,1999,sentencia,data\sentencia-Extract\1999\sentencia-pdf-1999.csv,,,0,0,True,False
00420-1997-AA,1999,sentencia,data\sentencia-Extract\1999\sentencia-pdf-1999.csv,,,0,0,True,False
00722-1997-AA,1999,sentencia,data\sentencia-Extract\1999\sentencia-pdf-1999.csv,,,0,0,True,False
00280-1996-AA,1999,sentencia,data\sentencia-Extract\1999\sentencia-pdf-1999.csv,,,0,0,True,False
00162-1998-AA,1999,sentencia,data\sentencia-Extract\1999\sentencia-pdf-1999.csv,,,0,0,True,False
00409-1998-AA,1999,sentencia,data\sentencia-Extract\1999\sentencia-pdf-1999.csv,,,0,0,True,False
00444-1998-AA,1999,sentencia,data\sentencia-Extract\1999\sentencia-pdf-1999.csv,,,0,0,True,False
00454-1996-AA,1999,sentencia,data\sentencia-Extract\1999\sentencia-pdf-1999.csv,,,0,0,True,False
00398-1997-HC,1999,sentencia,data\sentencia-Extract\1999\sentencia-pdf-1999.csv,,,0,0,True,False
00448-1997-AA,1999,sentencia,data\sentencia-Extract\1999\sentencia-pdf-1999.csv,,,0,0,True,False
00022-1998-AA,1999,sentencia,data\sentencia-Extract\1999\sentencia-pdf-1999.csv,,,0,0,True,False
00082-1996-AA,1999,sentencia,data\sentencia-Extract\1999\sentencia-pdf-1999.csv,,,0,0,True,False
00860-1998-HC,1999,sentencia,data\sentencia-Extract\1999\sentencia-pdf-1999.csv,,,0,0,True,False
00941-1997-HC,1999,sentencia,data\sentencia-Extract\1999\sentencia-pdf-1999.csv,,,0,0,True,False
00942-1997-HC,1999,sentencia,data\sentencia-Extract\1999\sentencia-pdf-1999.csv,,,0,0,True,False
01062-1996-AA,1999,sentencia,data\sentencia-Extract\1999\sentencia-pdf-1999.csv,,,0,0,True,False
00877-1998-AA,1999,sentencia,data\sentencia-Extract\1999\sentencia-pdf-1999.csv,,,0,0,True,False
01057-1997-HC,1999,sentencia,data\sentencia-Extract\1999\sentencia-pdf-1999.csv,,,0,0,True,False
00970-1996-AA,1999,sentencia,data\sentencia-Extract\1999\sentencia-pdf-1999.csv,,,0,0,True,False
00535-1996-AA,1999,sentencia,data\sentencia-Extract\1999\sentencia-pdf-1999.csv,,,0,0,True,False
00680-1998-HC,1999,sentencia,data\sentencia-Extract\1999\sentencia-pdf-1999.csv,,,0,0,True,False
00690-1998-AA,1999,sentencia,data\sentencia-Extract\1999\sentencia-pdf-1999.csv,,,0,0,True,False
00593-1997-AA,1999,sentencia,data\sentencia-Extract\1999\sentencia-pdf-1999.csv,,,0,0,True,False
00915-1997-AA,1999,sentencia,data\sentencia-Extract\1999\sentencia-pdf-1999.csv,,,0,0,True,False
00669-1997-HC,1999,sentencia,data\sentencia-Extract\1999\sentencia-pdf-1999.csv,,,0,0,True,False
00531-1998-HC,1999,sentencia,data\sentencia-Extract\1999\sentencia-pdf-1999.csv,,,0,0,True,False
00170-1995-AA,1999,sentencia,data\sentencia-Extract\1999\sentencia-pdf-1999.csv,,,0,0,True,False
01149-1997-HC,1999,sentencia,data\sentencia-Extract\1999\sentencia-pdf-1999.csv,,,0,0,True,False
01164-1997-AA,1999,sentencia,data\sentencia-Extract\1999\sentencia-pdf-1999.csv,,,0,0,True,False
01117-1997-HC,1999,sentencia,data\sentencia-Extract\1999\sentencia-pdf-1999.csv,,,0,0,True,False
01081-1997-AA,1999,sentencia,data\sentencia-Extract\1999\sentencia-pdf-1999.csv,,,0,0,True,False
00229-1998-AA,1999,sentencia,data\sentencia-Extract\1999\sentencia-pdf-1999.csv,,,0,0,True,False
00265-1998-AA,1999,sentencia,data\sentencia-Extract\1999\sentencia-pdf-1999.csv,,,0,0,True,False
00824-1998-AA,1999,sentencia,data\sentencia-Extract\1999\sentencia-pdf-1999.csv,,,0,0,True,False
00318-1997-AA,1999,sentencia,data\sentencia-Extract\1999\sentencia-pdf-1999.csv,,,0,0,True,False
00228-1995-AA,1999,sentencia,data\sentencia-Extract\1999\sentencia-pdf-1999.csv,,,0,0,True,False
00259-1998-AA,1999,sentencia,data\sentencia-Extract\1999\sentencia-pdf-1999.csv,,,0,0,True,False
00216-1995-AA,1999,sentencia,data\sentencia-Extract\1999\sentencia-pdf-1999.csv,,,0,0,True,False
00282-1996-AA,1999,sentencia,data\sentencia-Extract\1999\sentencia-pdf-1999.csv,,,0,0,True,False
00280-1997-HC,1999,sentencia,data\sentencia-Extract\1999\sentencia-pdf-1999.csv,,,0,0,True,False
00234-1996-AA,1999,sentencia,data\sentencia-Extract\1999\sentencia-pdf-1999.csv,,,0,0,True,False
00208-1997-AA,1999,sentencia,data\sentencia-Extract\1999\sentencia-pdf-1999.csv,,,0,0,True,False
00429-1998-AA,1999,sentencia,data\sentencia-Extract\1999\sentencia-pdf-1999.csv,,,0,0,True,False
00448-1998-AA,1999,sentencia,data\sentencia-Extract\1999\sentencia-pdf-1999.csv,,,0,0,True,False
00536-1996-AA,1999,sentencia,data\sentencia-Extract\1999\sentencia-pdf-1999.csv,,,0,0,True,False
00450-1996-AA,1999,sentencia,data\sentencia-Extract\1999\sentencia-pdf-1999.csv,,,0,0,True,False
00125-1996-AA,1999,sentencia,data\sentencia-Extract\1999\sentencia-pdf-1999.csv,,,0,0,True,False
00148-1996-AA,1999,sentencia,data\sentencia-Extract\1999\sentencia-pdf-1999.csv,,,0,0,True,False
00336-1996-AA,1999,sentencia,data\sentencia-Extract\1999\sentencia-pdf-1999.csv,,,0,0,True,False
01154-1997-AA,1999,sentencia,data\sentencia-Extract\1999\sentencia-pdf-1999.csv,,,0,0,True,False
00814-1998-AA,1999,sentencia,data\sentencia-Extract\1999\sentencia-pdf-1999.csv,,,0,0,True,False
00836-1996-HC,1999,sentencia,data\sentencia-Extract\1999\sentencia-pdf-1999.csv,,,0,0,True,False
00852-1997-HC,1999,sentencia,data\sentencia-Extract\1999\sentencia-pdf-1999.csv,,,0,0,True,False
00374-1997-AA,1999,sentencia,data\sentencia-Extract\1999\sentencia-pdf-1999.csv,,,0,0,True,False
00408-1998-AA,1999,sentencia,data\sentencia-Extract\1999\sentencia-pdf-1999.csv,,,0,0,True,False
00437-1996-AA,1999,sentencia,data\sentencia-Extract\1999\sentencia-pdf-1999.csv,,,0,0,True,False
00438-1996-AA,1999,sentencia,data\sentencia-Extract\1999\sentencia-pdf-1999.csv,,,0,0,True,False
00485-1997-HC,1999,sentencia,data\sentencia-Extract\1999\sentencia-pdf-1999.csv,,,0,0,True,False
00441-1996-AA,1999,sentencia,data\sentencia-Extract\1999\sentencia-pdf-1999.csv,,,0,0,True,False
00358-1997-HC,1999,sentencia,data\sentencia-Extract\1999\sentencia-pdf-1999.csv,,,0,0,True,False
00091-1995-AA,1999,sentencia,data\sentencia-Extract\1999\sentencia-pdf-1999.csv,,,0,0,True,False
00041-1992-AA,1999,sentencia,data\sentencia-Extract\1999\sentencia-pdf-1999.csv,,,0,0,True,False
00084-1996-AA,1999,sentencia,data\sentencia-Extract\1999\sentencia-pdf-1999.csv,,,0,0,True,False
00955-1998-AA,1999,sentencia,data\sentencia-Extract\1999\sentencia-pdf-1999.csv,,,0,0,True,False
00874-1998-AA,1999,sentencia,data\sentencia-Extract\1999\sentencia-pdf-1999.csv,,,0,0,True,False
00876-1998-AA,1999,sentencia,data\sentencia-Extract\1999\sentencia-pdf-1999.csv,,,0,0,True,False
01039-1996-AA,1999,sentencia,data\sentencia-Extract\1999\sentencia-pdf-1999.csv,,,0,0,True,False
00881-1998-AA,1999,sentencia,data\sentencia-Extract\1999\sentencia-pdf-1999.csv,,,0,0,True,False
00953-1998-AA,1999,sentencia,data\sentencia-Extract\1999\sentencia-pdf-1999.csv,,,0,0,True,False
00634-1996-AA,1999,sentencia,data\sentencia-Extract\1999\sentencia-pdf-1999.csv,,,0,0,True,False
00643-1998-AA,1999,sentencia,data\sentencia-Extract\1999\sentencia-pdf-1999.csv,,,0,0,True,False
00918-1998-AA,1999,sentencia,data\sentencia-Extract\1999\sentencia-pdf-1999.csv,,,0,0,True,False
00633-1998-AA,1999,sentencia,data\sentencia-Extract\1999\sentencia-pdf-1999.csv,,,0,0,True,False
00583-1998-AA,1999,sentencia,data\sentencia-Extract\1999\sentencia-pdf-1999.csv,,,0,0,True,False
00667-1997-HC,1999,sentencia,data\sentencia-Extract\1999\sentencia-pdf-1999.csv,,,0,0,True,False
00694-1996-AA,1999,sentencia,data\sentencia-Extract\1999\sentencia-pdf-1999.csv,,,0,0,True,False
00909-1997-HC,1999,sentencia,data\sentencia-Extract\1999\sentencia-pdf-1999.csv,,,0,0,True,False
00539-1997-HC,1999,sentencia,data\sentencia-Extract\1999\sentencia-pdf-1999.csv,,,0,0,True,False
00631-1998-HC,1999,sentencia,data\sentencia-Extract\1999\sentencia-pdf-1999.csv,,,0,0,True,False
00645-1998-AA,1999,sentencia,data\sentencia-Extract\1999\sentencia-pdf-1999.csv,,,0,0,True,False
00641-1998-HC,1999,sentencia,data\sentencia-Extract\1999\sentencia-pdf-1999.csv,,,0,0,True,False
00878-1998-AA,1999,sentencia,data\sentencia-Extract\1999\sentencia-pdf-1999.csv,,,0,0,True,False
00887-1998-HC,1999,sentencia,data\sentencia-Extract\1999\sentencia-pdf-1999.csv,,,0,0,True,False
00886-1997-HC,1999,sentencia,data\sentencia-Extract\1999\sentencia-pdf-1999.csv,,,0,0,True,False
00951-1998-AA,1999,sentencia,data\sentencia-Extract\1999\sentencia-pdf-1999.csv,,,0,0,True,False
00954-1998-AA,1999,sentencia,data\sentencia-Extract\1999\sentencia-pdf-1999.csv,,,0,0,True,False
01038-1998-HC,1999,sentencia,data\sentencia-Extract\1999\sentencia-pdf-1999.csv,,,0,0,True,False
00952-1998-AA,1999,sentencia,data\sentencia-Extract\1999\sentencia-pdf-1999.csv,,,0,0,True,False
01051-1996-HC,1999,sentencia,data\sentencia-Extract\1999\sentencia-pdf-1999.csv,,,0,0,True,False
00796-1998-HC,1999,sentencia,data\sentencia-Extract\1999\sentencia-pdf-1999.csv,,,0,0,True,False
00452-1996-AA,1999,sentencia,data\sentencia-Extract\1999\sentencia-pdf-1999.csv,,,0,0,True,False
00114-1998-HC,1999,sentencia,data\sentencia-Extract\1999\sentencia-pdf-1999.csv,,,0,0,True,False
00097-1998-HC,1999,sentencia,data\sentencia-Extract\1999\sentencia-pdf-1999.csv,,,0,0,True,False
00222-1993-AA,1999,sentencia,data\sentencia-Extract\1999\sentencia-pdf-1999.csv,,,0,0,True,False
00307-1996-HC,1999,sentencia,data\sentencia-Extract\1999\sentencia-pdf-1999.csv,,,0,0,True,False
00767-1998-AA,1999,sentencia,data\sentencia-Extract\1999\sentencia-pdf-1999.csv,,,0,0,True,False
00789-1997-HC,1999,sentencia,data\sentencia-Extract\1999\sentencia-pdf-1999.csv,,,0,0,True,False
00302-1996-AA,1999,sentencia,data\sentencia-Extract\1999\sentencia-pdf-1999.csv,,,0,0,True,False
01074-1998-HC,1999,sentencia,data\sentencia-Extract\1999\sentencia-pdf-1999.csv,,,0,0,True,False
01082-1997-AA,1999,sentencia,data\sentencia-Extract\1999\sentencia-pdf-1999.csv,,,0,0,True,False
01084-1997-HC,1999,sentencia,data\sentencia-Extract\1999\sentencia-pdf-1999.csv,,,0,0,True,False
01145-1997-HC,1999,sentencia,data\sentencia-Extract\1999\sentencia-pdf-1999.csv,,,0,0,True,False
00772-1998-HC,1999,sentencia,data\sentencia-Extract\1999\sentencia-pdf-1999.csv,,,0,0,True,False
00410-1996-AA,1999,sentencia,data\sentencia-Extract\1999\sentencia-pdf-1999.csv,,,0,0,True,False
00376-1998-HC,1999,sentencia,data\sentencia-Extract\1999\sentencia-pdf-1999.csv,,,0,0,True,False
00028-1998-HC,1999,sentencia,data\sentencia-Extract\1999\sentencia-pdf-1999.csv,,,0,0,True,False
00179-1995-AA,1999,sentencia,data\sentencia-Extract\1999\sentencia-pdf-1999.csv,,,0,0,True,False
00956-1997-AA,1999,sentencia,data\sentencia-Extract\1999\sentencia-pdf-1999.csv,,,0,0,True,False
00863-1997-HC,1999,sentencia,data\sentencia-Extract\1999\sentencia-pdf-1999.csv,,,0,0,True,False
00882-1998-AA,1999,sentencia,data\sentencia-Extract\1999\sentencia-pdf-1999.csv,,,0,0,True,False
00686-1996-AA,1999,sentencia,data\sentencia-Extract\1999\sentencia-pdf-1999.csv,,,0,0,True,False
00596-1996-AA,1999,sentencia,data\sentencia-Extract\1999\sentencia-pdf-1999.csv,,,0,0,True,False
00034-1992-AA,1999,sentencia,data\sentencia-Extract\1999\sentencia-pdf-1999.csv,,,0,0,True,False
00681-1998-AA,1999,sentencia,data\sentencia-Extract\1999\sentencia-pdf-1999.csv,,,0,0,True,False
00114-1996-AA,1999,sentencia,data\sentencia-Extract\1999\sentencia-pdf-1999.csv,,,0,0,True,False
00036-1993-AA,1999,sentencia,data\sentencia-Extract\1999\sentencia-pdf-1999.csv,,,0,0,True,False
00171-1996-HC,1999,sentencia,data\sentencia-Extract\1999\sentencia-pdf-1999.csv,,,0,0,True,False
00827-1998-AA,1999,sentencia,data\sentencia-Extract\1999\sentencia-pdf-1999.csv,,,0,0,True,False
00589-1997-AA,1999,sentencia,data\sentencia-Extract\1999\sentencia-pdf-1999.csv,,,0,0,True,False
00542-1996-AA,1999,sentencia,data\sentencia-Extract\1999\sentencia-pdf-1999.csv,,,0,0,True,False
01248-1997-HC,1999,sentencia,data\sentencia-Extract\1999\sentencia-pdf-1999.csv,,,0,0,True,False
01160-1997-AA,1999,sentencia,data\sentencia-Extract\1999\sentencia-pdf-1999.csv,,,0,0,True,False
00898-1998-HC,1999,sentencia,data\sentencia-Extract\1999\sentencia-pdf-1999.csv,,,0,0,True,False
00447-1996-AA,1999,sentencia,data\sentencia-Extract\1999\sentencia-pdf-1999.csv,,,0,0,True,False
01167-1997-AA,1999,sentencia,data\sentencia-Extract\1999\sentencia-pdf-1999.csv,"Don Ismael Bellina Rosado interpone Acción de Amparo contra las autoridades
judiciales emplazadas, alegando transgresión de su derecho constitucional a no ser
juzgado ni sentenciado dos veces por el mismo delito.
Específica que por ante la Segunda Zona Judicial del Ejercito se le siguió
proceso ","Don Ismael Bellina Rosado interpone Acción de Amparo contra las autoridades judiciales emplazadas, alegando transgresión de su derecho constitucional a no ser juzgado ni sentenciado dos veces por el mismo delito. Específica que por ante la Segunda Zona Judicial del Ejercito se le siguió proceso por la comisión de delito contra la vida, el cuerpo y la salud en agravio del civil don Roberto Ramos del Pozo, habiéndose dictado sentencia condenatoria el diecisiete de setiembre de mil novecientos noventa y uno, la misma que apelada, fue confirmada por el Consejo Supremo de Justicia Militar mediante resolución del veinticuatro de marzo de mil novecientos noventa y dos. No obstante, y como quiera que los hechos que se le imputaron también fueron denunciados ante el fuero común, el Duodécimo Juzgado Penal de Lima le abrió instrucción al demandante por el mismo delito a pesar de que la investigación se encontraba en trámite ante el Fuero Privativo Militar, situación frente a la cual se promovió la excepción de cosa juzgada, la que, por otra parte, fue desestimada como improcedente de modo sucesivo por el Duodécimo Juzgado Penal de Lima, la Décimo Tercera Sala Penal de la Corte Superior de Justicia de Lima y la Sala Transitoria Penal de la Corte Suprema de Justicia de la República. Agrega, por otra parte, que si bien al promoverse contienda competencia entre el Fuero Privativo y el Común, la Sala Penal Transitoria dirimió la misma a favor del Fuero Común, la notificación de la autoridad militar se hizo con posterioridad a la sentencia pronunciada por la Segunda Zona Judicial del Ejército, por lo que si se toma en cuenta que no existe norma que ordena la paralización de los procesos penales cuando está en trámite una contienda de competencia y, por otra parte, el demandante ya había cumplido la sentencia que se le impusiera en el Fuero Militar, no se le puede volver a procesar por los mismos hechos, como lo pretende actualmente la Décimo Tercera Sala Penal de la Corte Superior de Justicia de Lima. Contestada la demanda por el Procurador Público a cargo de los asuntos judiciales del Poder Judicial, ésta es negada y contradicha fundamentalmente en atención a que, para el caso de autos, resulta de aplicación el inciso 2) del artículo 200° de la Constitución Política del Estado, en concordancia con el inciso 2) del artículo 6° de la Ley N° 23506, toda vez que el demandante ha hecho uso de su derecho de defensa e instancia plural en el proceso que gira por ante la Décimo Tercera Sala Penal y que fuera iniciado ante el Duodécimo Juzgado Penal de Lima, habiendo presentado todos los recursos que a su derecho convenía. Por otra parte, la sentencia y todo lo actuado en el fuero militar ha sido declarado nulo e insubsistente por la Corte Suprema, quedando sin fundamento alguno la excepción de cosa juzgada propuesta. No es tampoco valedera la alegación en el sentido de que la resolución que dirime la contienda de competencia haya sido comunicada a la autoridad militar con posterioridad a la sentencia dictada por la Segunda Zona Judicial del Ejército, pues en su momento y mucho antes de ello, el Juez Penal común declaró improcedente la declinatoria de jurisdicción promovida por el Fuero Militar. De fojas ciento veintisiete, con fecha veinte de agosto de mil novecientos noventa y seis, la Sala Especializada de Derecho Público de la Corte Superior de Justicia de Lima declara improcedente la demanda, fundamentalmente por considerar: Que no se pueden convalidar los efectos de un proceso anulado, no apreciándose que se haya infringido el artículo 1390 de la Constitución Política del Estado, toda vez que al resolverse la declinatoria de Jurisdicción con anterioridad al fallo del Fuero Militar, éste devenía nulo; Que las resoluciones cuestionadas no sólo no lesionan ningún precepto constitucional, sino que, por el contrario, derivan de un procedimiento judicial regular a donde se ha garantizado el debido proceso. A fojas ocho del cuadernillo de nulidad, la Sala de Derecho Constitucional y Social de la Corte Suprema de Justicia de la República confirma la resolución recurrida por sus propios fundamentos. FUNDAMENTOS: l. Que, conforme se aprecia en el petitorio contenido en la demanda interpuesta, el objeto de ésta se orienta al cuestionamiento de los actuados judiciales tramitados con motivo del cuaderno de excepción de cosa juzgada planteada por el demandante por ante el Duodécimo Penal Juzgado de Lima, la Décimo Tercera Sala Penal de la Corte Superior de Justicia de Lima y la Sala Penal Transitoria de la Corte Suprema de Justicia de la República, tras considerar que con ellos se ha transgredido su derecho constitucional a no ser juzgado ni sentenciado dos veces por el mismo delito. 2. Que, por consiguiente y a efectos de acreditar las condiciones de procedibilidad de la presente acción o, en su caso, la legitimidad o no de la demanda interpuesta, procede señalar, en primer término, que aunque el demandante alega una presunta transgresión de su derecho constitucional a no ser juzgado dos veces por el mismo delito y que, como se sabe, forma parte del contenido esencial del debido proceso, no ha acreditado en los autos de la presente causa, que las resoluciones emitidas durante la secuela de la tramitación del incidente sobre excepción de cosa juzgada (obrantes a fojas noventa y tres a noventa y cinco) hayan sido expedidas de manera efectivamente irregular, toda vez que las mismas se sustentan en la existencia de la resolución expedida con fecha veintiséis de diciembre de mil novecientos noventa y uno por la Segunda Sala Penal de la Corte Suprema de Justicia de la República (fojas ochenta y nueve) y conforme a la cual se dirimió la contienda de competencia entre el Fuero Privativo Militar y el Fuero Común, en favor de este último, contienda que por otra parte, tampoco ha sido llevada en forma irregular. 3. Que, por otra parte, y si bien el demandante sostiene que la antes citada resolución de fecha veintiséis de diciembre de mil novecientos noventa y uno se notificó a la autoridad militar con posterioridad a la sentencia pronunciada por la Segunda Zona Judicial del Ejercito (fojas uno a tres), esta última sentencia no constituía para entonces cosa juzgada, puesto que, como se reconoce en el propio fundamento segundo del escrito de demanda, existía en trámite un recurso impugnativo de apelación, el que finalmente es resuelto con fecha veinticuatro de marzo de mil novecientos noventa y cuatro mediante la resolución expedida por el Consejo Supremo de Justicia Militar (fojas cuatro), esto es, con fecha posterior a la antes citada Resolución que dirimió la contienda de competencia entre los fueros militar y común. 4. Que, en consecuencia, y en la medida en que la citada resolución del veinticuatro de marzo de mil novecientos noventa y dos era inobjetablemente nula, no puede alegar el demandante la existencia de cosa juzgada respecto del proceso tramitado ante el Fuero Privativo Militar y antes, por el contrario, debió someterse ante el Fuero Común que era el competente para procesarlo por los hechos que se le imputaban. 5. Que, por consiguiente, no habiéndose acreditado ninguna de las irregularidades alegadas por el demandante o de los actuados judiciales que desnaturalicen el debido proceso, resulta de aplicación el inciso 2) del artículo 6° de la Ley N° 23506. Por estos fundamentos, el Tribunal Constitucional en uso de sus atribuciones que le confieren la Constitución Política del Estado y su Ley Orgánica;",7607,7512,False,False
01202-1997-AA,1999,sentencia,data\sentencia-Extract\1999\sentencia-pdf-1999.csv,,,0,0,True,False
00561-1998-AA,1999,sentencia,data\sentencia-Extract\1999\sentencia-pdf-1999.csv,,,0,0,True,False
00536-1998-HC,1999,sentencia,data\sentencia-Extract\1999\sentencia-pdf-1999.csv,,,0,0,True,False
00089-1996-AA,1999,sentencia,data\sentencia-Extract\1999\sentencia-pdf-1999.csv,,,0,0,True,False
00957-1998-AA,1999,sentencia,data\sentencia-Extract\1999\sentencia-pdf-1999.csv,,,0,0,True,False
00958-1998-HC,1999,sentencia,data\sentencia-Extract\1999\sentencia-pdf-1999.csv,,,0,0,True,False
00956-1998-AA,1999,sentencia,data\sentencia-Extract\1999\sentencia-pdf-1999.csv,,,0,0,True,False
00962-1998-AA,1999,sentencia,data\sentencia-Extract\1999\sentencia-pdf-1999.csv,,,0,0,True,False
00535-1998-HC,1999,sentencia,data\sentencia-Extract\1999\sentencia-pdf-1999.csv,,,0,0,True,False
00027-1998-HC,1999,sentencia,data\sentencia-Extract\1999\sentencia-pdf-1999.csv,,,0,0,True,False
00044-1998-AA,1999,sentencia,data\sentencia-Extract\1999\sentencia-pdf-1999.csv,,,0,0,True,False
00600-1996-AA,1999,sentencia,data\sentencia-Extract\1999\sentencia-pdf-1999.csv,,,0,0,True,False
01163-1997-AA,1999,sentencia,data\sentencia-Extract\1999\sentencia-pdf-1999.csv,,,0,0,True,False
00726-1996-AA,1999,sentencia,data\sentencia-Extract\1999\sentencia-pdf-1999.csv,,,0,0,True,False
00801-1998-HC,1999,sentencia,data\sentencia-Extract\1999\sentencia-pdf-1999.csv,,,0,0,True,False
00663-1997-AA,1999,sentencia,data\sentencia-Extract\1999\sentencia-pdf-1999.csv,,,0,0,True,False
00675-1997-AA,1999,sentencia,data\sentencia-Extract\1999\sentencia-pdf-1999.csv,"Doña Lourdes Carmen Catalina Carpio Salas interpone demanda sustentando su
reclamo en la transgresión de sus derechos constitucionales a no ser discriminada, a la
libertad de conciencia y a la libertad de trabajo, por parte de la Comisión
Reorganizadora de la Universidad Nacional Mayor de San Mar","Doña Lourdes Carmen Catalina Carpio Salas interpone demanda sustentando su reclamo en la transgresión de sus derechos constitucionales a no ser discriminada, a la libertad de conciencia y a la libertad de trabajo, por parte de la Comisión Reorganizadora de la Universidad Nacional Mayor de San Marcos. Especifica que la Comisión emplazada, sin causal ni motivo alguno, dictó la Resolución Rectoral N° 5114-CR-95 del veintiuno de diciembre de mil novecientos noventa y cinco que declara su no ratificación en el cargo de Profesor Asociado a Dedicación Exclusiva, resolución frente a la cual interpuso Recurso de Apelación que fue desestimado mediante la Resolución Rectoral N° 258-CR-96 del cinco de enero de mil novecientos noventa y seis. Puntualiza, por otra parte, que en la Universidad de San Marcos y, especificamente, en su Facultad de Psicología, nunca se ha realizado evaluación académica y profesional, por lo que la emplazada ha actuado en forma oculta para justificar sus actos injustos y arbitrarios, tampoco se ha dado cumplimiento al artículo 46° de la Ley Universitaria N° 23733 ya que no le citó u otorgó a la demandante audiencia alguna, que en el fondo, la conducta de los emplazados responde a las ideas y pensamiento de la demandante, y que se le ha separado de la citada Universidad sin ninguna causal prevista en la Ley Universitaria ni en el Decreto Legislativo N° 276 ni en el Estatuto de la Universidad. Por consiguiente, la demandante solicita dejar sin efecto la Resolución Rectoral N° 0258-CR-96 que declara infundada la apelación contra la Resolución Rectoral N° 5114-CR-95, que se proceda al cese de persecusión por sus ideas y opiniones, al cese de la discriminación de la que es objeto y al cese de todo acto o restricción sobre su libertad de trabajo. Contestada la demanda por el Rector de la Universidad Nacional Mayor de San Marcos, don Manuel Paredes Manrique, ésta es negada y contradicha, en atención a que la vía judicial utilizada es equivocada ya que, conforme al artículo 5° de la Ley N° 26457 de Reorganización de la Universidad Nacional Mayor de San Marcos, las decisiones que adopta la Comisión de Reorganización tienen carácter de inapelables y la acción judicial que se interponga contra sus resoluciones tendrán el carácter de contencioso-administrativas, no procediendo la presente demanda de amparo. Por otra parte, tampoco se han agotado las vías previas, ya que la demandante ha presentado a la Universidad, con fecha dieciocho de noviembre de mil novecientos noventa y seis, un Recurso de Apelación contra la Resolución Rectoral N° 2933-CR-96, la que, a su vez, ha sido emitida en base a Resolución Rectoral N° 5114-CR-95. La demandante, además, afirma en su apelación que se presentó al proceso de evaluación y que la causal para su no ratificación fue la de no haber registrado carga académica; pero en su demanda sostiene que nunca se le ha evaluado y que no hay causal para su no ratificación, queriendo sorprender con versiones diferentes. La Universidad, por último, actuó en base a la Ley N° 26457 Y al artículo 13° de las normas para evaluación y ratificación estraordinaria de docentes. De fojas treinta y tres, con fecha doce de diciembre de mil novecientos noventa y seis, el Segundo Juzgado Especializado en Derecho Público expide resolución declarando infundada la demanda, principalmente por considerar: Que no se advierte evidencia respecto de las afirmaciones efectuadas por la demandante, esto es, que su no ratificación en el cargo de profesora haya sido por razón de sus ideas y opiniones, por el contrario, del recurso que presenta a la emplazada, y que obra en autos, se aprecia que la demandante afirma haberse sometido al proceso de evaluación y ratificación en la Universidad Nacional Mayor de San Marcos; Que si la demandante no ha sido como ratificada en su cargo, ha sido consecuencia de una evaluación previa, facultad atribuida por la Ley N° 26547 a la Comisión Reorganizadora. De fojas setenta y tres, con fecha dos de junio de mil novecientos noventa y siete, la Sala Especializada de Derecho Público de la Corte Superior de Justicia de Lima, expide resolución confirmando la apelada por considerar principalmente: Que la Resolución Rectoral N° 5114-CR-95 ha sido expedida conforme a las normas de evaluación y ratificación extraordinaria de los profesores de la Universidad Nacional Mayor de San Marcos por lo que la demandante fue considerada dentro del mencionado régimen, no apreciándose vulneración alguna de derechos constitucionales; Que los fundamentos de su acción implican observación de fondo del sistema empleado para su no ratificación y, en todo caso, no son tratamientos de una acción de garantía, que sólo opera cuando la agresión es directa y, además, evidente.",4821,4763,False,False
00635-1996-AA,1999,sentencia,data\sentencia-Extract\1999\sentencia-pdf-1999.csv,,,0,0,True,False
01096-1998-AA,1999,sentencia,data\sentencia-Extract\1999\sentencia-pdf-1999.csv,,,0,0,True,False
00408-1997-AA,1999,sentencia,data\sentencia-Extract\1999\sentencia-pdf-1999.csv,,,0,0,True,False
00221-1995-AA,1999,sentencia,data\sentencia-Extract\1999\sentencia-pdf-1999.csv,,,0,0,True,False
00483-1996-AA,1999,sentencia,data\sentencia-Extract\1999\sentencia-pdf-1999.csv,,,0,0,True,False
00451-1998-AA,1999,sentencia,data\sentencia-Extract\1999\sentencia-pdf-1999.csv,,,0,0,True,False
00120-1998-HC,1999,sentencia,data\sentencia-Extract\1999\sentencia-pdf-1999.csv,,,0,0,True,False
00406-1998-AA,1999,sentencia,data\sentencia-Extract\1999\sentencia-pdf-1999.csv,,,0,0,True,False
00079-1996-AA,1999,sentencia,data\sentencia-Extract\1999\sentencia-pdf-1999.csv,,,0,0,True,False
00025-1998-AA,1999,sentencia,data\sentencia-Extract\1999\sentencia-pdf-1999.csv,,,0,0,True,False
00571-1998-HC,1999,sentencia,data\sentencia-Extract\1999\sentencia-pdf-1999.csv,,,0,0,True,False
00542-1998-AA,1999,sentencia,data\sentencia-Extract\1999\sentencia-pdf-1999.csv,,,0,0,True,False
00751-1998-HC,1999,sentencia,data\sentencia-Extract\1999\sentencia-pdf-1999.csv,,,0,0,True,False
00286-1996-AA,1999,sentencia,data\sentencia-Extract\1999\sentencia-pdf-1999.csv,,,0,0,True,False
00211-1995-AA,1999,sentencia,data\sentencia-Extract\1999\sentencia-pdf-1999.csv,,,0,0,True,False
00830-1997-AA,1999,sentencia,data\sentencia-Extract\1999\sentencia-pdf-1999.csv,,,0,0,True,False
00384-1998-AA,1999,sentencia,data\sentencia-Extract\1999\sentencia-pdf-1999.csv,,,0,0,True,False
00147-1996-AA,1999,sentencia,data\sentencia-Extract\1999\sentencia-pdf-1999.csv,,,0,0,True,False
00051-1998-AA,1999,sentencia,data\sentencia-Extract\1999\sentencia-pdf-1999.csv,,,0,0,True,False
00662-1998-AA,1999,sentencia,data\sentencia-Extract\1999\sentencia-pdf-1999.csv,,,0,0,True,False
00242-1998-AA,1999,sentencia,data\sentencia-Extract\1999\sentencia-pdf-1999.csv,,,0,0,True,False
00033-1998-AC,1999,sentencia,data\sentencia-Extract\1999\sentencia-pdf-1999.csv,,,0,0,True,False
01006-1997-AA,1999,sentencia,data\sentencia-Extract\1999\sentencia-pdf-1999.csv,,,0,0,True,False
01027-1998-HC,1999,sentencia,data\sentencia-Extract\1999\sentencia-pdf-1999.csv,,,0,0,True,False
00451-1996-AA,1999,sentencia,data\sentencia-Extract\1999\sentencia-pdf-1999.csv,,,0,0,True,False
00446-1998-AA,1999,sentencia,data\sentencia-Extract\1999\sentencia-pdf-1999.csv,,,0,0,True,False
00351-1998-AA,1999,sentencia,data\sentencia-Extract\1999\sentencia-pdf-1999.csv,,,0,0,True,False
00436-1996-AA,1999,sentencia,data\sentencia-Extract\1999\sentencia-pdf-1999.csv,,,0,0,True,False
01130-1997-AA,1999,sentencia,data\sentencia-Extract\1999\sentencia-pdf-1999.csv,,,0,0,True,False
01157-1997-AA,1999,sentencia,data\sentencia-Extract\1999\sentencia-pdf-1999.csv,,,0,0,True,False
01083-1997-AA,1999,sentencia,data\sentencia-Extract\1999\sentencia-pdf-1999.csv,,,0,0,True,False
01092-1998-AA,1999,sentencia,data\sentencia-Extract\1999\sentencia-pdf-1999.csv,,,0,0,True,False
01151-1997-AA,1999,sentencia,data\sentencia-Extract\1999\sentencia-pdf-1999.csv,,,0,0,True,False
00141-1998-AC,1999,sentencia,data\sentencia-Extract\1999\sentencia-pdf-1999.csv,,,0,0,True,False
00124-1996-AA,1999,sentencia,data\sentencia-Extract\1999\sentencia-pdf-1999.csv,,,0,0,True,False
00196-1998-AA,1999,sentencia,data\sentencia-Extract\1999\sentencia-pdf-1999.csv,,,0,0,True,False
00184-1998-AA,1999,sentencia,data\sentencia-Extract\1999\sentencia-pdf-1999.csv,,,0,0,True,False
00255-1998-AA,1999,sentencia,data\sentencia-Extract\1999\sentencia-pdf-1999.csv,,,0,0,True,False
00335-1998-AA,1999,sentencia,data\sentencia-Extract\1999\sentencia-pdf-1999.csv,,,0,0,True,False
00310-1998-AA,1999,sentencia,data\sentencia-Extract\1999\sentencia-pdf-1999.csv,,,0,0,True,False
00213-1998-AA,1999,sentencia,data\sentencia-Extract\1999\sentencia-pdf-1999.csv,,,0,0,True,False
00832-1998-HC,1999,sentencia,data\sentencia-Extract\1999\sentencia-pdf-1999.csv,,,0,0,True,False
00818-1998-HC,1999,sentencia,data\sentencia-Extract\1999\sentencia-pdf-1999.csv,,,0,0,True,False
01138-1998-AA,1999,sentencia,data\sentencia-Extract\1999\sentencia-pdf-1999.csv,,,0,0,True,False
00147-1998-AA,1999,sentencia,data\sentencia-Extract\1999\sentencia-pdf-1999.csv,,,0,0,True,False
00040-1998-AA,1999,sentencia,data\sentencia-Extract\1999\sentencia-pdf-1999.csv,,,0,0,True,False
00104-1998-AC,1999,sentencia,data\sentencia-Extract\1999\sentencia-pdf-1999.csv,,,0,0,True,False
00055-1998-AA,1999,sentencia,data\sentencia-Extract\1999\sentencia-pdf-1999.csv,,,0,0,True,False
00687-1998-AA,1999,sentencia,data\sentencia-Extract\1999\sentencia-pdf-1999.csv,,,0,0,True,False
00262-1998-HC,1999,sentencia,data\sentencia-Extract\1999\sentencia-pdf-1999.csv,,,0,0,True,False
00515-1997-AA,1999,sentencia,data\sentencia-Extract\1999\sentencia-pdf-1999.csv,,,0,0,True,False
00125-1995-AA,1999,sentencia,data\sentencia-Extract\1999\sentencia-pdf-1999.csv,,,0,0,True,False
00173-1998-AA,1999,sentencia,data\sentencia-Extract\1999\sentencia-pdf-1999.csv,,,0,0,True,False
00146-1998-AA,1999,sentencia,data\sentencia-Extract\1999\sentencia-pdf-1999.csv,,,0,0,True,False
00041-1998-AA,1999,sentencia,data\sentencia-Extract\1999\sentencia-pdf-1999.csv,,,0,0,True,False
00546-1998-AA,1999,sentencia,data\sentencia-Extract\1999\sentencia-pdf-1999.csv,,,0,0,True,False
00513-1996-AA,1999,sentencia,data\sentencia-Extract\1999\sentencia-pdf-1999.csv,,,0,0,True,False
01062-1998-AA,1999,sentencia,data\sentencia-Extract\1999\sentencia-pdf-1999.csv,,,0,0,True,False
00877-1997-HC,1999,sentencia,data\sentencia-Extract\1999\sentencia-pdf-1999.csv,,,0,0,True,False
00924-1997-AA,1999,sentencia,data\sentencia-Extract\1999\sentencia-pdf-1999.csv,,,0,0,True,False
00348-1997-AA,1999,sentencia,data\sentencia-Extract\1999\sentencia-pdf-1999.csv,,,0,0,True,False
01001-1998-HC,1999,sentencia,data\sentencia-Extract\1999\sentencia-pdf-1999.csv,,,0,0,True,False
00624-1997-HC,1999,sentencia,data\sentencia-Extract\1999\sentencia-pdf-1999.csv,,,0,0,True,False
00700-1998-HC,1999,sentencia,data\sentencia-Extract\1999\sentencia-pdf-1999.csv,,,0,0,True,False
00093-1998-AA,1999,sentencia,data\sentencia-Extract\1999\sentencia-pdf-1999.csv,,,0,0,True,False
00169-1998-AA,1999,sentencia,data\sentencia-Extract\1999\sentencia-pdf-1999.csv,,,0,0,True,False
00132-1996-AA,1999,sentencia,data\sentencia-Extract\1999\sentencia-pdf-1999.csv,,,0,0,True,False
00706-1998-AC,1999,sentencia,data\sentencia-Extract\1999\sentencia-pdf-1999.csv,,,0,0,True,False
00045-1998-AA,1999,sentencia,data\sentencia-Extract\1999\sentencia-pdf-1999.csv,,,0,0,True,False
01121-1998-HC,1999,sentencia,data\sentencia-Extract\1999\sentencia-pdf-1999.csv,,,0,0,True,False
01100-1998-AA,1999,sentencia,data\sentencia-Extract\1999\sentencia-pdf-1999.csv,,,0,0,True,False
00347-1998-AA,1999,sentencia,data\sentencia-Extract\1999\sentencia-pdf-1999.csv,,,0,0,True,False
01086-1998-HC,1999,sentencia,data\sentencia-Extract\1999\sentencia-pdf-1999.csv,,,0,0,True,False
00430-1996-AA,1999,sentencia,data\sentencia-Extract\1999\sentencia-pdf-1999.csv,,,0,0,True,False
00339-1998-AA,1999,sentencia,data\sentencia-Extract\1999\sentencia-pdf-1999.csv,,,0,0,True,False
00405-1996-AC,1999,sentencia,data\sentencia-Extract\1999\sentencia-pdf-1999.csv,,,0,0,True,False
00080-1997-AA,1999,sentencia,data\sentencia-Extract\1999\sentencia-pdf-1999.csv,,,0,0,True,False
00064-1999-HC,1999,sentencia,data\sentencia-Extract\1999\sentencia-pdf-1999.csv,,,0,0,True,False
00073-1992-AA,1999,sentencia,data\sentencia-Extract\1999\sentencia-pdf-1999.csv,,,0,0,True,False
00036-1999-AA,1999,sentencia,data\sentencia-Extract\1999\sentencia-pdf-1999.csv,,,0,0,True,False
00065-1999-HC,1999,sentencia,data\sentencia-Extract\1999\sentencia-pdf-1999.csv,,,0,0,True,False
00913-1998-HC,1999,sentencia,data\sentencia-Extract\1999\sentencia-pdf-1999.csv,,,0,0,True,False
01000-1998-AA,1999,sentencia,data\sentencia-Extract\1999\sentencia-pdf-1999.csv,,,0,0,True,False
01034-1998-AA,1999,sentencia,data\sentencia-Extract\1999\sentencia-pdf-1999.csv,,,0,0,True,False
00923-1998-HC,1999,sentencia,data\sentencia-Extract\1999\sentencia-pdf-1999.csv,,,0,0,True,False
00691-1997-AA,1999,sentencia,data\sentencia-Extract\1999\sentencia-pdf-1999.csv,,,0,0,True,False
00565-1997-HC,1999,sentencia,data\sentencia-Extract\1999\sentencia-pdf-1999.csv,,,0,0,True,False
00567-1998-AA,1999,sentencia,data\sentencia-Extract\1999\sentencia-pdf-1999.csv,,,0,0,True,False
01044-1997-HC,1999,sentencia,data\sentencia-Extract\1999\sentencia-pdf-1999.csv,,,0,0,True,False
01032-1997-AA,1999,sentencia,data\sentencia-Extract\1999\sentencia-pdf-1999.csv,,,0,0,True,False
00892-1998-AA,1999,sentencia,data\sentencia-Extract\1999\sentencia-pdf-1999.csv,,,0,0,True,False
00917-1998-HC,1999,sentencia,data\sentencia-Extract\1999\sentencia-pdf-1999.csv,,,0,0,True,False
00524-1998-AA,1999,sentencia,data\sentencia-Extract\1999\sentencia-pdf-1999.csv,,,0,0,True,False
00529-1998-AA,1999,sentencia,data\sentencia-Extract\1999\sentencia-pdf-1999.csv,,,0,0,True,False
00586-1998-HC,1999,sentencia,data\sentencia-Extract\1999\sentencia-pdf-1999.csv,,,0,0,True,False
00540-1997-HC,1999,sentencia,data\sentencia-Extract\1999\sentencia-pdf-1999.csv,,,0,0,True,False
00558-1998-AA,1999,sentencia,data\sentencia-Extract\1999\sentencia-pdf-1999.csv,,,0,0,True,False
00150-1998-AA,1999,sentencia,data\sentencia-Extract\1999\sentencia-pdf-1999.csv,,,0,0,True,False
00119-1998-AA,1999,sentencia,data\sentencia-Extract\1999\sentencia-pdf-1999.csv,,,0,0,True,False
00121-1996-AA,1999,sentencia,data\sentencia-Extract\1999\sentencia-pdf-1999.csv,,,0,0,True,False
00121-1998-AA,1999,sentencia,data\sentencia-Extract\1999\sentencia-pdf-1999.csv,,,0,0,True,False
00117-1998-AA,1999,sentencia,data\sentencia-Extract\1999\sentencia-pdf-1999.csv,,,0,0,True,False
00714-1998-HC,1999,sentencia,data\sentencia-Extract\1999\sentencia-pdf-1999.csv,,,0,0,True,False
00317-1998-AA,1999,sentencia,data\sentencia-Extract\1999\sentencia-pdf-1999.csv,,,0,0,True,False
00303-1998-AA,1999,sentencia,data\sentencia-Extract\1999\sentencia-pdf-1999.csv,,,0,0,True,False
00445-1996-AA,1999,sentencia,data\sentencia-Extract\1999\sentencia-pdf-1999.csv,,,0,0,True,False
00776-1997-HC,1999,sentencia,data\sentencia-Extract\1999\sentencia-pdf-1999.csv,,,0,0,True,False
00774-1998-AA,1999,sentencia,data\sentencia-Extract\1999\sentencia-pdf-1999.csv,,,0,0,True,False
00246-1998-HC,1999,sentencia,data\sentencia-Extract\1999\sentencia-pdf-1999.csv,,,0,0,True,False
00656-1997-AA,1999,sentencia,data\sentencia-Extract\1999\sentencia-pdf-1999.csv,,,0,0,True,False
00646-1998-AA,1999,sentencia,data\sentencia-Extract\1999\sentencia-pdf-1999.csv,,,0,0,True,False
00643-1996-AA,1999,sentencia,data\sentencia-Extract\1999\sentencia-pdf-1999.csv,,,0,0,True,False
00118-1998-AA,1999,sentencia,data\sentencia-Extract\1999\sentencia-pdf-1999.csv,,,0,0,True,False
00137-1995-AA,1999,sentencia,data\sentencia-Extract\1999\sentencia-pdf-1999.csv,,,0,0,True,False
00096-1995-AA,1999,sentencia,data\sentencia-Extract\1999\sentencia-pdf-1999.csv,,,0,0,True,False
00275-1996-AA,1999,sentencia,data\sentencia-Extract\1999\sentencia-pdf-1999.csv,,,0,0,True,False
00222-1998-AC,1999,sentencia,data\sentencia-Extract\1999\sentencia-pdf-1999.csv,,,0,0,True,False
01179-1997-AC,1999,sentencia,data\sentencia-Extract\1999\sentencia-pdf-1999.csv,,,0,0,True,False
00045-1999-AA,1999,sentencia,data\sentencia-Extract\1999\sentencia-pdf-1999.csv,,,0,0,True,False
00497-1997-AA,1999,sentencia,data\sentencia-Extract\1999\sentencia-pdf-1999.csv,,,0,0,True,False
00473-1997-AA,1999,sentencia,data\sentencia-Extract\1999\sentencia-pdf-1999.csv,,,0,0,True,False
00409-1996-AA,1999,sentencia,data\sentencia-Extract\1999\sentencia-pdf-1999.csv,,,0,0,True,False
00338-1998-AA,1999,sentencia,data\sentencia-Extract\1999\sentencia-pdf-1999.csv,,,0,0,True,False
00616-1998-AA,1999,sentencia,data\sentencia-Extract\1999\sentencia-pdf-1999.csv,,,0,0,True,False
00474-1998-AC,1999,sentencia,data\sentencia-Extract\1999\sentencia-pdf-1999.csv,,,0,0,True,False
00502-1997-AA,1999,sentencia,data\sentencia-Extract\1999\sentencia-pdf-1999.csv,,,0,0,True,False
00532-1998-AA,1999,sentencia,data\sentencia-Extract\1999\sentencia-pdf-1999.csv,,,0,0,True,False
00122-1995-AA,1999,sentencia,data\sentencia-Extract\1999\sentencia-pdf-1999.csv,,,0,0,True,False
00088-1996-AA,1999,sentencia,data\sentencia-Extract\1999\sentencia-pdf-1999.csv,,,0,0,True,False
00784-1998-AA,1999,sentencia,data\sentencia-Extract\1999\sentencia-pdf-1999.csv,,,0,0,True,False
00699-1998-AA,1999,sentencia,data\sentencia-Extract\1999\sentencia-pdf-1999.csv,,,0,0,True,False
00941-1998-HC,1999,sentencia,data\sentencia-Extract\1999\sentencia-pdf-1999.csv,,,0,0,True,False
00040-1999-AA,1999,sentencia,data\sentencia-Extract\1999\sentencia-pdf-1999.csv,,,0,0,True,False
00046-1999-AA,1999,sentencia,data\sentencia-Extract\1999\sentencia-pdf-1999.csv,,,0,0,True,False
00037-1999-AA,1999,sentencia,data\sentencia-Extract\1999\sentencia-pdf-1999.csv,,,0,0,True,False
00344-1998-AA,1999,sentencia,data\sentencia-Extract\1999\sentencia-pdf-1999.csv,,,0,0,True,False
00383-1998-AA,1999,sentencia,data\sentencia-Extract\1999\sentencia-pdf-1999.csv,,,0,0,True,False
00381-1998-AA,1999,sentencia,data\sentencia-Extract\1999\sentencia-pdf-1999.csv,,,0,0,True,False
00415-1998-HC,1999,sentencia,data\sentencia-Extract\1999\sentencia-pdf-1999.csv,,,0,0,True,False
00999-1998-AA,1999,sentencia,data\sentencia-Extract\1999\sentencia-pdf-1999.csv,,,0,0,True,False
01174-1997-AA,1999,sentencia,data\sentencia-Extract\1999\sentencia-pdf-1999.csv,,,0,0,True,False
00270-1998-AA,1999,sentencia,data\sentencia-Extract\1999\sentencia-pdf-1999.csv,,,0,0,True,False
00188-1998-AA,1999,sentencia,data\sentencia-Extract\1999\sentencia-pdf-1999.csv,,,0,0,True,False
00539-1998-AA,1999,sentencia,data\sentencia-Extract\1999\sentencia-pdf-1999.csv,,,0,0,True,False
00179-1998-AA,1999,sentencia,data\sentencia-Extract\1999\sentencia-pdf-1999.csv,,,0,0,True,False
01252-1997-HC,1999,sentencia,data\sentencia-Extract\1999\sentencia-pdf-1999.csv,,,0,0,True,False
00400-1998-AA,1999,sentencia,data\sentencia-Extract\1999\sentencia-pdf-1999.csv,,,0,0,True,False
00508-1998-AA,1999,sentencia,data\sentencia-Extract\1999\sentencia-pdf-1999.csv,,,0,0,True,False
00328-1996-AA,1999,sentencia,data\sentencia-Extract\1999\sentencia-pdf-1999.csv,,,0,0,True,False
00067-1998-AA,1999,sentencia,data\sentencia-Extract\1999\sentencia-pdf-1999.csv,,,0,0,True,False
00739-1996-AA,1999,sentencia,data\sentencia-Extract\1999\sentencia-pdf-1999.csv,,,0,0,True,False
00421-1998-AA,1999,sentencia,data\sentencia-Extract\1999\sentencia-pdf-1999.csv,,,0,0,True,False
00439-1996-AA,1999,sentencia,data\sentencia-Extract\1999\sentencia-pdf-1999.csv,,,0,0,True,False
00075-1998-AA,1999,sentencia,data\sentencia-Extract\1999\sentencia-pdf-1999.csv,,,0,0,True,False
00042-1999-AA,1999,sentencia,data\sentencia-Extract\1999\sentencia-pdf-1999.csv,,,0,0,True,False
00004-1999-AA,1999,sentencia,data\sentencia-Extract\1999\sentencia-pdf-1999.csv,,,0,0,True,False
00033-1999-AA,1999,sentencia,data\sentencia-Extract\1999\sentencia-pdf-1999.csv,,,0,0,True,False
00932-1998-AA,1999,sentencia,data\sentencia-Extract\1999\sentencia-pdf-1999.csv,,,0,0,True,False
00894-1998-HC,1999,sentencia,data\sentencia-Extract\1999\sentencia-pdf-1999.csv,,,0,0,True,False
00875-1998-AA,1999,sentencia,data\sentencia-Extract\1999\sentencia-pdf-1999.csv,,,0,0,True,False
00879-1998-AA,1999,sentencia,data\sentencia-Extract\1999\sentencia-pdf-1999.csv,,,0,0,True,False
00929-1998-HC,1999,sentencia,data\sentencia-Extract\1999\sentencia-pdf-1999.csv,,,0,0,True,False
01060-1998-AA,1999,sentencia,data\sentencia-Extract\1999\sentencia-pdf-1999.csv,,,0,0,True,False
00968-1998-AA,1999,sentencia,data\sentencia-Extract\1999\sentencia-pdf-1999.csv,,,0,0,True,False
00684-1998-AA,1999,sentencia,data\sentencia-Extract\1999\sentencia-pdf-1999.csv,,,0,0,True,False
00225-1995-AA,1999,sentencia,data\sentencia-Extract\1999\sentencia-pdf-1999.csv,,,0,0,True,False
00509-1998-AA,1999,sentencia,data\sentencia-Extract\1999\sentencia-pdf-1999.csv,,,0,0,True,False
01065-1998-HC,1999,sentencia,data\sentencia-Extract\1999\sentencia-pdf-1999.csv,,,0,0,True,False
00274-1996-AA,1999,sentencia,data\sentencia-Extract\1999\sentencia-pdf-1999.csv,,,0,0,True,False
00159-1998-AA,1999,sentencia,data\sentencia-Extract\1999\sentencia-pdf-1999.csv,,,0,0,True,False
00143-1998-HC,1999,sentencia,data\sentencia-Extract\1999\sentencia-pdf-1999.csv,,,0,0,True,False
00530-1998-AA,1999,sentencia,data\sentencia-Extract\1999\sentencia-pdf-1999.csv,,,0,0,True,False
00690-1997-AA,1999,sentencia,data\sentencia-Extract\1999\sentencia-pdf-1999.csv,,,0,0,True,False
00677-1998-AA,1999,sentencia,data\sentencia-Extract\1999\sentencia-pdf-1999.csv,,,0,0,True,False
00038-1999-AA,1999,sentencia,data\sentencia-Extract\1999\sentencia-pdf-1999.csv,,,0,0,True,False
00083-1999-AA,1999,sentencia,data\sentencia-Extract\1999\sentencia-pdf-1999.csv,,,0,0,True,False
00041-1999-AA,1999,sentencia,data\sentencia-Extract\1999\sentencia-pdf-1999.csv,,,0,0,True,False
00387-1996-AA,1999,sentencia,data\sentencia-Extract\1999\sentencia-pdf-1999.csv,,,0,0,True,False
01145-1998-AA,1999,sentencia,data\sentencia-Extract\1999\sentencia-pdf-1999.csv,,,0,0,True,False
00253-1998-AA,1999,sentencia,data\sentencia-Extract\1999\sentencia-pdf-1999.csv,,,0,0,True,False
00789-1998-HC,1999,sentencia,data\sentencia-Extract\1999\sentencia-pdf-1999.csv,,,0,0,True,False
00098-1995-AA,1999,sentencia,data\sentencia-Extract\1999\sentencia-pdf-1999.csv,,,0,0,True,False
00902-1998-AA,1999,sentencia,data\sentencia-Extract\1999\sentencia-pdf-1999.csv,,,0,0,True,False
00989-1998-AA,1999,sentencia,data\sentencia-Extract\1999\sentencia-pdf-1999.csv,,,0,0,True,False
00128-1995-AA,1999,sentencia,data\sentencia-Extract\1999\sentencia-pdf-1999.csv,,,0,0,True,False
00289-1998-AA,1999,sentencia,data\sentencia-Extract\1999\sentencia-pdf-1999.csv,,,0,0,True,False
00193-1998-AA,1999,sentencia,data\sentencia-Extract\1999\sentencia-pdf-1999.csv,,,0,0,True,False
00047-1999-AA,1999,sentencia,data\sentencia-Extract\1999\sentencia-pdf-1999.csv,,,0,0,True,False
00883-1998-AA,1999,sentencia,data\sentencia-Extract\1999\sentencia-pdf-1999.csv,,,0,0,True,False
00943-1998-HC,1999,sentencia,data\sentencia-Extract\1999\sentencia-pdf-1999.csv,,,0,0,True,False
00058-1999-HC,1999,sentencia,data\sentencia-Extract\1999\sentencia-pdf-1999.csv,,,0,0,True,False
00765-1998-HC,1999,sentencia,data\sentencia-Extract\1999\sentencia-pdf-1999.csv,,,0,0,True,False
00740-1998-HC,1999,sentencia,data\sentencia-Extract\1999\sentencia-pdf-1999.csv,,,0,0,True,False
01025-1996-AA,1999,sentencia,data\sentencia-Extract\1999\sentencia-pdf-1999.csv,,,0,0,True,False
00283-1998-HC,1999,sentencia,data\sentencia-Extract\1999\sentencia-pdf-1999.csv,,,0,0,True,False
00075-1996-HC,1999,sentencia,data\sentencia-Extract\1999\sentencia-pdf-1999.csv,,,0,0,True,False
00043-1999-AA,1999,sentencia,data\sentencia-Extract\1999\sentencia-pdf-1999.csv,,,0,0,True,False
00880-1998-AA,1999,sentencia,data\sentencia-Extract\1999\sentencia-pdf-1999.csv,,,0,0,True,False
00568-1998-HC,1999,sentencia,data\sentencia-Extract\1999\sentencia-pdf-1999.csv,,,0,0,True,False
00617-1998-HC,1999,sentencia,data\sentencia-Extract\1999\sentencia-pdf-1999.csv,,,0,0,True,False
00826-1998-AA,1999,sentencia,data\sentencia-Extract\1999\sentencia-pdf-1999.csv,,,0,0,True,False
00265-1996-AA,1999,sentencia,data\sentencia-Extract\1999\sentencia-pdf-1999.csv,,,0,0,True,False
00741-1998-AA,1999,sentencia,data\sentencia-Extract\1999\sentencia-pdf-1999.csv,,,0,0,True,False
01107-1998-AA,1999,sentencia,data\sentencia-Extract\1999\sentencia-pdf-1999.csv,,,0,0,True,False
00494-1996-AA,1999,sentencia,data\sentencia-Extract\1999\sentencia-pdf-1999.csv,,,0,0,True,False
00489-1998-HC,1999,sentencia,data\sentencia-Extract\1999\sentencia-pdf-1999.csv,,,0,0,True,False
00303-1996-AA,1999,sentencia,data\sentencia-Extract\1999\sentencia-pdf-1999.csv,,,0,0,True,False
01094-1998-AA,1999,sentencia,data\sentencia-Extract\1999\sentencia-pdf-1999.csv,,,0,0,True,False
01095-1998-AA,1999,sentencia,data\sentencia-Extract\1999\sentencia-pdf-1999.csv,,,0,0,True,False
01135-1998-HC,1999,sentencia,data\sentencia-Extract\1999\sentencia-pdf-1999.csv,,,0,0,True,False
01142-1998-AA,1999,sentencia,data\sentencia-Extract\1999\sentencia-pdf-1999.csv,,,0,0,True,False
00836-1998-AA,1999,sentencia,data\sentencia-Extract\1999\sentencia-pdf-1999.csv,,,0,0,True,False
00227-1998-AA,1999,sentencia,data\sentencia-Extract\1999\sentencia-pdf-1999.csv,,,0,0,True,False
00133-1998-AA,1999,sentencia,data\sentencia-Extract\1999\sentencia-pdf-1999.csv,,,0,0,True,False
00149-1998-AA,1999,sentencia,data\sentencia-Extract\1999\sentencia-pdf-1999.csv,,,0,0,True,False
00524-1996-AA,1999,sentencia,data\sentencia-Extract\1999\sentencia-pdf-1999.csv,,,0,0,True,False
00163-1999-AA,1999,sentencia,data\sentencia-Extract\1999\sentencia-pdf-1999.csv,,,0,0,True,False
00102-1998-AA,1999,sentencia,data\sentencia-Extract\1999\sentencia-pdf-1999.csv,,,0,0,True,False
00637-1998-AA,1999,sentencia,data\sentencia-Extract\1999\sentencia-pdf-1999.csv,,,0,0,True,False
01035-1998-AA,1999,sentencia,data\sentencia-Extract\1999\sentencia-pdf-1999.csv,,,0,0,True,False
01034-1997-AA,1999,sentencia,data\sentencia-Extract\1999\sentencia-pdf-1999.csv,,,0,0,True,False
00501-1998-AA,1999,sentencia,data\sentencia-Extract\1999\sentencia-pdf-1999.csv,,,0,0,True,False
00464-1998-AA,1999,sentencia,data\sentencia-Extract\1999\sentencia-pdf-1999.csv,,,0,0,True,False
00455-1996-AA,1999,sentencia,data\sentencia-Extract\1999\sentencia-pdf-1999.csv,,,0,0,True,False
00457-1996-AA,1999,sentencia,data\sentencia-Extract\1999\sentencia-pdf-1999.csv,,,0,0,True,False
00826-1997-AA,1999,sentencia,data\sentencia-Extract\1999\sentencia-pdf-1999.csv,,,0,0,True,False
00048-1999-AA,1999,sentencia,data\sentencia-Extract\1999\sentencia-pdf-1999.csv,,,0,0,True,False
00030-1992-HC,1999,sentencia,data\sentencia-Extract\1999\sentencia-pdf-1999.csv,,,0,0,True,False
00035-1999-AA,1999,sentencia,data\sentencia-Extract\1999\sentencia-pdf-1999.csv,,,0,0,True,False
00007-1998-AA,1999,sentencia,data\sentencia-Extract\1999\sentencia-pdf-1999.csv,,,0,0,True,False
00885-1998-AA,1999,sentencia,data\sentencia-Extract\1999\sentencia-pdf-1999.csv,,,0,0,True,False
01033-1998-AA,1999,sentencia,data\sentencia-Extract\1999\sentencia-pdf-1999.csv,,,0,0,True,False
00949-1998-AA,1999,sentencia,data\sentencia-Extract\1999\sentencia-pdf-1999.csv,,,0,0,True,False
01088-1998-AA,1999,sentencia,data\sentencia-Extract\1999\sentencia-pdf-1999.csv,,,0,0,True,False
00308-1998-AA,1999,sentencia,data\sentencia-Extract\1999\sentencia-pdf-1999.csv,,,0,0,True,False
00266-1998-AA,1999,sentencia,data\sentencia-Extract\1999\sentencia-pdf-1999.csv,,,0,0,True,False
00914-1998-AA,1999,sentencia,data\sentencia-Extract\1999\sentencia-pdf-1999.csv,,,0,0,True,False
00329-1998-AA,1999,sentencia,data\sentencia-Extract\1999\sentencia-pdf-1999.csv,,,0,0,True,False
00688-1998-AA,1999,sentencia,data\sentencia-Extract\1999\sentencia-pdf-1999.csv,,,0,0,True,False
00342-1996-AA,1999,sentencia,data\sentencia-Extract\1999\sentencia-pdf-1999.csv,,,0,0,True,False
00503-1996-AA,1999,sentencia,data\sentencia-Extract\1999\sentencia-pdf-1999.csv,,,0,0,True,False
01143-1998-AA,1999,sentencia,data\sentencia-Extract\1999\sentencia-pdf-1999.csv,,,0,0,True,False
00315-1997-AA,1999,sentencia,data\sentencia-Extract\1999\sentencia-pdf-1999.csv,,,0,0,True,False
00044-1999-AA,1999,sentencia,data\sentencia-Extract\1999\sentencia-pdf-1999.csv,,,0,0,True,False
00473-1998-AA,1999,sentencia,data\sentencia-Extract\1999\sentencia-pdf-1999.csv,,,0,0,True,False
00442-1996-AA,1999,sentencia,data\sentencia-Extract\1999\sentencia-pdf-1999.csv,,,0,0,True,False
00068-1999-HC,1999,sentencia,data\sentencia-Extract\1999\sentencia-pdf-1999.csv,,,0,0,True,False
00647-1998-AA,1999,sentencia,data\sentencia-Extract\1999\sentencia-pdf-1999.csv,,,0,0,True,False
00136-1999-AA,1999,sentencia,data\sentencia-Extract\1999\sentencia-pdf-1999.csv,,,0,0,True,False
00232-1993-AA,1999,sentencia,data\sentencia-Extract\1999\sentencia-pdf-1999.csv,,,0,0,True,False
00259-1996-AA,1999,sentencia,data\sentencia-Extract\1999\sentencia-pdf-1999.csv,,,0,0,True,False
00786-1998-AA,1999,sentencia,data\sentencia-Extract\1999\sentencia-pdf-1999.csv,,,0,0,True,False
00710-1998-AC,1999,sentencia,data\sentencia-Extract\1999\sentencia-pdf-1999.csv,,,0,0,True,False
00835-1998-AC,1999,sentencia,data\sentencia-Extract\1999\sentencia-pdf-1999.csv,,,0,0,True,False
00758-1998-AC,1999,sentencia,data\sentencia-Extract\1999\sentencia-pdf-1999.csv,,,0,0,True,False
00865-1998-AC,1999,sentencia,data\sentencia-Extract\1999\sentencia-pdf-1999.csv,,,0,0,True,False
00959-1998-AC,1999,sentencia,data\sentencia-Extract\1999\sentencia-pdf-1999.csv,,,0,0,True,False
00694-1998-AC,1999,sentencia,data\sentencia-Extract\1999\sentencia-pdf-1999.csv,,,0,0,True,False
00867-1998-AC,1999,sentencia,data\sentencia-Extract\1999\sentencia-pdf-1999.csv,,,0,0,True,False
00593-1996-AA,1999,sentencia,data\sentencia-Extract\1999\sentencia-pdf-1999.csv,,,0,0,True,False
00853-1998-AC,1999,sentencia,data\sentencia-Extract\1999\sentencia-pdf-1999.csv,,,0,0,True,False
00755-1998-AC,1999,sentencia,data\sentencia-Extract\1999\sentencia-pdf-1999.csv,,,0,0,True,False
00905-1998-AC,1999,sentencia,data\sentencia-Extract\1999\sentencia-pdf-1999.csv,,,0,0,True,False
00982-1998-AC,1999,sentencia,data\sentencia-Extract\1999\sentencia-pdf-1999.csv,,,0,0,True,False
01041-1998-AC,1999,sentencia,data\sentencia-Extract\1999\sentencia-pdf-1999.csv,,,0,0,True,False
00938-1998-AC,1999,sentencia,data\sentencia-Extract\1999\sentencia-pdf-1999.csv,,,0,0,True,False
00903-1998-AC,1999,sentencia,data\sentencia-Extract\1999\sentencia-pdf-1999.csv,,,0,0,True,False
00671-1998-AA,1999,sentencia,data\sentencia-Extract\1999\sentencia-pdf-1999.csv,,,0,0,True,False
00200-1997-AA,1999,sentencia,data\sentencia-Extract\1999\sentencia-pdf-1999.csv,,,0,0,True,False
00748-1998-AC,1999,sentencia,data\sentencia-Extract\1999\sentencia-pdf-1999.csv,,,0,0,True,False
00316-1998-AA,1999,sentencia,data\sentencia-Extract\1999\sentencia-pdf-1999.csv,,,0,0,True,False
00219-1997-AC,1999,sentencia,data\sentencia-Extract\1999\sentencia-pdf-1999.csv,,,0,0,True,False
00313-1998-AA,1999,sentencia,data\sentencia-Extract\1999\sentencia-pdf-1999.csv,,,0,0,True,False
00717-1998-AA,1999,sentencia,data\sentencia-Extract\1999\sentencia-pdf-1999.csv,,,0,0,True,False
00856-1998-AC,1999,sentencia,data\sentencia-Extract\1999\sentencia-pdf-1999.csv,,,0,0,True,False
00891-1998-AC,1999,sentencia,data\sentencia-Extract\1999\sentencia-pdf-1999.csv,,,0,0,True,False
00910-1998-AC,1999,sentencia,data\sentencia-Extract\1999\sentencia-pdf-1999.csv,,,0,0,True,False
00858-1998-AC,1999,sentencia,data\sentencia-Extract\1999\sentencia-pdf-1999.csv,,,0,0,True,False
01011-1998-AC,1999,sentencia,data\sentencia-Extract\1999\sentencia-pdf-1999.csv,,,0,0,True,False
00062-1992-AA,1999,sentencia,data\sentencia-Extract\1999\sentencia-pdf-1999.csv,,,0,0,True,False
00057-1999-AC,1999,sentencia,data\sentencia-Extract\1999\sentencia-pdf-1999.csv,,,0,0,True,False
00090-1999-AA,1999,sentencia,data\sentencia-Extract\1999\sentencia-pdf-1999.csv,,,0,0,True,False
01226-1997-AC,1999,sentencia,data\sentencia-Extract\1999\sentencia-pdf-1999.csv,,,0,0,True,False
00857-1998-AC,1999,sentencia,data\sentencia-Extract\1999\sentencia-pdf-1999.csv,,,0,0,True,False
01103-1998-AC,1999,sentencia,data\sentencia-Extract\1999\sentencia-pdf-1999.csv,,,0,0,True,False
01075-1998-AC,1999,sentencia,data\sentencia-Extract\1999\sentencia-pdf-1999.csv,,,0,0,True,False
00294-1996-AA,1999,sentencia,data\sentencia-Extract\1999\sentencia-pdf-1999.csv,,,0,0,True,False
00947-1998-AA,1999,sentencia,data\sentencia-Extract\1999\sentencia-pdf-1999.csv,,,0,0,True,False
01030-1996-AA,1999,sentencia,data\sentencia-Extract\1999\sentencia-pdf-1999.csv,,,0,0,True,False
01049-1998-AA,1999,sentencia,data\sentencia-Extract\1999\sentencia-pdf-1999.csv,,,0,0,True,False
00992-1997-AA,1999,sentencia,data\sentencia-Extract\1999\sentencia-pdf-1999.csv,,,0,0,True,False
00008-1999-AA,1999,sentencia,data\sentencia-Extract\1999\sentencia-pdf-1999.csv,,,0,0,True,False
00008-1998-AA,1999,sentencia,data\sentencia-Extract\1999\sentencia-pdf-1999.csv,,,0,0,True,False
00077-1992-AA,1999,sentencia,data\sentencia-Extract\1999\sentencia-pdf-1999.csv,,,0,0,True,False
00231-1999-AA,1999,sentencia,data\sentencia-Extract\1999\sentencia-pdf-1999.csv,,,0,0,True,False
00839-1998-AA,1999,sentencia,data\sentencia-Extract\1999\sentencia-pdf-1999.csv,,,0,0,True,False
00284-1998-AA,1999,sentencia,data\sentencia-Extract\1999\sentencia-pdf-1999.csv,,,0,0,True,False
00170-1997-AA,1999,sentencia,data\sentencia-Extract\1999\sentencia-pdf-1999.csv,,,0,0,True,False
00177-1999-AA,1999,sentencia,data\sentencia-Extract\1999\sentencia-pdf-1999.csv,,,0,0,True,False
00590-1998-AA,1999,sentencia,data\sentencia-Extract\1999\sentencia-pdf-1999.csv,,,0,0,True,False
00367-1999-HC,1999,sentencia,data\sentencia-Extract\1999\sentencia-pdf-1999.csv,,,0,0,True,False
00350-1998-AA,1999,sentencia,data\sentencia-Extract\1999\sentencia-pdf-1999.csv,,,0,0,True,False
00466-1998-AA,1999,sentencia,data\sentencia-Extract\1999\sentencia-pdf-1999.csv,,,0,0,True,False
00730-1996-AA,1999,sentencia,data\sentencia-Extract\1999\sentencia-pdf-1999.csv,,,0,0,True,False
01122-1998-AA,1999,sentencia,data\sentencia-Extract\1999\sentencia-pdf-1999.csv,,,0,0,True,False
00732-1996-AA,1999,sentencia,data\sentencia-Extract\1999\sentencia-pdf-1999.csv,,,0,0,True,False
01154-1998-AA,1999,sentencia,data\sentencia-Extract\1999\sentencia-pdf-1999.csv,,,0,0,True,False
00682-1997-HC,1999,sentencia,data\sentencia-Extract\1999\sentencia-pdf-1999.csv,,,0,0,True,False
00340-1999-AA,1999,sentencia,data\sentencia-Extract\1999\sentencia-pdf-1999.csv,,,0,0,True,False
00768-1997-AA,1999,sentencia,data\sentencia-Extract\1999\sentencia-pdf-1999.csv,,,0,0,True,False
00965-1998-AA,1999,sentencia,data\sentencia-Extract\1999\sentencia-pdf-1999.csv,,,0,0,True,False
00863-1998-AA,1999,sentencia,data\sentencia-Extract\1999\sentencia-pdf-1999.csv,,,0,0,True,False
00076-1998-AA,1999,sentencia,data\sentencia-Extract\1999\sentencia-pdf-1999.csv,,,0,0,True,False
00744-1998-AA,1999,sentencia,data\sentencia-Extract\1999\sentencia-pdf-1999.csv,,,0,0,True,False
00216-1997-AA,1999,sentencia,data\sentencia-Extract\1999\sentencia-pdf-1999.csv,,,0,0,True,False
00191-1998-AA,1999,sentencia,data\sentencia-Extract\1999\sentencia-pdf-1999.csv,,,0,0,True,False
00106-1998-AA,1999,sentencia,data\sentencia-Extract\1999\sentencia-pdf-1999.csv,,,0,0,True,False
01222-1997-AA,1999,sentencia,data\sentencia-Extract\1999\sentencia-pdf-1999.csv,,,0,0,True,False
00815-1998-AA,1999,sentencia,data\sentencia-Extract\1999\sentencia-pdf-1999.csv,,,0,0,True,False
00784-1996-AC,1999,sentencia,data\sentencia-Extract\1999\sentencia-pdf-1999.csv,,,0,0,True,False
01067-1998-AA,1999,sentencia,data\sentencia-Extract\1999\sentencia-pdf-1999.csv,,,0,0,True,False
00570-1998-AA,1999,sentencia,data\sentencia-Extract\1999\sentencia-pdf-1999.csv,,,0,0,True,False
00336-1998-AA,1999,sentencia,data\sentencia-Extract\1999\sentencia-pdf-1999.csv,,,0,0,True,False
01071-1998-HD,1999,sentencia,data\sentencia-Extract\1999\sentencia-pdf-1999.csv,,,0,0,True,False
00418-1997-AA,1999,sentencia,data\sentencia-Extract\1999\sentencia-pdf-1999.csv,,,0,0,True,False
00795-1998-AA,1999,sentencia,data\sentencia-Extract\1999\sentencia-pdf-1999.csv,,,0,0,True,False
01112-1998-AA,1999,sentencia,data\sentencia-Extract\1999\sentencia-pdf-1999.csv,,,0,0,True,False
00983-1998-AA,1999,sentencia,data\sentencia-Extract\1999\sentencia-pdf-1999.csv,,,0,0,True,False
00522-1996-AA,1999,sentencia,data\sentencia-Extract\1999\sentencia-pdf-1999.csv,,,0,0,True,False
00562-1996-AA,1999,sentencia,data\sentencia-Extract\1999\sentencia-pdf-1999.csv,,,0,0,True,False
01013-1996-AA,1999,sentencia,data\sentencia-Extract\1999\sentencia-pdf-1999.csv,,,0,0,True,False
00908-1998-HC,1999,sentencia,data\sentencia-Extract\1999\sentencia-pdf-1999.csv,,,0,0,True,False
00186-1998-AA,1999,sentencia,data\sentencia-Extract\1999\sentencia-pdf-1999.csv,,,0,0,True,False
00123-1997-AA,1999,sentencia,data\sentencia-Extract\1999\sentencia-pdf-1999.csv,,,0,0,True,False
00701-1998-AA,1999,sentencia,data\sentencia-Extract\1999\sentencia-pdf-1999.csv,,,0,0,True,False
00920-1998-HC,1999,sentencia,data\sentencia-Extract\1999\sentencia-pdf-1999.csv,,,0,0,True,False
01025-1998-AA,1999,sentencia,data\sentencia-Extract\1999\sentencia-pdf-1999.csv,,,0,0,True,False
01087-1998-HC,1999,sentencia,data\sentencia-Extract\1999\sentencia-pdf-1999.csv,,,0,0,True,False
00504-1998-AA,1999,sentencia,data\sentencia-Extract\1999\sentencia-pdf-1999.csv,,,0,0,True,False
01064-1998-HC,1999,sentencia,data\sentencia-Extract\1999\sentencia-pdf-1999.csv,,,0,0,True,False
01108-1998-AA,1999,sentencia,data\sentencia-Extract\1999\sentencia-pdf-1999.csv,,,0,0,True,False
00054-1997-AA,1999,sentencia,data\sentencia-Extract\1999\sentencia-pdf-1999.csv,,,0,0,True,False
00039-1999-AA,1999,sentencia,data\sentencia-Extract\1999\sentencia-pdf-1999.csv,,,0,0,True,False
00066-1999-HC,1999,sentencia,data\sentencia-Extract\1999\sentencia-pdf-1999.csv,,,0,0,True,False
00026-1998-AA,1999,sentencia,data\sentencia-Extract\1999\sentencia-pdf-1999.csv,,,0,0,True,False
00048-1998-AA,1999,sentencia,data\sentencia-Extract\1999\sentencia-pdf-1999.csv,,,0,0,True,False
00049-1999-AA,1999,sentencia,data\sentencia-Extract\1999\sentencia-pdf-1999.csv,,,0,0,True,False
00794-1998-AA,1999,sentencia,data\sentencia-Extract\1999\sentencia-pdf-1999.csv,,,0,0,True,False
00279-1998-AA,1999,sentencia,data\sentencia-Extract\1999\sentencia-pdf-1999.csv,"Don Tomás Carril Romero, con fecha treinta y uno de octubre de mil
novecientos noventa y cinco, interpone Acción de Amparo contra el Ministerio de
Relaciones Exteriores, a fin de que se declare inaplicable la Resolución Suprema N. º
453-92-RE de fecha veintinueve de diciembre de mil novecientos n","Don Tomás Carril Romero, con fecha treinta y uno de octubre de mil novecientos noventa y cinco, interpone Acción de Amparo contra el Ministerio de Relaciones Exteriores, a fin de que se declare inaplicable la Resolución Suprema N. º 453-92-RE de fecha veintinueve de diciembre de mil novecientos noventa y dos, que dispone su cese en la categoría de Consejero en el Servicio Diplomático de la República a partir del treinta de diciembre de mil novecientos noventa y dos. Señala que de acuerdo a lo dispuesto en el Decreto Ley N.º 25889 de fecha veintisiete de noviembre de mil novecientos noventa y dos, se declara en reorganización el Servicio Diplomático de la República por lo que se faculta al Ministerio de Relaciones Exteriores para declarar en excedencia al personal del servicio y disponer su pase a la situación de retiro. Dicho proceso de reorganización estableció un plazo no mayor de treinta días, el cual venció el veintisiete de diciembre de mil novecientos noventa y dos, y fue ampliado hasta el treinta del mismo mes, por lo que al momento de su cese había vencido el plazo otorgado para tal efecto. Finalmente, el demandante solicita el restablecimiento de sus derechos al estado anterior de la violación. El Procurador Público a cargo de los asuntos judiciales del Ministerio de Relaciones Exteriores contesta la demanda, solicitando que la misma sea declarada improcedente, por considerar que el presente proceso incumple lo exigido en el artículo 37º de la Ley N.º 23506, la que preceptúa que el ejercicio de la Acción de Amparo caduca a los sesenta días de producida la afectación, por lo tanto, la presente demanda deviene en extemporánea. El Vigésimo Noveno Juzgado Especializado en lo Civil de Lima, a fojas doscientos veinticuatro, con fecha cuatro de febrero de mil novecientos noventa y siete, expide resolución declarando infundada la demanda interpuesta, en virtud de que la pretensión del demandante se circunscribe a la no aplicación a su caso concreto de la Resolución Suprema N.º 453-92-RE y teniendo en cuenta que la Acción de Amparo es un proceso especial, por lo que la presente vía procedimental no sería la adecuada, pues lo que pretende el demandante es la declaración de nulidad de la resolución cuestionada. La Sala Corporativa Transitoria Especializada en Derecho Público de la Corte Superior de Justicia de Lima, a fojas trescientos dos, con fecha tres de febrero de mil novecientos noventa y ocho, revoca la apelada y declara improcedente la demanda interpuesta, considerando que el plazo previsto en el artículo 37° de la Ley N.º 23506 ha vencido, por lo que se extingue el derecho para accionar en vía constitucional, en virtud de que la Resolución Suprema N.º453-92-RE fue expedida y publicada el veintinueve de diciembre de mil novecientos noventa y dos y el Recurso de Reconsideracion fue interpuesto el diecinueve de enero de mil novecientos noventa y tres. Consta esta resolución, el demandante interpone Recurso Extraordinario. FUNDAMENTOS: l. Que, conforme se desprende del petitorio de la demanda, el objeto de éste se circunscribe a que se declare la no aplicación, a su caso concreto del demandante, de la Resolución Suprema N.0453-92-RE de fecha veintinueve de diciembre de mil novecientos noventa y dos, que dispone su cese en la categoría de Consejero en el Servicio Diplomático de la República. 2. Que, antes de emitir un pronunciamiento sobre el fondo del asunto controvertido el Tribunal advierte que la presente acción no reúne los requisitos de procedibilidad establecidos en la norma procesal constitucional, que de acuerdo a lo expresado, debe entenderse que el plazo de caducidad previsto por el artículo 37º de la Ley N.º 23506 se evalúa necesariamente desde el día siguiente en que se efectuó el acto lesivo al derecho constitucional, 3. Que, habiendo transcurrido más de dos años desde la fecha en que el demandante interpuso el Recurso de Reconsideración, esto es, el. diecinueve de enero de mil novecientos noventa y tres, hasta la fecha de interposición de la demanda el treinta y uno de octubre de mil novecientos noventa y cinco, ha transcurrido en exceso el plazo de caducidad, por lo que la presente acción deviene en extemporánea. Por estos fundamentos, el Tribunal Constitucional, en uso de las atribuciones que le confieren la Constitución Política del Perú y su Ley Orgánica;",4412,4356,False,False
00125-1999-AA,1999,sentencia,data\sentencia-Extract\1999\sentencia-pdf-1999.csv,,,0,0,True,False
00143-1999-AA,1999,sentencia,data\sentencia-Extract\1999\sentencia-pdf-1999.csv,,,0,0,True,False
00530-1996-AA,1999,sentencia,data\sentencia-Extract\1999\sentencia-pdf-1999.csv,,,0,0,True,False
00704-1998-AA,1999,sentencia,data\sentencia-Extract\1999\sentencia-pdf-1999.csv,,,0,0,True,False
00611-1998-AA,1999,sentencia,data\sentencia-Extract\1999\sentencia-pdf-1999.csv,,,0,0,True,False
00434-1997-HC,1999,sentencia,data\sentencia-Extract\1999\sentencia-pdf-1999.csv,,,0,0,True,False
00391-1998-AA,1999,sentencia,data\sentencia-Extract\1999\sentencia-pdf-1999.csv,,,0,0,True,False
01055-1996-AA,1999,sentencia,data\sentencia-Extract\1999\sentencia-pdf-1999.csv,,,0,0,True,False
01213-1997-AA,1999,sentencia,data\sentencia-Extract\1999\sentencia-pdf-1999.csv,,,0,0,True,False
00787-1998-AA,1999,sentencia,data\sentencia-Extract\1999\sentencia-pdf-1999.csv,,,0,0,True,False
00545-1998-AA,1999,sentencia,data\sentencia-Extract\1999\sentencia-pdf-1999.csv,,,0,0,True,False
00673-1998-AC,1999,sentencia,data\sentencia-Extract\1999\sentencia-pdf-1999.csv,,,0,0,True,False
01032-1998-AA,1999,sentencia,data\sentencia-Extract\1999\sentencia-pdf-1999.csv,,,0,0,True,False
00534-1998-AA,1999,sentencia,data\sentencia-Extract\1999\sentencia-pdf-1999.csv,,,0,0,True,False
00988-1996-AA,1999,sentencia,data\sentencia-Extract\1999\sentencia-pdf-1999.csv,,,0,0,True,False
00934-1998-HC,1999,sentencia,data\sentencia-Extract\1999\sentencia-pdf-1999.csv,,,0,0,True,False
00973-1998-AA,1999,sentencia,data\sentencia-Extract\1999\sentencia-pdf-1999.csv,,,0,0,True,False
00940-1998-HC,1999,sentencia,data\sentencia-Extract\1999\sentencia-pdf-1999.csv,,,0,0,True,False
01015-1996-AA,1999,sentencia,data\sentencia-Extract\1999\sentencia-pdf-1999.csv,,,0,0,True,False
01014-1996-AA,1999,sentencia,data\sentencia-Extract\1999\sentencia-pdf-1999.csv,,,0,0,True,False
01013-1997-AA,1999,sentencia,data\sentencia-Extract\1999\sentencia-pdf-1999.csv,,,0,0,True,False
01012-1998-AA,1999,sentencia,data\sentencia-Extract\1999\sentencia-pdf-1999.csv,,,0,0,True,False
01011-1996-AA,1999,sentencia,data\sentencia-Extract\1999\sentencia-pdf-1999.csv,,,0,0,True,False
00064-1998-AA,1999,sentencia,data\sentencia-Extract\1999\sentencia-pdf-1999.csv,,,0,0,True,False
00792-1998-AA,1999,sentencia,data\sentencia-Extract\1999\sentencia-pdf-1999.csv,,,0,0,True,False
00108-1996-AA,1999,sentencia,data\sentencia-Extract\1999\sentencia-pdf-1999.csv,,,0,0,True,False
00130-1998-AA,1999,sentencia,data\sentencia-Extract\1999\sentencia-pdf-1999.csv,,,0,0,True,False
00668-1998-AA,1999,sentencia,data\sentencia-Extract\1999\sentencia-pdf-1999.csv,,,0,0,True,False
00602-1997-AA,1999,sentencia,data\sentencia-Extract\1999\sentencia-pdf-1999.csv,,,0,0,True,False
00481-1998-HD,1999,sentencia,data\sentencia-Extract\1999\sentencia-pdf-1999.csv,,,0,0,True,False
00492-1998-AA,1999,sentencia,data\sentencia-Extract\1999\sentencia-pdf-1999.csv,,,0,0,True,False
01168-1997-AA,1999,sentencia,data\sentencia-Extract\1999\sentencia-pdf-1999.csv,,,0,0,True,False
00337-1998-AA,1999,sentencia,data\sentencia-Extract\1999\sentencia-pdf-1999.csv,,,0,0,True,False
01111-1998-AA,1999,sentencia,data\sentencia-Extract\1999\sentencia-pdf-1999.csv,,,0,0,True,False
01066-1998-AA,1999,sentencia,data\sentencia-Extract\1999\sentencia-pdf-1999.csv,,,0,0,True,False
00301-1998-HD,1999,sentencia,data\sentencia-Extract\1999\sentencia-pdf-1999.csv,,,0,0,True,False
00835-1996-AA,1999,sentencia,data\sentencia-Extract\1999\sentencia-pdf-1999.csv,,,0,0,True,False
00803-1997-AA,1999,sentencia,data\sentencia-Extract\1999\sentencia-pdf-1999.csv,,,0,0,True,False
00336-1997-AA,1999,sentencia,data\sentencia-Extract\1999\sentencia-pdf-1999.csv,,,0,0,True,False
00618-1998-AA,1999,sentencia,data\sentencia-Extract\1999\sentencia-pdf-1999.csv,,,0,0,True,False
00271-1997-AA,1999,sentencia,data\sentencia-Extract\1999\sentencia-pdf-1999.csv,,,0,0,True,False
00606-1998-AA,1999,sentencia,data\sentencia-Extract\1999\sentencia-pdf-1999.csv,,,0,0,True,False
00893-1998-AA,1999,sentencia,data\sentencia-Extract\1999\sentencia-pdf-1999.csv,,,0,0,True,False
01050-1998-AA,1999,sentencia,data\sentencia-Extract\1999\sentencia-pdf-1999.csv,,,0,0,True,False
00072-1997-AA,1999,sentencia,data\sentencia-Extract\1999\sentencia-pdf-1999.csv,,,0,0,True,False
00842-1998-HC,1999,sentencia,data\sentencia-Extract\1999\sentencia-pdf-1999.csv,,,0,0,True,False
01247-1997-AA,1999,sentencia,data\sentencia-Extract\1999\sentencia-pdf-1999.csv,,,0,0,True,False
00243-1999-HC,1999,sentencia,data\sentencia-Extract\1999\sentencia-pdf-1999.csv,,,0,0,True,False
00172-1999-AA,1999,sentencia,data\sentencia-Extract\1999\sentencia-pdf-1999.csv,,,0,0,True,False
00113-1992-AA,1999,sentencia,data\sentencia-Extract\1999\sentencia-pdf-1999.csv,,,0,0,True,False
00182-1998-AA,1999,sentencia,data\sentencia-Extract\1999\sentencia-pdf-1999.csv,,,0,0,True,False
00532-1997-AA,1999,sentencia,data\sentencia-Extract\1999\sentencia-pdf-1999.csv,,,0,0,True,False
01110-1998-AA,1999,sentencia,data\sentencia-Extract\1999\sentencia-pdf-1999.csv,,,0,0,True,False
00778-1997-HC,1999,sentencia,data\sentencia-Extract\1999\sentencia-pdf-1999.csv,,,0,0,True,False
00834-1998-AA,1999,sentencia,data\sentencia-Extract\1999\sentencia-pdf-1999.csv,,,0,0,True,False
00760-1997-AA,1999,sentencia,data\sentencia-Extract\1999\sentencia-pdf-1999.csv,,,0,0,True,False
00760-1997-AA,1999,sentencia,data\sentencia-Extract\1999\sentencia-pdf-1999.csv,,,0,0,True,False
00219-1998-AA,1999,sentencia,data\sentencia-Extract\1999\sentencia-pdf-1999.csv,,,0,0,True,False
00219-1998-AA,1999,sentencia,data\sentencia-Extract\1999\sentencia-pdf-1999.csv,,,0,0,True,False
00516-1998-AA,1999,sentencia,data\sentencia-Extract\1999\sentencia-pdf-1999.csv,,,0,0,True,False
00516-1998-AA,1999,sentencia,data\sentencia-Extract\1999\sentencia-pdf-1999.csv,,,0,0,True,False
00987-1998-AA,1999,sentencia,data\sentencia-Extract\1999\sentencia-pdf-1999.csv,,,0,0,True,False
00987-1998-AA,1999,sentencia,data\sentencia-Extract\1999\sentencia-pdf-1999.csv,,,0,0,True,False
00364-1998-AA,1999,sentencia,data\sentencia-Extract\1999\sentencia-pdf-1999.csv,,,0,0,True,False
00364-1998-AA,1999,sentencia,data\sentencia-Extract\1999\sentencia-pdf-1999.csv,,,0,0,True,False
00186-1999-AA,1999,sentencia,data\sentencia-Extract\1999\sentencia-pdf-1999.csv,,,0,0,True,False
01030-1998-AA,1999,sentencia,data\sentencia-Extract\1999\sentencia-pdf-1999.csv,,,0,0,True,False
01030-1998-AA,1999,sentencia,data\sentencia-Extract\1999\sentencia-pdf-1999.csv,,,0,0,True,False
00923-1996-AA,1999,sentencia,data\sentencia-Extract\1999\sentencia-pdf-1999.csv,,,0,0,True,False
00923-1996-AA,1999,sentencia,data\sentencia-Extract\1999\sentencia-pdf-1999.csv,,,0,0,True,False
00188-1999-AA,1999,sentencia,data\sentencia-Extract\1999\sentencia-pdf-1999.csv,,,0,0,True,False
00188-1999-AA,1999,sentencia,data\sentencia-Extract\1999\sentencia-pdf-1999.csv,,,0,0,True,False
00242-1999-AA,1999,sentencia,data\sentencia-Extract\1999\sentencia-pdf-1999.csv,,,0,0,True,False
00651-1998-AA,1999,sentencia,data\sentencia-Extract\1999\sentencia-pdf-1999.csv,,,0,0,True,False
00651-1998-AA,1999,sentencia,data\sentencia-Extract\1999\sentencia-pdf-1999.csv,,,0,0,True,False
00637-1997-AA,1999,sentencia,data\sentencia-Extract\1999\sentencia-pdf-1999.csv,,,0,0,True,False
00637-1997-AA,1999,sentencia,data\sentencia-Extract\1999\sentencia-pdf-1999.csv,,,0,0,True,False
00526-1996-AA,1999,sentencia,data\sentencia-Extract\1999\sentencia-pdf-1999.csv,,,0,0,True,False
00526-1996-AA,1999,sentencia,data\sentencia-Extract\1999\sentencia-pdf-1999.csv,,,0,0,True,False
00380-1998-AA,1999,sentencia,data\sentencia-Extract\1999\sentencia-pdf-1999.csv,,,0,0,True,False
00380-1998-AA,1999,sentencia,data\sentencia-Extract\1999\sentencia-pdf-1999.csv,,,0,0,True,False
00817-1998-AA,1999,sentencia,data\sentencia-Extract\1999\sentencia-pdf-1999.csv,,,0,0,True,False
00817-1998-AA,1999,sentencia,data\sentencia-Extract\1999\sentencia-pdf-1999.csv,,,0,0,True,False
00285-1998-AA,1999,sentencia,data\sentencia-Extract\1999\sentencia-pdf-1999.csv,,,0,0,True,False
00285-1998-AA,1999,sentencia,data\sentencia-Extract\1999\sentencia-pdf-1999.csv,,,0,0,True,False
00518-1997-AA,1999,sentencia,data\sentencia-Extract\1999\sentencia-pdf-1999.csv,,,0,0,True,False
00964-1998-AA,1999,sentencia,data\sentencia-Extract\1999\sentencia-pdf-1999.csv,,,0,0,True,False
00964-1998-AA,1999,sentencia,data\sentencia-Extract\1999\sentencia-pdf-1999.csv,,,0,0,True,False
00991-1998-AC,1999,sentencia,data\sentencia-Extract\1999\sentencia-pdf-1999.csv,,,0,0,True,False
00874-1997-AA,1999,sentencia,data\sentencia-Extract\1999\sentencia-pdf-1999.csv,,,0,0,True,False
00874-1997-AA,1999,sentencia,data\sentencia-Extract\1999\sentencia-pdf-1999.csv,,,0,0,True,False
00905-1997-AA,1999,sentencia,data\sentencia-Extract\1999\sentencia-pdf-1999.csv,,,0,0,True,False
00905-1997-AA,1999,sentencia,data\sentencia-Extract\1999\sentencia-pdf-1999.csv,,,0,0,True,False
01051-1998-AA,1999,sentencia,data\sentencia-Extract\1999\sentencia-pdf-1999.csv,,,0,0,True,False
01051-1998-AA,1999,sentencia,data\sentencia-Extract\1999\sentencia-pdf-1999.csv,,,0,0,True,False
01009-1996-AA,1999,sentencia,data\sentencia-Extract\1999\sentencia-pdf-1999.csv,,,0,0,True,False
01009-1996-AA,1999,sentencia,data\sentencia-Extract\1999\sentencia-pdf-1999.csv,,,0,0,True,False
00030-1998-AA,1999,sentencia,data\sentencia-Extract\1999\sentencia-pdf-1999.csv,,,0,0,True,False
00030-1998-AA,1999,sentencia,data\sentencia-Extract\1999\sentencia-pdf-1999.csv,,,0,0,True,False
00047-1998-AA,1999,sentencia,data\sentencia-Extract\1999\sentencia-pdf-1999.csv,,,0,0,True,False
00047-1998-AA,1999,sentencia,data\sentencia-Extract\1999\sentencia-pdf-1999.csv,,,0,0,True,False
00069-1999-AA,1999,sentencia,data\sentencia-Extract\1999\sentencia-pdf-1999.csv,,,0,0,True,False
00069-1999-AA,1999,sentencia,data\sentencia-Extract\1999\sentencia-pdf-1999.csv,,,0,0,True,False
00053-1997-AA,1999,sentencia,data\sentencia-Extract\1999\sentencia-pdf-1999.csv,,,0,0,True,False
00053-1997-AA,1999,sentencia,data\sentencia-Extract\1999\sentencia-pdf-1999.csv,,,0,0,True,False
00076-1997-AA,1999,sentencia,data\sentencia-Extract\1999\sentencia-pdf-1999.csv,,,0,0,True,False
00076-1997-AA,1999,sentencia,data\sentencia-Extract\1999\sentencia-pdf-1999.csv,,,0,0,True,False
00753-1998-AA,1999,sentencia,data\sentencia-Extract\1999\sentencia-pdf-1999.csv,,,0,0,True,False
00215-1998-AA,1999,sentencia,data\sentencia-Extract\1999\sentencia-pdf-1999.csv,,,0,0,True,False
00215-1998-AA,1999,sentencia,data\sentencia-Extract\1999\sentencia-pdf-1999.csv,,,0,0,True,False
00158-1998-AA,1999,sentencia,data\sentencia-Extract\1999\sentencia-pdf-1999.csv,,,0,0,True,False
00158-1998-AA,1999,sentencia,data\sentencia-Extract\1999\sentencia-pdf-1999.csv,,,0,0,True,False
00281-1998-AA,1999,sentencia,data\sentencia-Extract\1999\sentencia-pdf-1999.csv,,,0,0,True,False
00281-1998-AA,1999,sentencia,data\sentencia-Extract\1999\sentencia-pdf-1999.csv,,,0,0,True,False
00281-1996-AA,1999,sentencia,data\sentencia-Extract\1999\sentencia-pdf-1999.csv,,,0,0,True,False
00281-1996-AA,1999,sentencia,data\sentencia-Extract\1999\sentencia-pdf-1999.csv,,,0,0,True,False
00240-1999-AA,1999,sentencia,data\sentencia-Extract\1999\sentencia-pdf-1999.csv,,,0,0,True,False
00240-1999-AA,1999,sentencia,data\sentencia-Extract\1999\sentencia-pdf-1999.csv,,,0,0,True,False
00178-1997-AA,1999,sentencia,data\sentencia-Extract\1999\sentencia-pdf-1999.csv,,,0,0,True,False
00178-1997-AA,1999,sentencia,data\sentencia-Extract\1999\sentencia-pdf-1999.csv,,,0,0,True,False
00108-1998-AA,1999,sentencia,data\sentencia-Extract\1999\sentencia-pdf-1999.csv,,,0,0,True,False
00619-1998-AA,1999,sentencia,data\sentencia-Extract\1999\sentencia-pdf-1999.csv,,,0,0,True,False
00619-1998-AA,1999,sentencia,data\sentencia-Extract\1999\sentencia-pdf-1999.csv,,,0,0,True,False
00695-1998-AC,1999,sentencia,data\sentencia-Extract\1999\sentencia-pdf-1999.csv,,,0,0,True,False
00528-1996-AA,1999,sentencia,data\sentencia-Extract\1999\sentencia-pdf-1999.csv,,,0,0,True,False
00528-1996-AA,1999,sentencia,data\sentencia-Extract\1999\sentencia-pdf-1999.csv,,,0,0,True,False
00609-1998-AC,1999,sentencia,data\sentencia-Extract\1999\sentencia-pdf-1999.csv,,,0,0,True,False
00609-1998-AC,1999,sentencia,data\sentencia-Extract\1999\sentencia-pdf-1999.csv,,,0,0,True,False
00608-1997-AA,1999,sentencia,data\sentencia-Extract\1999\sentencia-pdf-1999.csv,,,0,0,True,False
00703-1997-AA,1999,sentencia,data\sentencia-Extract\1999\sentencia-pdf-1999.csv,,,0,0,True,False
00703-1997-AA,1999,sentencia,data\sentencia-Extract\1999\sentencia-pdf-1999.csv,,,0,0,True,False
00449-1998-AA,1999,sentencia,data\sentencia-Extract\1999\sentencia-pdf-1999.csv,,,0,0,True,False
00449-1998-AA,1999,sentencia,data\sentencia-Extract\1999\sentencia-pdf-1999.csv,,,0,0,True,False
00486-1997-AA,1999,sentencia,data\sentencia-Extract\1999\sentencia-pdf-1999.csv,,,0,0,True,False
00486-1997-AA,1999,sentencia,data\sentencia-Extract\1999\sentencia-pdf-1999.csv,,,0,0,True,False
00402-1996-AA,1999,sentencia,data\sentencia-Extract\1999\sentencia-pdf-1999.csv,,,0,0,True,False
00402-1996-AA,1999,sentencia,data\sentencia-Extract\1999\sentencia-pdf-1999.csv,,,0,0,True,False
01158-1998-AA,1999,sentencia,data\sentencia-Extract\1999\sentencia-pdf-1999.csv,,,0,0,True,False
00419-1998-AC,1999,sentencia,data\sentencia-Extract\1999\sentencia-pdf-1999.csv,,,0,0,True,False
00419-1998-AC,1999,sentencia,data\sentencia-Extract\1999\sentencia-pdf-1999.csv,,,0,0,True,False
00417-1998-AA,1999,sentencia,data\sentencia-Extract\1999\sentencia-pdf-1999.csv,,,0,0,True,False
00417-1998-AA,1999,sentencia,data\sentencia-Extract\1999\sentencia-pdf-1999.csv,,,0,0,True,False
00427-1998-AA,1999,sentencia,data\sentencia-Extract\1999\sentencia-pdf-1999.csv,,,0,0,True,False
00427-1998-AA,1999,sentencia,data\sentencia-Extract\1999\sentencia-pdf-1999.csv,,,0,0,True,False
00812-1998-AA,1999,sentencia,data\sentencia-Extract\1999\sentencia-pdf-1999.csv,,,0,0,True,False
00812-1998-AA,1999,sentencia,data\sentencia-Extract\1999\sentencia-pdf-1999.csv,,,0,0,True,False
00812-1996-AA,1999,sentencia,data\sentencia-Extract\1999\sentencia-pdf-1999.csv,,,0,0,True,False
00812-1996-AA,1999,sentencia,data\sentencia-Extract\1999\sentencia-pdf-1999.csv,,,0,0,True,False
00830-1998-AA,1999,sentencia,data\sentencia-Extract\1999\sentencia-pdf-1999.csv,,,0,0,True,False
00830-1998-AA,1999,sentencia,data\sentencia-Extract\1999\sentencia-pdf-1999.csv,,,0,0,True,False
00770-1998-AA,1999,sentencia,data\sentencia-Extract\1999\sentencia-pdf-1999.csv,,,0,0,True,False
01214-1997-AA,1999,sentencia,data\sentencia-Extract\1999\sentencia-pdf-1999.csv,,,0,0,True,False
01214-1997-AA,1999,sentencia,data\sentencia-Extract\1999\sentencia-pdf-1999.csv,,,0,0,True,False
00309-1998-AA,1999,sentencia,data\sentencia-Extract\1999\sentencia-pdf-1999.csv,,,0,0,True,False
00309-1998-AA,1999,sentencia,data\sentencia-Extract\1999\sentencia-pdf-1999.csv,,,0,0,True,False
00713-1998-AA,1999,sentencia,data\sentencia-Extract\1999\sentencia-pdf-1999.csv,,,0,0,True,False
00713-1998-AA,1999,sentencia,data\sentencia-Extract\1999\sentencia-pdf-1999.csv,,,0,0,True,False
00300-1997-AA,1999,sentencia,data\sentencia-Extract\1999\sentencia-pdf-1999.csv,,,0,0,True,False
00207-1998-AA,1999,sentencia,data\sentencia-Extract\1999\sentencia-pdf-1999.csv,,,0,0,True,False
00207-1998-AA,1999,sentencia,data\sentencia-Extract\1999\sentencia-pdf-1999.csv,,,0,0,True,False
00868-1997-AA,1999,sentencia,data\sentencia-Extract\1999\sentencia-pdf-1999.csv,,,0,0,True,False
00868-1997-AA,1999,sentencia,data\sentencia-Extract\1999\sentencia-pdf-1999.csv,,,0,0,True,False
00737-1998-AA,1999,sentencia,data\sentencia-Extract\1999\sentencia-pdf-1999.csv,,,0,0,True,False
00737-1998-AA,1999,sentencia,data\sentencia-Extract\1999\sentencia-pdf-1999.csv,,,0,0,True,False
00832-1997-AA,1999,sentencia,data\sentencia-Extract\1999\sentencia-pdf-1999.csv,,,0,0,True,False
00832-1997-AA,1999,sentencia,data\sentencia-Extract\1999\sentencia-pdf-1999.csv,,,0,0,True,False
00521-1996-AA,1999,sentencia,data\sentencia-Extract\1999\sentencia-pdf-1999.csv,,,0,0,True,False
00521-1996-AA,1999,sentencia,data\sentencia-Extract\1999\sentencia-pdf-1999.csv,,,0,0,True,False
01017-1996-AC,1999,sentencia,data\sentencia-Extract\1999\sentencia-pdf-1999.csv,,,0,0,True,False
01017-1996-AC,1999,sentencia,data\sentencia-Extract\1999\sentencia-pdf-1999.csv,,,0,0,True,False
00039-1998-AA,1999,sentencia,data\sentencia-Extract\1999\sentencia-pdf-1999.csv,,,0,0,True,False
00010-1999-AA,1999,sentencia,data\sentencia-Extract\1999\sentencia-pdf-1999.csv,,,0,0,True,False
00010-1999-AA,1999,sentencia,data\sentencia-Extract\1999\sentencia-pdf-1999.csv,,,0,0,True,False
00049-1998-AA,1999,sentencia,data\sentencia-Extract\1999\sentencia-pdf-1999.csv,,,0,0,True,False
00049-1998-AA,1999,sentencia,data\sentencia-Extract\1999\sentencia-pdf-1999.csv,,,0,0,True,False
00330-1998-AA,1999,sentencia,data\sentencia-Extract\1999\sentencia-pdf-1999.csv,,,0,0,True,False
00330-1998-AA,1999,sentencia,data\sentencia-Extract\1999\sentencia-pdf-1999.csv,,,0,0,True,False
00328-1998-AA,1999,sentencia,data\sentencia-Extract\1999\sentencia-pdf-1999.csv,,,0,0,True,False
00328-1998-AA,1999,sentencia,data\sentencia-Extract\1999\sentencia-pdf-1999.csv,,,0,0,True,False
00323-1998-AA,1999,sentencia,data\sentencia-Extract\1999\sentencia-pdf-1999.csv,,,0,0,True,False
00160-1998-AA,1999,sentencia,data\sentencia-Extract\1999\sentencia-pdf-1999.csv,,,0,0,True,False
00160-1998-AA,1999,sentencia,data\sentencia-Extract\1999\sentencia-pdf-1999.csv,,,0,0,True,False
00152-1998-AA,1999,sentencia,data\sentencia-Extract\1999\sentencia-pdf-1999.csv,,,0,0,True,False
00152-1998-AA,1999,sentencia,data\sentencia-Extract\1999\sentencia-pdf-1999.csv,,,0,0,True,False
00524-1997-AA,1999,sentencia,data\sentencia-Extract\1999\sentencia-pdf-1999.csv,,,0,0,True,False
00524-1997-AA,1999,sentencia,data\sentencia-Extract\1999\sentencia-pdf-1999.csv,,,0,0,True,False
00378-1998-AA,1999,sentencia,data\sentencia-Extract\1999\sentencia-pdf-1999.csv,,,0,0,True,False
00378-1998-AA,1999,sentencia,data\sentencia-Extract\1999\sentencia-pdf-1999.csv,,,0,0,True,False
00377-1998-AA,1999,sentencia,data\sentencia-Extract\1999\sentencia-pdf-1999.csv,,,0,0,True,False
00377-1998-AA,1999,sentencia,data\sentencia-Extract\1999\sentencia-pdf-1999.csv,,,0,0,True,False
00868-1998-AA,1999,sentencia,data\sentencia-Extract\1999\sentencia-pdf-1999.csv,,,0,0,True,False
00868-1998-AA,1999,sentencia,data\sentencia-Extract\1999\sentencia-pdf-1999.csv,,,0,0,True,False
00257-1998-AA,1999,sentencia,data\sentencia-Extract\1999\sentencia-pdf-1999.csv,,,0,0,True,False
00257-1998-AA,1999,sentencia,data\sentencia-Extract\1999\sentencia-pdf-1999.csv,,,0,0,True,False
01123-1998-AA,1999,sentencia,data\sentencia-Extract\1999\sentencia-pdf-1999.csv,,,0,0,True,False
00182-1996-AA,1999,sentencia,data\sentencia-Extract\1999\sentencia-pdf-1999.csv,,,0,0,True,False
01097-1998-AA,1999,sentencia,data\sentencia-Extract\1999\sentencia-pdf-1999.csv,,,0,0,True,False
00444-1999-HC,1999,sentencia,data\sentencia-Extract\1999\sentencia-pdf-1999.csv,,,0,0,True,False
00381-1999-HC,1999,sentencia,data\sentencia-Extract\1999\sentencia-pdf-1999.csv,,,0,0,True,False
00382-1999-HC,1999,sentencia,data\sentencia-Extract\1999\sentencia-pdf-1999.csv,,,0,0,True,False
00136-1998-AA,1999,sentencia,data\sentencia-Extract\1999\sentencia-pdf-1999.csv,,,0,0,True,False
00138-1999-AA,1999,sentencia,data\sentencia-Extract\1999\sentencia-pdf-1999.csv,,,0,0,True,False
00176-1999-AC,1999,sentencia,data\sentencia-Extract\1999\sentencia-pdf-1999.csv,,,0,0,True,False
00123-1999-HC,1999,sentencia,data\sentencia-Extract\1999\sentencia-pdf-1999.csv,,,0,0,True,False
00157-1999-AA,1999,sentencia,data\sentencia-Extract\1999\sentencia-pdf-1999.csv,,,0,0,True,False
00105-1999-AA,1999,sentencia,data\sentencia-Extract\1999\sentencia-pdf-1999.csv,,,0,0,True,False
00248-1997-AA,1999,sentencia,data\sentencia-Extract\1999\sentencia-pdf-1999.csv,,,0,0,True,False
00744-1997-AA,1999,sentencia,data\sentencia-Extract\1999\sentencia-pdf-1999.csv,"Don Víctor José Plasencia Santillán y don Wálter Daniel Camacho Saucedo, en su
condición de Secretario General y Secretario de Defensa del Sindicato Único de
Trabajadores del Hospital Regional Docente de Trujillo, UTES N.o Ol-Trujillo Norte
Ascope, interponen Acción de Amparo contra don César Jar","Don Víctor José Plasencia Santillán y don Wálter Daniel Camacho Saucedo, en su condición de Secretario General y Secretario de Defensa del Sindicato Único de Trabajadores del Hospital Regional Docente de Trujillo, UTES N.o Ol-Trujillo Norte Ascope, interponen Acción de Amparo contra don César Jaramillo Vereau, Director Regional de Salud de La Libertad y don Eduardo Rojas Hidalgo, Director del Hospital Regional Docente de Trujillo, tras considerar que se han afectado sus derechos constitucionales al trabajo e intangibilidad de las remuneraciones y bonificaciones, al debido proceso y al principio de irretroactividad de las normas jurídicas. Especifican que mediante la Resolución Directoral N.o O1 5-96-UTES-TNAlUP del treinta y uno de enero de mil novecientos noventa y seis -cuyo texto nunca se les ha notificado- se suspende en forma progresiva y a partir del uno de enero de mil novecientos noventa y seis el pago por concepto de bonificación diferencial del 30% de la remuneración total que perciben sus representados. Asimismo, y a través de la Resolución Directoral N.O 219-96-UTES-TNAlUP del dieciocho de julio de mil novecientos noventa y seis, contra la cual han agotado la vía administrativa, se establece cuenta de responsabilidad económica por supuestos adeudos al Estado, por la suma de setecientos ochenta y cuatro mil cincuenta y nueve nuevos soles con setenta céntimos (SI. 784,059.70). Por otra parte, advierten los demandantes que las resoluciones cuestionadas implícitamente suponen la nulidad de la Resolución Directoral N.O 00176-91-UDES/LL del dos de octubre de mil novecientos noventa y uno suscrita por el Director General de la Unidad Departamental de Salud de La Libertad que precisa los establecimientos de salud de la unidad departamental que por su ubicación geográfica funcionan en zonas rurales, urbano marginales o de emergencia, y de la Resolución N.o 264-92-UTES-IN-AlUP de fecha veintiséis de junio de mil novecientos noventa y dos, que aprueba y autoriza el pago de la bonificación diferencial del 30% que por zona urbano marginal y rural corresponde a los trabajadores de los establecimientos de la jurisdicción de la UTES Trujillo Norte-Ascope, dentro de cuyo contexto se encuentra el Hospital Regional Docente de Trujillo. Puntualizan, por ultimo, que aun cuando la administración pública puede decretar de oficio la nulidad de las resoluciones administrativas, sin embargo, tienen que cumplirse determinados supuestos legales, los mismos que en el caso de autos no se dan. El Director del Hospital Regional Docente de Trujillo contesta la demanda negándola y contradiciéndola, fundamentalmente por estimar que no se han agotado las vías previas, toda vez que no se ha ejercido el Recurso de Revisión por ante el Consejo Transitorio de Administración de la Región La Libertad, que es la entidad de la cual depende la Dirección Regional de Salud de La Libertad. Por otra parte, y si bien los demandantes venían percibiendo la bonificación diferencial, también es cierto que se trataba de un pago inorgánico, sin resolución autoritativa que lo ordene, ya que la Resolución Directoral N.O 0176-91-UDESILL no considera en ninguno de sus extremos al Hospital Regional Docente de Trujillo, señalando taxativamente los establecimientos de salud cuyos trabajadores están comprendidos y continúan percibiendo este beneficio. Agrega a su vez que mediante la Resolución N.o 015-96-UTES-TNAlUP se dispuso suspender a partir de enero la concesión de este beneficio, resolución que fue de conocimiento de los demandantes de acuerdo con el artículo 820 del Decreto Supremo N. ° 02-94-JUS notificándose personalmente a cada trabajador por tratarse de un procedimiento interno relacionado con la organización y funcionamiento de la entidad demandada. Dicha situación se debió a que según la Comisión de Auditoría se detenninó que el pago efectuado a los TAPS del Hospital Regional por concepto de remuneración especial era ilegal, por lo que se dispuso se tomen las medidas correctivas del caso. El Director de la Dirección Regional de Salud de La Libertad contesta la demanda y la niega y contradice fundamentalmente por entender que no se ha agotado la vía administrativa así como que la misma ha sido presentada fuera del ténnino legal. Por otra parte, y en cuanto al fondo, especifica que si bien el artículo 1840 de la Ley N.o 25303 o Ley de Presupuesto del Sector Público para 1991 otorga la bonificación diferencial materia de autos, para detenninar si este beneficio le alcanza a todas las dependencias de las UTES N.O 1 Y a la sede administrativa, debe tenerse en consideración la Directiva N.O 003-91 aprobada por Resolución Ministerial del once de marzo de mil novecientos noventa y uno que establece la aplicación de la bonificación diferencial y que además señala quién es el órgano encargado de determinar cuáles son las zonas consideradas como urbano marginales. Dentro de dicho contexto la referida resolución establece que la clasificación de las zonas se otorga de acuerdo al clasificador censal del Instituto Nacional de Estadística, siendo autorizada la misma por resolución viceministerial propuesta en cada 11 caso por el órgano competente. Que, consecuentemente, y si bien la bonificación diferencial se ha venido otorgando a los demandantes, esto se ha producido sobre la base de un documento erróneo y nulo, por haberse emitido por una autoridad incompetente, basándose en el Informe N.O 005-91-RVRTH-SRPPH/DREI que hace precisiones equivocadas sobre las áreas consideradas como urbano-marginales. Por tanto, y ante la irregularidad cometida, su representada dispuso la suspensión del pago del beneficio cuestionado. La Procuradora Pública encargada de los asuntos judiciales del Ministerio de Salud contesta la demanda negándola, fundamentalmente en atención a que el beneficio objeto de cuestionamiento no ha sido contemplado en la Ley de Presupuesto vigente en el momento de contestarse la demanda de donde no se puede exigir la procedencia de un beneficio no contemplado por la ley. El Primer Juzgado Especializado en lo Civil de Trujillo, a fojas doscientos uno, con fecha cinco de febrero de mil novecientos noventa y siete, expide resolución declarando improcedente la demanda por considerar principalmente, que no se han agotado las vías preVIas. La Primera Sala Civil de la Corte Superior de Justicia de La Libertad, a fojas doscientos noventa y ocho, con fecha dieciocho de julio de mil novecientos noventa y siete, confirma la resolución apelada. Contra dicha resolución, los demandantes interponen Recurso Extraordinario.",6667,6587,False,False
00840-1998-AA,1999,sentencia,data\sentencia-Extract\1999\sentencia-pdf-1999.csv,,,0,0,True,False
00214-1998-AA,1999,sentencia,data\sentencia-Extract\1999\sentencia-pdf-1999.csv,,,0,0,True,False
00245-1999-HC,1999,sentencia,data\sentencia-Extract\1999\sentencia-pdf-1999.csv,,,0,0,True,False
00220-1999-HC,1999,sentencia,data\sentencia-Extract\1999\sentencia-pdf-1999.csv,,,0,0,True,False
00223-1999-HC,1999,sentencia,data\sentencia-Extract\1999\sentencia-pdf-1999.csv,,,0,0,True,False
00272-1999-HC,1999,sentencia,data\sentencia-Extract\1999\sentencia-pdf-1999.csv,,,0,0,True,False
01081-1998-AA,1999,sentencia,data\sentencia-Extract\1999\sentencia-pdf-1999.csv,,,0,0,True,False
01155-1998-AA,1999,sentencia,data\sentencia-Extract\1999\sentencia-pdf-1999.csv,,,0,0,True,False
01114-1998-AC,1999,sentencia,data\sentencia-Extract\1999\sentencia-pdf-1999.csv,,,0,0,True,False
00735-1998-AA,1999,sentencia,data\sentencia-Extract\1999\sentencia-pdf-1999.csv,,,0,0,True,False
00737-1997-AC,1999,sentencia,data\sentencia-Extract\1999\sentencia-pdf-1999.csv,,,0,0,True,False
01073-1998-AA,1999,sentencia,data\sentencia-Extract\1999\sentencia-pdf-1999.csv,,,0,0,True,False
00048-1997-AA,1999,sentencia,data\sentencia-Extract\1999\sentencia-pdf-1999.csv,,,0,0,True,False
00089-1998-AA,1999,sentencia,data\sentencia-Extract\1999\sentencia-pdf-1999.csv,,,0,0,True,False
00013-1999-AA,1999,sentencia,data\sentencia-Extract\1999\sentencia-pdf-1999.csv,,,0,0,True,False
00009-1998-AA,1999,sentencia,data\sentencia-Extract\1999\sentencia-pdf-1999.csv,,,0,0,True,False
00088-1998-AA,1999,sentencia,data\sentencia-Extract\1999\sentencia-pdf-1999.csv,,,0,0,True,False
00054-1998-AA,1999,sentencia,data\sentencia-Extract\1999\sentencia-pdf-1999.csv,,,0,0,True,False
01012-1996-AA,1999,sentencia,data\sentencia-Extract\1999\sentencia-pdf-1999.csv,,,0,0,True,False
00890-1998-AA,1999,sentencia,data\sentencia-Extract\1999\sentencia-pdf-1999.csv,,,0,0,True,False
01052-1998-AA,1999,sentencia,data\sentencia-Extract\1999\sentencia-pdf-1999.csv,,,0,0,True,False
00900-1998-AA,1999,sentencia,data\sentencia-Extract\1999\sentencia-pdf-1999.csv,,,0,0,True,False
00067-1999-AA,1999,sentencia,data\sentencia-Extract\1999\sentencia-pdf-1999.csv,,,0,0,True,False
00992-1998-AA,1999,sentencia,data\sentencia-Extract\1999\sentencia-pdf-1999.csv,,,0,0,True,False
01039-1998-AA,1999,sentencia,data\sentencia-Extract\1999\sentencia-pdf-1999.csv,,,0,0,True,False
01021-1998-AA,1999,sentencia,data\sentencia-Extract\1999\sentencia-pdf-1999.csv,,,0,0,True,False
00869-1997-AA,1999,sentencia,data\sentencia-Extract\1999\sentencia-pdf-1999.csv,,,0,0,True,False
00610-1996-AA,1999,sentencia,data\sentencia-Extract\1999\sentencia-pdf-1999.csv,,,0,0,True,False
00873-1998-AA,1999,sentencia,data\sentencia-Extract\1999\sentencia-pdf-1999.csv,,,0,0,True,False
00548-1996-AA,1999,sentencia,data\sentencia-Extract\1999\sentencia-pdf-1999.csv,,,0,0,True,False
00463-1999-AA,1999,sentencia,data\sentencia-Extract\1999\sentencia-pdf-1999.csv,,,0,0,True,False
01119-1998-AA,1999,sentencia,data\sentencia-Extract\1999\sentencia-pdf-1999.csv,,,0,0,True,False
00132-1999-AC,1999,sentencia,data\sentencia-Extract\1999\sentencia-pdf-1999.csv,,,0,0,True,False
00263-1998-AA,1999,sentencia,data\sentencia-Extract\1999\sentencia-pdf-1999.csv,,,0,0,True,False
00972-1998-AA,1999,sentencia,data\sentencia-Extract\1999\sentencia-pdf-1999.csv,,,0,0,True,False
00655-1998-AA,1999,sentencia,data\sentencia-Extract\1999\sentencia-pdf-1999.csv,,,0,0,True,False
00648-1996-AA,1999,sentencia,data\sentencia-Extract\1999\sentencia-pdf-1999.csv,,,0,0,True,False
01106-1997-AA,1999,sentencia,data\sentencia-Extract\1999\sentencia-pdf-1999.csv,,,0,0,True,False
00364-1999-HC,1999,sentencia,data\sentencia-Extract\1999\sentencia-pdf-1999.csv,,,0,0,True,False
00187-1997-AC,1999,sentencia,data\sentencia-Extract\1999\sentencia-pdf-1999.csv,,,0,0,True,False
00793-1997-AA,1999,sentencia,data\sentencia-Extract\1999\sentencia-pdf-1999.csv,,,0,0,True,False
00799-1998-AA,1999,sentencia,data\sentencia-Extract\1999\sentencia-pdf-1999.csv,,,0,0,True,False
00547-1996-AA,1999,sentencia,data\sentencia-Extract\1999\sentencia-pdf-1999.csv,,,0,0,True,False
00716-1996-AA,1999,sentencia,data\sentencia-Extract\1999\sentencia-pdf-1999.csv,,,0,0,True,False
00251-1998-AA,1999,sentencia,data\sentencia-Extract\1999\sentencia-pdf-1999.csv,,,0,0,True,False
00856-1997-AA,1999,sentencia,data\sentencia-Extract\1999\sentencia-pdf-1999.csv,,,0,0,True,False
01117-1998-AC,1999,sentencia,data\sentencia-Extract\1999\sentencia-pdf-1999.csv,,,0,0,True,False
00961-1998-AA,1999,sentencia,data\sentencia-Extract\1999\sentencia-pdf-1999.csv,,,0,0,True,False
00222-1999-HC,1999,sentencia,data\sentencia-Extract\1999\sentencia-pdf-1999.csv,,,0,0,True,False
01076-1998-HC,1999,sentencia,data\sentencia-Extract\1999\sentencia-pdf-1999.csv,,,0,0,True,False
00146-1999-AA,1999,sentencia,data\sentencia-Extract\1999\sentencia-pdf-1999.csv,,,0,0,True,False
00157-1998-AA,1999,sentencia,data\sentencia-Extract\1999\sentencia-pdf-1999.csv,,,0,0,True,False
00277-1999-AA,1999,sentencia,data\sentencia-Extract\1999\sentencia-pdf-1999.csv,,,0,0,True,False
00314-1999-HC,1999,sentencia,data\sentencia-Extract\1999\sentencia-pdf-1999.csv,,,0,0,True,False
00293-1999-HC,1999,sentencia,data\sentencia-Extract\1999\sentencia-pdf-1999.csv,,,0,0,True,False
00803-1998-AA,1999,sentencia,data\sentencia-Extract\1999\sentencia-pdf-1999.csv,,,0,0,True,False
00263-1997-AA,1999,sentencia,data\sentencia-Extract\1999\sentencia-pdf-1999.csv,,,0,0,True,False
00804-1998-AA,1999,sentencia,data\sentencia-Extract\1999\sentencia-pdf-1999.csv,,,0,0,True,False
00052-1997-AA,1999,sentencia,data\sentencia-Extract\1999\sentencia-pdf-1999.csv,,,0,0,True,False
00014-1997-AA,1999,sentencia,data\sentencia-Extract\1999\sentencia-pdf-1999.csv,,,0,0,True,False
00063-1998-AA,1999,sentencia,data\sentencia-Extract\1999\sentencia-pdf-1999.csv,,,0,0,True,False
00071-1999-AA,1999,sentencia,data\sentencia-Extract\1999\sentencia-pdf-1999.csv,,,0,0,True,False
01004-1998-AA,1999,sentencia,data\sentencia-Extract\1999\sentencia-pdf-1999.csv,,,0,0,True,False
01055-1998-AA,1999,sentencia,data\sentencia-Extract\1999\sentencia-pdf-1999.csv,,,0,0,True,False
01029-1998-AA,1999,sentencia,data\sentencia-Extract\1999\sentencia-pdf-1999.csv,,,0,0,True,False
00986-1998-AC,1999,sentencia,data\sentencia-Extract\1999\sentencia-pdf-1999.csv,,,0,0,True,False
00626-1998-AC,1999,sentencia,data\sentencia-Extract\1999\sentencia-pdf-1999.csv,,,0,0,True,False
00578-1998-AA,1999,sentencia,data\sentencia-Extract\1999\sentencia-pdf-1999.csv,,,0,0,True,False
00199-1999-AA,1999,sentencia,data\sentencia-Extract\1999\sentencia-pdf-1999.csv,,,0,0,True,False
00108-1999-AA,1999,sentencia,data\sentencia-Extract\1999\sentencia-pdf-1999.csv,,,0,0,True,False
00453-1997-AA,1999,sentencia,data\sentencia-Extract\1999\sentencia-pdf-1999.csv,,,0,0,True,False
00102-1997-HC,1999,sentencia,data\sentencia-Extract\1999\sentencia-pdf-1999.csv,,,0,0,True,False
00349-1999-AA,1999,sentencia,data\sentencia-Extract\1999\sentencia-pdf-1999.csv,,,0,0,True,False
00667-1998-AA,1999,sentencia,data\sentencia-Extract\1999\sentencia-pdf-1999.csv,,,0,0,True,False
00107-1998-AA,1999,sentencia,data\sentencia-Extract\1999\sentencia-pdf-1999.csv,,,0,0,True,False
00140-1999-AC,1999,sentencia,data\sentencia-Extract\1999\sentencia-pdf-1999.csv,,,0,0,True,False
00125-1997-AA,1999,sentencia,data\sentencia-Extract\1999\sentencia-pdf-1999.csv,,,0,0,True,False
00324-1998-AC,1999,sentencia,data\sentencia-Extract\1999\sentencia-pdf-1999.csv,,,0,0,True,False
00194-1999-AA,1999,sentencia,data\sentencia-Extract\1999\sentencia-pdf-1999.csv,,,0,0,True,False
00185-1997-AA,1999,sentencia,data\sentencia-Extract\1999\sentencia-pdf-1999.csv,,,0,0,True,False
00211-1999-HC,1999,sentencia,data\sentencia-Extract\1999\sentencia-pdf-1999.csv,,,0,0,True,False
00312-1997-AA,1999,sentencia,data\sentencia-Extract\1999\sentencia-pdf-1999.csv,,,0,0,True,False
00848-1998-AA,1999,sentencia,data\sentencia-Extract\1999\sentencia-pdf-1999.csv,,,0,0,True,False
00757-1998-AA,1999,sentencia,data\sentencia-Extract\1999\sentencia-pdf-1999.csv,,,0,0,True,False
00318-1999-HC,1999,sentencia,data\sentencia-Extract\1999\sentencia-pdf-1999.csv,,,0,0,True,False
00302-1997-AA,1999,sentencia,data\sentencia-Extract\1999\sentencia-pdf-1999.csv,,,0,0,True,False
00831-1998-AA,1999,sentencia,data\sentencia-Extract\1999\sentencia-pdf-1999.csv,,,0,0,True,False
00837-1996-AA,1999,sentencia,data\sentencia-Extract\1999\sentencia-pdf-1999.csv,,,0,0,True,False
01090-1998-AA,1999,sentencia,data\sentencia-Extract\1999\sentencia-pdf-1999.csv,,,0,0,True,False
01068-1998-HC,1999,sentencia,data\sentencia-Extract\1999\sentencia-pdf-1999.csv,,,0,0,True,False
00012-1999-AA,1999,sentencia,data\sentencia-Extract\1999\sentencia-pdf-1999.csv,,,0,0,True,False
00884-1998-AA,1999,sentencia,data\sentencia-Extract\1999\sentencia-pdf-1999.csv,,,0,0,True,False
00576-1998-AA,1999,sentencia,data\sentencia-Extract\1999\sentencia-pdf-1999.csv,,,0,0,True,False
00599-1998-AA,1999,sentencia,data\sentencia-Extract\1999\sentencia-pdf-1999.csv,,,0,0,True,False
00556-1998-AC,1999,sentencia,data\sentencia-Extract\1999\sentencia-pdf-1999.csv,,,0,0,True,False
00872-1997-AA,1999,sentencia,data\sentencia-Extract\1999\sentencia-pdf-1999.csv,,,0,0,True,False
00603-1996-AC,1999,sentencia,data\sentencia-Extract\1999\sentencia-pdf-1999.csv,,,0,0,True,False
00527-1997-AA,1999,sentencia,data\sentencia-Extract\1999\sentencia-pdf-1999.csv,,,0,0,True,False
00612-1998-AA,1999,sentencia,data\sentencia-Extract\1999\sentencia-pdf-1999.csv,,,0,0,True,False
00630-1998-AA,1999,sentencia,data\sentencia-Extract\1999\sentencia-pdf-1999.csv,,,0,0,True,False
00523-1997-AA,1999,sentencia,data\sentencia-Extract\1999\sentencia-pdf-1999.csv,,,0,0,True,False
00466-1997-AA,1999,sentencia,data\sentencia-Extract\1999\sentencia-pdf-1999.csv,,,0,0,True,False
01156-1998-AC,1999,sentencia,data\sentencia-Extract\1999\sentencia-pdf-1999.csv,,,0,0,True,False
00642-1998-AA,1999,sentencia,data\sentencia-Extract\1999\sentencia-pdf-1999.csv,,,0,0,True,False
00444-1997-AA,1999,sentencia,data\sentencia-Extract\1999\sentencia-pdf-1999.csv,,,0,0,True,False
00476-1999-AA,1999,sentencia,data\sentencia-Extract\1999\sentencia-pdf-1999.csv,,,0,0,True,False
00438-1998-AA,1999,sentencia,data\sentencia-Extract\1999\sentencia-pdf-1999.csv,,,0,0,True,False
00560-1998-AA,1999,sentencia,data\sentencia-Extract\1999\sentencia-pdf-1999.csv,,,0,0,True,False
00430-1998-AA,1999,sentencia,data\sentencia-Extract\1999\sentencia-pdf-1999.csv,,,0,0,True,False
00141-1999-AC,1999,sentencia,data\sentencia-Extract\1999\sentencia-pdf-1999.csv,,,0,0,True,False
00182-1999-AC,1999,sentencia,data\sentencia-Extract\1999\sentencia-pdf-1999.csv,,,0,0,True,False
00126-1998-AA,1999,sentencia,data\sentencia-Extract\1999\sentencia-pdf-1999.csv,,,0,0,True,False
00333-1999-AA,1999,sentencia,data\sentencia-Extract\1999\sentencia-pdf-1999.csv,,,0,0,True,False
00276-1996-AA,1999,sentencia,data\sentencia-Extract\1999\sentencia-pdf-1999.csv,,,0,0,True,False
00271-1999-HC,1999,sentencia,data\sentencia-Extract\1999\sentencia-pdf-1999.csv,,,0,0,True,False
00726-1998-AC,1999,sentencia,data\sentencia-Extract\1999\sentencia-pdf-1999.csv,,,0,0,True,False
00766-1998-AA,1999,sentencia,data\sentencia-Extract\1999\sentencia-pdf-1999.csv,,,0,0,True,False
00789-1996-AA,1999,sentencia,data\sentencia-Extract\1999\sentencia-pdf-1999.csv,,,0,0,True,False
00295-1998-AA,1999,sentencia,data\sentencia-Extract\1999\sentencia-pdf-1999.csv,,,0,0,True,False
01116-1998-AA,1999,sentencia,data\sentencia-Extract\1999\sentencia-pdf-1999.csv,,,0,0,True,False
00053-1999-AA,1999,sentencia,data\sentencia-Extract\1999\sentencia-pdf-1999.csv,,,0,0,True,False
00069-1998-AA,1999,sentencia,data\sentencia-Extract\1999\sentencia-pdf-1999.csv,,,0,0,True,False
00013-1998-AA,1999,sentencia,data\sentencia-Extract\1999\sentencia-pdf-1999.csv,,,0,0,True,False
00027-1997-AC,1999,sentencia,data\sentencia-Extract\1999\sentencia-pdf-1999.csv,,,0,0,True,False
00066-1995-AA,1999,sentencia,data\sentencia-Extract\1999\sentencia-pdf-1999.csv,,,0,0,True,False
00931-1998-AA,1999,sentencia,data\sentencia-Extract\1999\sentencia-pdf-1999.csv,,,0,0,True,False
01044-1998-AA,1999,sentencia,data\sentencia-Extract\1999\sentencia-pdf-1999.csv,,,0,0,True,False
00635-1998-AA,1999,sentencia,data\sentencia-Extract\1999\sentencia-pdf-1999.csv,,,0,0,True,False
00629-1996-AA,1999,sentencia,data\sentencia-Extract\1999\sentencia-pdf-1999.csv,,,0,0,True,False
00428-1997-AA,1999,sentencia,data\sentencia-Extract\1999\sentencia-pdf-1999.csv,,,0,0,True,False
00001-1999-CC,1999,sentencia,data\sentencia-Extract\1999\sentencia-pdf-1999.csv,,,0,0,True,False
00385-1997-AA,1999,sentencia,data\sentencia-Extract\1999\sentencia-pdf-1999.csv,,,0,0,True,False
00100-1997-AA,1999,sentencia,data\sentencia-Extract\1999\sentencia-pdf-1999.csv,,,0,0,True,False
00966-1998-AA,1999,sentencia,data\sentencia-Extract\1999\sentencia-pdf-1999.csv,,,0,0,True,False
00550-1998-AA,1999,sentencia,data\sentencia-Extract\1999\sentencia-pdf-1999.csv,,,0,0,True,False
00382-1998-AA,1999,sentencia,data\sentencia-Extract\1999\sentencia-pdf-1999.csv,,,0,0,True,False
00563-1998-AA,1999,sentencia,data\sentencia-Extract\1999\sentencia-pdf-1999.csv,,,0,0,True,False
00239-1999-AA,1999,sentencia,data\sentencia-Extract\1999\sentencia-pdf-1999.csv,,,0,0,True,False
00328-1997-AA,1999,sentencia,data\sentencia-Extract\1999\sentencia-pdf-1999.csv,,,0,0,True,False
00117-1999-AA,1999,sentencia,data\sentencia-Extract\1999\sentencia-pdf-1999.csv,,,0,0,True,False
00116-1999-AA,1999,sentencia,data\sentencia-Extract\1999\sentencia-pdf-1999.csv,,,0,0,True,False
00268-1999-HC,1999,sentencia,data\sentencia-Extract\1999\sentencia-pdf-1999.csv,,,0,0,True,False
00322-1999-AA,1999,sentencia,data\sentencia-Extract\1999\sentencia-pdf-1999.csv,,,0,0,True,False
00269-1999-HC,1999,sentencia,data\sentencia-Extract\1999\sentencia-pdf-1999.csv,,,0,0,True,False
00306-1998-AA,1999,sentencia,data\sentencia-Extract\1999\sentencia-pdf-1999.csv,,,0,0,True,False
00307-1997-AA,1999,sentencia,data\sentencia-Extract\1999\sentencia-pdf-1999.csv,,,0,0,True,False
00274-1999-AA,1999,sentencia,data\sentencia-Extract\1999\sentencia-pdf-1999.csv,,,0,0,True,False
00317-1999-HC,1999,sentencia,data\sentencia-Extract\1999\sentencia-pdf-1999.csv,,,0,0,True,False
00788-1998-AA,1999,sentencia,data\sentencia-Extract\1999\sentencia-pdf-1999.csv,,,0,0,True,False
00212-1998-AA,1999,sentencia,data\sentencia-Extract\1999\sentencia-pdf-1999.csv,,,0,0,True,False
00738-1996-AA,1999,sentencia,data\sentencia-Extract\1999\sentencia-pdf-1999.csv,,,0,0,True,False
01151-1998-AA,1999,sentencia,data\sentencia-Extract\1999\sentencia-pdf-1999.csv,,,0,0,True,False
01092-1997-AA,1999,sentencia,data\sentencia-Extract\1999\sentencia-pdf-1999.csv,,,0,0,True,False
01102-1998-AA,1999,sentencia,data\sentencia-Extract\1999\sentencia-pdf-1999.csv,,,0,0,True,False
01137-1998-AA,1999,sentencia,data\sentencia-Extract\1999\sentencia-pdf-1999.csv,,,0,0,True,False
00356-1998-HC,1999,sentencia,data\sentencia-Extract\1999\sentencia-pdf-1999.csv,,,0,0,True,False
00500-1997-AA,1999,sentencia,data\sentencia-Extract\1999\sentencia-pdf-1999.csv,,,0,0,True,False
00468-1999-AA,1999,sentencia,data\sentencia-Extract\1999\sentencia-pdf-1999.csv,,,0,0,True,False
00493-1999-HC,1999,sentencia,data\sentencia-Extract\1999\sentencia-pdf-1999.csv,,,0,0,True,False
00502-1998-AA,1999,sentencia,data\sentencia-Extract\1999\sentencia-pdf-1999.csv,,,0,0,True,False
00023-1999-AA,1999,sentencia,data\sentencia-Extract\1999\sentencia-pdf-1999.csv,,,0,0,True,False
00024-1999-AA,1999,sentencia,data\sentencia-Extract\1999\sentencia-pdf-1999.csv,,,0,0,True,False
00081-1999-HC,1999,sentencia,data\sentencia-Extract\1999\sentencia-pdf-1999.csv,,,0,0,True,False
00047-1997-AA,1999,sentencia,data\sentencia-Extract\1999\sentencia-pdf-1999.csv,,,0,0,True,False
00083-1998-HC,1999,sentencia,data\sentencia-Extract\1999\sentencia-pdf-1999.csv,,,0,0,True,False
01005-1996-AA,1999,sentencia,data\sentencia-Extract\1999\sentencia-pdf-1999.csv,,,0,0,True,False
01053-1998-AA,1999,sentencia,data\sentencia-Extract\1999\sentencia-pdf-1999.csv,,,0,0,True,False
00946-1996-AA,1999,sentencia,data\sentencia-Extract\1999\sentencia-pdf-1999.csv,,,0,0,True,False
00993-1997-AA,1999,sentencia,data\sentencia-Extract\1999\sentencia-pdf-1999.csv,,,0,0,True,False
00534-1999-HC,1999,sentencia,data\sentencia-Extract\1999\sentencia-pdf-1999.csv,,,0,0,True,False
00325-1999-HC,1999,sentencia,data\sentencia-Extract\1999\sentencia-pdf-1999.csv,,,0,0,True,False
00133-1999-AA,1999,sentencia,data\sentencia-Extract\1999\sentencia-pdf-1999.csv,,,0,0,True,False
00731-1998-AA,1999,sentencia,data\sentencia-Extract\1999\sentencia-pdf-1999.csv,,,0,0,True,False
00526-1999-HC,1999,sentencia,data\sentencia-Extract\1999\sentencia-pdf-1999.csv,,,0,0,True,False
00669-1998-AA,1999,sentencia,data\sentencia-Extract\1999\sentencia-pdf-1999.csv,,,0,0,True,False
00905-1996-AA,1999,sentencia,data\sentencia-Extract\1999\sentencia-pdf-1999.csv,,,0,0,True,False
00489-1999-HC,1999,sentencia,data\sentencia-Extract\1999\sentencia-pdf-1999.csv,,,0,0,True,False
00203-1999-AA,1999,sentencia,data\sentencia-Extract\1999\sentencia-pdf-1999.csv,,,0,0,True,False
00659-1998-AA,1999,sentencia,data\sentencia-Extract\1999\sentencia-pdf-1999.csv,,,0,0,True,False
00633-1999-HC,1999,sentencia,data\sentencia-Extract\1999\sentencia-pdf-1999.csv,,,0,0,True,False
00677-1996-AA,1999,sentencia,data\sentencia-Extract\1999\sentencia-pdf-1999.csv,,,0,0,True,False
00607-1998-AA,1999,sentencia,data\sentencia-Extract\1999\sentencia-pdf-1999.csv,,,0,0,True,False
00947-1996-AA,1999,sentencia,data\sentencia-Extract\1999\sentencia-pdf-1999.csv,,,0,0,True,False
00554-1998-AA,1999,sentencia,data\sentencia-Extract\1999\sentencia-pdf-1999.csv,,,0,0,True,False
00575-1998-AA,1999,sentencia,data\sentencia-Extract\1999\sentencia-pdf-1999.csv,,,0,0,True,False
00389-1997-AA,1999,sentencia,data\sentencia-Extract\1999\sentencia-pdf-1999.csv,,,0,0,True,False
00270-1999-HC,1999,sentencia,data\sentencia-Extract\1999\sentencia-pdf-1999.csv,,,0,0,True,False
00646-1999-HC,1999,sentencia,data\sentencia-Extract\1999\sentencia-pdf-1999.csv,,,0,0,True,False
00872-1998-AA,1999,sentencia,data\sentencia-Extract\1999\sentencia-pdf-1999.csv,,,0,0,True,False
00974-1998-AA,1999,sentencia,data\sentencia-Extract\1999\sentencia-pdf-1999.csv,,,0,0,True,False
00278-1999-AA,1999,sentencia,data\sentencia-Extract\1999\sentencia-pdf-1999.csv,,,0,0,True,False
00248-1998-AA,1999,sentencia,data\sentencia-Extract\1999\sentencia-pdf-1999.csv,,,0,0,True,False
00297-1999-HC,1999,sentencia,data\sentencia-Extract\1999\sentencia-pdf-1999.csv,,,0,0,True,False
00210-1999-HC,1999,sentencia,data\sentencia-Extract\1999\sentencia-pdf-1999.csv,,,0,0,True,False
00780-1998-AA,1999,sentencia,data\sentencia-Extract\1999\sentencia-pdf-1999.csv,,,0,0,True,False
00229-1999-AA,1999,sentencia,data\sentencia-Extract\1999\sentencia-pdf-1999.csv,,,0,0,True,False
00743-1996-AA,1999,sentencia,data\sentencia-Extract\1999\sentencia-pdf-1999.csv,,,0,0,True,False
00776-1998-AA,1999,sentencia,data\sentencia-Extract\1999\sentencia-pdf-1999.csv,,,0,0,True,False
00741-1996-AA,1999,sentencia,data\sentencia-Extract\1999\sentencia-pdf-1999.csv,,,0,0,True,False
00427-1997-AA,1999,sentencia,data\sentencia-Extract\1999\sentencia-pdf-1999.csv,,,0,0,True,False
00353-1999-AA,1999,sentencia,data\sentencia-Extract\1999\sentencia-pdf-1999.csv,,,0,0,True,False
01098-1998-AA,1999,sentencia,data\sentencia-Extract\1999\sentencia-pdf-1999.csv,,,0,0,True,False
00385-1999-AA,1999,sentencia,data\sentencia-Extract\1999\sentencia-pdf-1999.csv,,,0,0,True,False
00026-1999-AA,1999,sentencia,data\sentencia-Extract\1999\sentencia-pdf-1999.csv,,,0,0,True,False
00059-1999-AA,1999,sentencia,data\sentencia-Extract\1999\sentencia-pdf-1999.csv,,,0,0,True,False
00707-1998-AA,1999,sentencia,data\sentencia-Extract\1999\sentencia-pdf-1999.csv,,,0,0,True,False
01002-1998-AA,1999,sentencia,data\sentencia-Extract\1999\sentencia-pdf-1999.csv,,,0,0,True,False
00975-1998-HC,1999,sentencia,data\sentencia-Extract\1999\sentencia-pdf-1999.csv,,,0,0,True,False
00519-1997-HC,1999,sentencia,data\sentencia-Extract\1999\sentencia-pdf-1999.csv,,,0,0,True,False
00521-1997-AA,1999,sentencia,data\sentencia-Extract\1999\sentencia-pdf-1999.csv,,,0,0,True,False
00528-1999-HC,1999,sentencia,data\sentencia-Extract\1999\sentencia-pdf-1999.csv,,,0,0,True,False
00126-1999-AA,1999,sentencia,data\sentencia-Extract\1999\sentencia-pdf-1999.csv,,,0,0,True,False
00073-1999-AA,1999,sentencia,data\sentencia-Extract\1999\sentencia-pdf-1999.csv,,,0,0,True,False
00171-1999-AA,1999,sentencia,data\sentencia-Extract\1999\sentencia-pdf-1999.csv,,,0,0,True,False
00080-1999-AA,1999,sentencia,data\sentencia-Extract\1999\sentencia-pdf-1999.csv,,,0,0,True,False
00377-1999-AA,1999,sentencia,data\sentencia-Extract\1999\sentencia-pdf-1999.csv,,,0,0,True,False
00015-1999-AA,1999,sentencia,data\sentencia-Extract\1999\sentencia-pdf-1999.csv,,,0,0,True,False
00146-1997-AA,1999,sentencia,data\sentencia-Extract\1999\sentencia-pdf-1999.csv,,,0,0,True,False
00512-1996-AA,1999,sentencia,data\sentencia-Extract\1999\sentencia-pdf-1999.csv,,,0,0,True,False
00518-1999-AA,1999,sentencia,data\sentencia-Extract\1999\sentencia-pdf-1999.csv,,,0,0,True,False
00551-1999-HC,1999,sentencia,data\sentencia-Extract\1999\sentencia-pdf-1999.csv,,,0,0,True,False
00124-1999-AA,1999,sentencia,data\sentencia-Extract\1999\sentencia-pdf-1999.csv,,,0,0,True,False
00626-1996-AA,1999,sentencia,data\sentencia-Extract\1999\sentencia-pdf-1999.csv,,,0,0,True,False
00609-1999-HC,1999,sentencia,data\sentencia-Extract\1999\sentencia-pdf-1999.csv,,,0,0,True,False
01118-1998-AA,1999,sentencia,data\sentencia-Extract\1999\sentencia-pdf-1999.csv,,,0,0,True,False
00508-1999-HC,1999,sentencia,data\sentencia-Extract\1999\sentencia-pdf-1999.csv,,,0,0,True,False
00407-1999-HC,1999,sentencia,data\sentencia-Extract\1999\sentencia-pdf-1999.csv,,,0,0,True,False
00725-1997-AA,1999,sentencia,data\sentencia-Extract\1999\sentencia-pdf-1999.csv,,,0,0,True,False
00388-1999-AA,1999,sentencia,data\sentencia-Extract\1999\sentencia-pdf-1999.csv,,,0,0,True,False
00412-1998-AA,1999,sentencia,data\sentencia-Extract\1999\sentencia-pdf-1999.csv,,,0,0,True,False
01015-1998-AA,1999,sentencia,data\sentencia-Extract\1999\sentencia-pdf-1999.csv,,,0,0,True,False
01018-1998-AA,1999,sentencia,data\sentencia-Extract\1999\sentencia-pdf-1999.csv,,,0,0,True,False
01063-1998-AA,1999,sentencia,data\sentencia-Extract\1999\sentencia-pdf-1999.csv,,,0,0,True,False
00991-1997-AA,1999,sentencia,data\sentencia-Extract\1999\sentencia-pdf-1999.csv,,,0,0,True,False
01031-1998-AA,1999,sentencia,data\sentencia-Extract\1999\sentencia-pdf-1999.csv,,,0,0,True,False
00836-1997-AA,1999,sentencia,data\sentencia-Extract\1999\sentencia-pdf-1999.csv,,,0,0,True,False
00284-1999-AA,1999,sentencia,data\sentencia-Extract\1999\sentencia-pdf-1999.csv,,,0,0,True,False
00547-1999-HC,1999,sentencia,data\sentencia-Extract\1999\sentencia-pdf-1999.csv,,,0,0,True,False
00549-1999-HC,1999,sentencia,data\sentencia-Extract\1999\sentencia-pdf-1999.csv,,,0,0,True,False
00911-1996-AA,1999,sentencia,data\sentencia-Extract\1999\sentencia-pdf-1999.csv,,,0,0,True,False
00523-1998-AA,1999,sentencia,data\sentencia-Extract\1999\sentencia-pdf-1999.csv,,,0,0,True,False
00144-1999-AA,1999,sentencia,data\sentencia-Extract\1999\sentencia-pdf-1999.csv,,,0,0,True,False
00204-1999-AA,1999,sentencia,data\sentencia-Extract\1999\sentencia-pdf-1999.csv,,,0,0,True,False
00526-1998-AA,1999,sentencia,data\sentencia-Extract\1999\sentencia-pdf-1999.csv,,,0,0,True,False
00702-1998-AA,1999,sentencia,data\sentencia-Extract\1999\sentencia-pdf-1999.csv,,,0,0,True,False
00650-1999-HC,1999,sentencia,data\sentencia-Extract\1999\sentencia-pdf-1999.csv,,,0,0,True,False
00595-1996-AA,1999,sentencia,data\sentencia-Extract\1999\sentencia-pdf-1999.csv,,,0,0,True,False
00705-1998-AC,1999,sentencia,data\sentencia-Extract\1999\sentencia-pdf-1999.csv,,,0,0,True,False
00960-1998-AC,1999,sentencia,data\sentencia-Extract\1999\sentencia-pdf-1999.csv,,,0,0,True,False
00079-1999-AA,1999,sentencia,data\sentencia-Extract\1999\sentencia-pdf-1999.csv,,,0,0,True,False
00399-1999-HC,1999,sentencia,data\sentencia-Extract\1999\sentencia-pdf-1999.csv,,,0,0,True,False
00416-1999-AA,1999,sentencia,data\sentencia-Extract\1999\sentencia-pdf-1999.csv,,,0,0,True,False
00461-1999-AA,1999,sentencia,data\sentencia-Extract\1999\sentencia-pdf-1999.csv,,,0,0,True,False
00460-1999-AA,1999,sentencia,data\sentencia-Extract\1999\sentencia-pdf-1999.csv,,,0,0,True,False
01147-1998-AC,1999,sentencia,data\sentencia-Extract\1999\sentencia-pdf-1999.csv,,,0,0,True,False
01093-1998-AC,1999,sentencia,data\sentencia-Extract\1999\sentencia-pdf-1999.csv,,,0,0,True,False
01115-1998-AA,1999,sentencia,data\sentencia-Extract\1999\sentencia-pdf-1999.csv,,,0,0,True,False
00301-1999-AA,1999,sentencia,data\sentencia-Extract\1999\sentencia-pdf-1999.csv,,,0,0,True,False
00224-1997-AA,1999,sentencia,data\sentencia-Extract\1999\sentencia-pdf-1999.csv,,,0,0,True,False
00305-1999-AA,1999,sentencia,data\sentencia-Extract\1999\sentencia-pdf-1999.csv,,,0,0,True,False
00261-1997-AA,1999,sentencia,data\sentencia-Extract\1999\sentencia-pdf-1999.csv,,,0,0,True,False
00209-1998-AC,1999,sentencia,data\sentencia-Extract\1999\sentencia-pdf-1999.csv,,,0,0,True,False
00334-1998-AC,1999,sentencia,data\sentencia-Extract\1999\sentencia-pdf-1999.csv,,,0,0,True,False
00178-1999-AA,1999,sentencia,data\sentencia-Extract\1999\sentencia-pdf-1999.csv,,,0,0,True,False
00666-1998-AA,1999,sentencia,data\sentencia-Extract\1999\sentencia-pdf-1999.csv,,,0,0,True,False
00621-1997-AA,1999,sentencia,data\sentencia-Extract\1999\sentencia-pdf-1999.csv,,,0,0,True,False
00981-1998-AA,1999,sentencia,data\sentencia-Extract\1999\sentencia-pdf-1999.csv,,,0,0,True,False
00904-1997-AA,1999,sentencia,data\sentencia-Extract\1999\sentencia-pdf-1999.csv,,,0,0,True,False
00489-1997-AA,1999,sentencia,data\sentencia-Extract\1999\sentencia-pdf-1999.csv,,,0,0,True,False
00351-1999-AA,1999,sentencia,data\sentencia-Extract\1999\sentencia-pdf-1999.csv,,,0,0,True,False
00405-1997-HC,1999,sentencia,data\sentencia-Extract\1999\sentencia-pdf-1999.csv,,,0,0,True,False
00396-1999-AA,1999,sentencia,data\sentencia-Extract\1999\sentencia-pdf-1999.csv,,,0,0,True,False
00392-1999-AA,1999,sentencia,data\sentencia-Extract\1999\sentencia-pdf-1999.csv,,,0,0,True,False
00028-1999-AC,1999,sentencia,data\sentencia-Extract\1999\sentencia-pdf-1999.csv,,,0,0,True,False
00191-1999-AC,1999,sentencia,data\sentencia-Extract\1999\sentencia-pdf-1999.csv,,,0,0,True,False
00084-1999-AA,1999,sentencia,data\sentencia-Extract\1999\sentencia-pdf-1999.csv,,,0,0,True,False
00070-1999-AA,1999,sentencia,data\sentencia-Extract\1999\sentencia-pdf-1999.csv,,,0,0,True,False
00190-1998-AC,1999,sentencia,data\sentencia-Extract\1999\sentencia-pdf-1999.csv,,,0,0,True,False
00370-1999-AA,1999,sentencia,data\sentencia-Extract\1999\sentencia-pdf-1999.csv,,,0,0,True,False
00276-1997-AA,1999,sentencia,data\sentencia-Extract\1999\sentencia-pdf-1999.csv,,,0,0,True,False
00154-1999-AC,1999,sentencia,data\sentencia-Extract\1999\sentencia-pdf-1999.csv,,,0,0,True,False
00184-1997-AA,1999,sentencia,data\sentencia-Extract\1999\sentencia-pdf-1999.csv,,,0,0,True,False
00361-1999-AA,1999,sentencia,data\sentencia-Extract\1999\sentencia-pdf-1999.csv,,,0,0,True,False
00100-1998-AA,1999,sentencia,data\sentencia-Extract\1999\sentencia-pdf-1999.csv,,,0,0,True,False
00181-1998-AA,1999,sentencia,data\sentencia-Extract\1999\sentencia-pdf-1999.csv,,,0,0,True,False
00422-1998-AA,1999,sentencia,data\sentencia-Extract\1999\sentencia-pdf-1999.csv,,,0,0,True,False
00187-1999-AC,1999,sentencia,data\sentencia-Extract\1999\sentencia-pdf-1999.csv,,,0,0,True,False
00114-1995-AA,1999,sentencia,data\sentencia-Extract\1999\sentencia-pdf-1999.csv,,,0,0,True,False
00215-1999-AA,1999,sentencia,data\sentencia-Extract\1999\sentencia-pdf-1999.csv,,,0,0,True,False
00333-1997-AA,1999,sentencia,data\sentencia-Extract\1999\sentencia-pdf-1999.csv,,,0,0,True,False
00261-1999-AA,1999,sentencia,data\sentencia-Extract\1999\sentencia-pdf-1999.csv,,,0,0,True,False
00427-1999-AA,1999,sentencia,data\sentencia-Extract\1999\sentencia-pdf-1999.csv,,,0,0,True,False
00426-1998-AA,1999,sentencia,data\sentencia-Extract\1999\sentencia-pdf-1999.csv,,,0,0,True,False
00482-1998-AA,1999,sentencia,data\sentencia-Extract\1999\sentencia-pdf-1999.csv,,,0,0,True,False
00482-1997-AA,1999,sentencia,data\sentencia-Extract\1999\sentencia-pdf-1999.csv,,,0,0,True,False
00810-1998-AA,1999,sentencia,data\sentencia-Extract\1999\sentencia-pdf-1999.csv,,,0,0,True,False
01067-1996-AA,1999,sentencia,data\sentencia-Extract\1999\sentencia-pdf-1999.csv,,,0,0,True,False
00265-1999-AA,1999,sentencia,data\sentencia-Extract\1999\sentencia-pdf-1999.csv,,,0,0,True,False
00719-1998-AC,1999,sentencia,data\sentencia-Extract\1999\sentencia-pdf-1999.csv,,,0,0,True,False
00299-1999-AC,1999,sentencia,data\sentencia-Extract\1999\sentencia-pdf-1999.csv,,,0,0,True,False
01245-1997-AA,1999,sentencia,data\sentencia-Extract\1999\sentencia-pdf-1999.csv,,,0,0,True,False
00601-1996-AA,1999,sentencia,data\sentencia-Extract\1999\sentencia-pdf-1999.csv,,,0,0,True,False
00536-1997-AA,1999,sentencia,data\sentencia-Extract\1999\sentencia-pdf-1999.csv,,,0,0,True,False
00621-1998-AA,1999,sentencia,data\sentencia-Extract\1999\sentencia-pdf-1999.csv,,,0,0,True,False
00515-1998-AA,1999,sentencia,data\sentencia-Extract\1999\sentencia-pdf-1999.csv,,,0,0,True,False
00653-1998-AA,1999,sentencia,data\sentencia-Extract\1999\sentencia-pdf-1999.csv,,,0,0,True,False
00641-1996-AA,1999,sentencia,data\sentencia-Extract\1999\sentencia-pdf-1999.csv,,,0,0,True,False
00537-1997-AA,1999,sentencia,data\sentencia-Extract\1999\sentencia-pdf-1999.csv,,,0,0,True,False
00969-1998-AA,1999,sentencia,data\sentencia-Extract\1999\sentencia-pdf-1999.csv,,,0,0,True,False
00937-1998-AC,1999,sentencia,data\sentencia-Extract\1999\sentencia-pdf-1999.csv,,,0,0,True,False
01042-1998-AA,1999,sentencia,data\sentencia-Extract\1999\sentencia-pdf-1999.csv,,,0,0,True,False
00656-1998-AA,1999,sentencia,data\sentencia-Extract\1999\sentencia-pdf-1999.csv,,,0,0,True,False
00490-1999-AC,1999,sentencia,data\sentencia-Extract\1999\sentencia-pdf-1999.csv,,,0,0,True,False
00448-1999-AA,1999,sentencia,data\sentencia-Extract\1999\sentencia-pdf-1999.csv,,,0,0,True,False
00516-1997-AA,1999,sentencia,data\sentencia-Extract\1999\sentencia-pdf-1999.csv,,,0,0,True,False
00749-1998-AC,1999,sentencia,data\sentencia-Extract\1999\sentencia-pdf-1999.csv,,,0,0,True,False
00206-1999-HC,1999,sentencia,data\sentencia-Extract\1999\sentencia-pdf-1999.csv,,,0,0,True,False
00313-1999-AC,1999,sentencia,data\sentencia-Extract\1999\sentencia-pdf-1999.csv,,,0,0,True,False
00378-1999-HC,1999,sentencia,data\sentencia-Extract\1999\sentencia-pdf-1999.csv,,,0,0,True,False
00727-1998-AA,1999,sentencia,data\sentencia-Extract\1999\sentencia-pdf-1999.csv,,,0,0,True,False
00081-1992-AA,1999,sentencia,data\sentencia-Extract\1999\sentencia-pdf-1999.csv,,,0,0,True,False
00021-1999-AC,1999,sentencia,data\sentencia-Extract\1999\sentencia-pdf-1999.csv,,,0,0,True,False
00997-1996-AA,1999,sentencia,data\sentencia-Extract\1999\sentencia-pdf-1999.csv,,,0,0,True,False
00927-1998-AC,1999,sentencia,data\sentencia-Extract\1999\sentencia-pdf-1999.csv,,,0,0,True,False
00554-1997-AA,1999,sentencia,data\sentencia-Extract\1999\sentencia-pdf-1999.csv,,,0,0,True,False
00109-1999-AC,1999,sentencia,data\sentencia-Extract\1999\sentencia-pdf-1999.csv,,,0,0,True,False
00233-1999-AA,1999,sentencia,data\sentencia-Extract\1999\sentencia-pdf-1999.csv,,,0,0,True,False
00106-1999-AA,1999,sentencia,data\sentencia-Extract\1999\sentencia-pdf-1999.csv,,,0,0,True,False
00326-1999-AA,1999,sentencia,data\sentencia-Extract\1999\sentencia-pdf-1999.csv,,,0,0,True,False
00221-1999-HC,1999,sentencia,data\sentencia-Extract\1999\sentencia-pdf-1999.csv,,,0,0,True,False
00249-1999-AA,1999,sentencia,data\sentencia-Extract\1999\sentencia-pdf-1999.csv,,,0,0,True,False
00265-1997-AA,1999,sentencia,data\sentencia-Extract\1999\sentencia-pdf-1999.csv,,,0,0,True,False
00833-1997-AA,1999,sentencia,data\sentencia-Extract\1999\sentencia-pdf-1999.csv,,,0,0,True,False
01153-1998-AA,1999,sentencia,data\sentencia-Extract\1999\sentencia-pdf-1999.csv,,,0,0,True,False
00734-1996-AA,1999,sentencia,data\sentencia-Extract\1999\sentencia-pdf-1999.csv,,,0,0,True,False
00816-1998-AA,1999,sentencia,data\sentencia-Extract\1999\sentencia-pdf-1999.csv,,,0,0,True,False
00371-1998-AC,1999,sentencia,data\sentencia-Extract\1999\sentencia-pdf-1999.csv,,,0,0,True,False
00372-1997-AA,1999,sentencia,data\sentencia-Extract\1999\sentencia-pdf-1999.csv,,,0,0,True,False
01099-1998-AA,1999,sentencia,data\sentencia-Extract\1999\sentencia-pdf-1999.csv,,,0,0,True,False
00477-1998-AA,1999,sentencia,data\sentencia-Extract\1999\sentencia-pdf-1999.csv,,,0,0,True,False
00351-1997-AA,1999,sentencia,data\sentencia-Extract\1999\sentencia-pdf-1999.csv,,,0,0,True,False
00411-1997-AA,1999,sentencia,data\sentencia-Extract\1999\sentencia-pdf-1999.csv,,,0,0,True,False
00375-1998-AC,1999,sentencia,data\sentencia-Extract\1999\sentencia-pdf-1999.csv,,,0,0,True,False
00450-1999-AA,1999,sentencia,data\sentencia-Extract\1999\sentencia-pdf-1999.csv,,,0,0,True,False
00075-1999-HC,1999,sentencia,data\sentencia-Extract\1999\sentencia-pdf-1999.csv,,,0,0,True,False
00016-1997-AA,1999,sentencia,data\sentencia-Extract\1999\sentencia-pdf-1999.csv,,,0,0,True,False
00013-1997-AA,1999,sentencia,data\sentencia-Extract\1999\sentencia-pdf-1999.csv,,,0,0,True,False
01028-1998-AA,1999,sentencia,data\sentencia-Extract\1999\sentencia-pdf-1999.csv,,,0,0,True,False
00007-1999-AA,1999,sentencia,data\sentencia-Extract\1999\sentencia-pdf-1999.csv,,,0,0,True,False
00963-1998-AA,1999,sentencia,data\sentencia-Extract\1999\sentencia-pdf-1999.csv,,,0,0,True,False
00946-1998-AA,1999,sentencia,data\sentencia-Extract\1999\sentencia-pdf-1999.csv,,,0,0,True,False
00976-1998-AA,1999,sentencia,data\sentencia-Extract\1999\sentencia-pdf-1999.csv,,,0,0,True,False
00682-1998-AA,1999,sentencia,data\sentencia-Extract\1999\sentencia-pdf-1999.csv,,,0,0,True,False
00648-1998-AA,1999,sentencia,data\sentencia-Extract\1999\sentencia-pdf-1999.csv,,,0,0,True,False
00604-1998-AA,1999,sentencia,data\sentencia-Extract\1999\sentencia-pdf-1999.csv,,,0,0,True,False
00517-1997-AA,1999,sentencia,data\sentencia-Extract\1999\sentencia-pdf-1999.csv,,,0,0,True,False
00197-1999-AA,1999,sentencia,data\sentencia-Extract\1999\sentencia-pdf-1999.csv,,,0,0,True,False
00198-1999-HC,1999,sentencia,data\sentencia-Extract\1999\sentencia-pdf-1999.csv,,,0,0,True,False
00112-1997-AA,1999,sentencia,data\sentencia-Extract\1999\sentencia-pdf-1999.csv,,,0,0,True,False
00150-1999-AA,1999,sentencia,data\sentencia-Extract\1999\sentencia-pdf-1999.csv,,,0,0,True,False
00324-1999-AA,1999,sentencia,data\sentencia-Extract\1999\sentencia-pdf-1999.csv,,,0,0,True,False
00209-1999-HC,1999,sentencia,data\sentencia-Extract\1999\sentencia-pdf-1999.csv,,,0,0,True,False
00294-1999-HC,1999,sentencia,data\sentencia-Extract\1999\sentencia-pdf-1999.csv,,,0,0,True,False
00020-1999-AA,1999,sentencia,data\sentencia-Extract\1999\sentencia-pdf-1999.csv,,,0,0,True,False
00327-1999-AA,1999,sentencia,data\sentencia-Extract\1999\sentencia-pdf-1999.csv,,,0,0,True,False
00275-1999-AA,1999,sentencia,data\sentencia-Extract\1999\sentencia-pdf-1999.csv,,,0,0,True,False
00224-1999-AA,1999,sentencia,data\sentencia-Extract\1999\sentencia-pdf-1999.csv,,,0,0,True,False
00254-1999-AC,1999,sentencia,data\sentencia-Extract\1999\sentencia-pdf-1999.csv,,,0,0,True,False
00321-1998-AA,1999,sentencia,data\sentencia-Extract\1999\sentencia-pdf-1999.csv,,,0,0,True,False
00753-1997-AA,1999,sentencia,data\sentencia-Extract\1999\sentencia-pdf-1999.csv,,,0,0,True,False
01285-1997-AA,1999,sentencia,data\sentencia-Extract\1999\sentencia-pdf-1999.csv,,,0,0,True,False
00235-1999-AC,1999,sentencia,data\sentencia-Extract\1999\sentencia-pdf-1999.csv,,,0,0,True,False
00288-1998-AA,1999,sentencia,data\sentencia-Extract\1999\sentencia-pdf-1999.csv,,,0,0,True,False
00096-1999-AA,1999,sentencia,data\sentencia-Extract\1999\sentencia-pdf-1999.csv,,,0,0,True,False
00099-1997-AA,1999,sentencia,data\sentencia-Extract\1999\sentencia-pdf-1999.csv,,,0,0,True,False
00153-1999-AA,1999,sentencia,data\sentencia-Extract\1999\sentencia-pdf-1999.csv,,,0,0,True,False
00101-1999-AC,1999,sentencia,data\sentencia-Extract\1999\sentencia-pdf-1999.csv,,,0,0,True,False
00097-1999-AA,1999,sentencia,data\sentencia-Extract\1999\sentencia-pdf-1999.csv,,,0,0,True,False
00679-1997-AA,1999,sentencia,data\sentencia-Extract\1999\sentencia-pdf-1999.csv,,,0,0,True,False
00522-1998-AC,1999,sentencia,data\sentencia-Extract\1999\sentencia-pdf-1999.csv,,,0,0,True,False
00920-1996-AA,1999,sentencia,data\sentencia-Extract\1999\sentencia-pdf-1999.csv,,,0,0,True,False
00544-1997-AA,1999,sentencia,data\sentencia-Extract\1999\sentencia-pdf-1999.csv,,,0,0,True,False
01058-1998-AA,1999,sentencia,data\sentencia-Extract\1999\sentencia-pdf-1999.csv,,,0,0,True,False
00943-1997-AA,1999,sentencia,data\sentencia-Extract\1999\sentencia-pdf-1999.csv,,,0,0,True,False
00820-1998-AA,1999,sentencia,data\sentencia-Extract\1999\sentencia-pdf-1999.csv,,,0,0,True,False
01101-1997-AA,1999,sentencia,data\sentencia-Extract\1999\sentencia-pdf-1999.csv,,,0,0,True,False
00482-1999-AA,1999,sentencia,data\sentencia-Extract\1999\sentencia-pdf-1999.csv,,,0,0,True,False
00481-1999-AA,1999,sentencia,data\sentencia-Extract\1999\sentencia-pdf-1999.csv,,,0,0,True,False
00092-1999-AA,1999,sentencia,data\sentencia-Extract\1999\sentencia-pdf-1999.csv,,,0,0,True,False
00093-1999-AA,1999,sentencia,data\sentencia-Extract\1999\sentencia-pdf-1999.csv,,,0,0,True,False
00095-1999-AA,1999,sentencia,data\sentencia-Extract\1999\sentencia-pdf-1999.csv,,,0,0,True,False
00457-1998-AA,1999,sentencia,data\sentencia-Extract\1999\sentencia-pdf-1999.csv,,,0,0,True,False
00494-1999-AA,1999,sentencia,data\sentencia-Extract\1999\sentencia-pdf-1999.csv,,,0,0,True,False
00374-1999-AA,1999,sentencia,data\sentencia-Extract\1999\sentencia-pdf-1999.csv,,,0,0,True,False
00479-1997-AA,1999,sentencia,data\sentencia-Extract\1999\sentencia-pdf-1999.csv,,,0,0,True,False
01150-1997-AA,1999,sentencia,data\sentencia-Extract\1999\sentencia-pdf-1999.csv,,,0,0,True,False
01233-1997-AA,1999,sentencia,data\sentencia-Extract\1999\sentencia-pdf-1999.csv,,,0,0,True,False
00418-1999-AA,1999,sentencia,data\sentencia-Extract\1999\sentencia-pdf-1999.csv,,,0,0,True,False
00505-1997-AA,1999,sentencia,data\sentencia-Extract\1999\sentencia-pdf-1999.csv,,,0,0,True,False
01186-1997-AA,1999,sentencia,data\sentencia-Extract\1999\sentencia-pdf-1999.csv,,,0,0,True,False
00805-1998-AC,1999,sentencia,data\sentencia-Extract\1999\sentencia-pdf-1999.csv,,,0,0,True,False
00823-1998-AA,1999,sentencia,data\sentencia-Extract\1999\sentencia-pdf-1999.csv,,,0,0,True,False
01113-1998-AA,1999,sentencia,data\sentencia-Extract\1999\sentencia-pdf-1999.csv,,,0,0,True,False
00308-1997-AA,1999,sentencia,data\sentencia-Extract\1999\sentencia-pdf-1999.csv,,,0,0,True,False
00551-1997-AA,1999,sentencia,data\sentencia-Extract\1999\sentencia-pdf-1999.csv,,,0,0,True,False
00653-1999-HC,1999,sentencia,data\sentencia-Extract\1999\sentencia-pdf-1999.csv,,,0,0,True,False
00652-1999-HC,1999,sentencia,data\sentencia-Extract\1999\sentencia-pdf-1999.csv,,,0,0,True,False
01057-1998-AA,1999,sentencia,data\sentencia-Extract\1999\sentencia-pdf-1999.csv,,,0,0,True,False
00017-1996-AA,1999,sentencia,data\sentencia-Extract\1999\sentencia-pdf-1999.csv,,,0,0,True,False
00386-1997-AA,1999,sentencia,data\sentencia-Extract\1999\sentencia-pdf-1999.csv,,,0,0,True,False
00488-1998-AC,1999,sentencia,data\sentencia-Extract\1999\sentencia-pdf-1999.csv,,,0,0,True,False
01150-1998-AC,1999,sentencia,data\sentencia-Extract\1999\sentencia-pdf-1999.csv,,,0,0,True,False
00456-1999-AA,1999,sentencia,data\sentencia-Extract\1999\sentencia-pdf-1999.csv,,,0,0,True,False
00310-1999-AC,1999,sentencia,data\sentencia-Extract\1999\sentencia-pdf-1999.csv,,,0,0,True,False
00254-1998-AA,1999,sentencia,data\sentencia-Extract\1999\sentencia-pdf-1999.csv,,,0,0,True,False
00276-1999-AA,1999,sentencia,data\sentencia-Extract\1999\sentencia-pdf-1999.csv,,,0,0,True,False
00215-1997-AA,1999,sentencia,data\sentencia-Extract\1999\sentencia-pdf-1999.csv,,,0,0,True,False
00330-1999-HC,1999,sentencia,data\sentencia-Extract\1999\sentencia-pdf-1999.csv,,,0,0,True,False
00127-1998-AA,1999,sentencia,data\sentencia-Extract\1999\sentencia-pdf-1999.csv,,,0,0,True,False
00170-1999-AC,1999,sentencia,data\sentencia-Extract\1999\sentencia-pdf-1999.csv,,,0,0,True,False
00186-1997-AA,1999,sentencia,data\sentencia-Extract\1999\sentencia-pdf-1999.csv,,,0,0,True,False
00110-1999-HC,1999,sentencia,data\sentencia-Extract\1999\sentencia-pdf-1999.csv,,,0,0,True,False
00162-1999-AC,1999,sentencia,data\sentencia-Extract\1999\sentencia-pdf-1999.csv,,,0,0,True,False
00129-1999-AC,1999,sentencia,data\sentencia-Extract\1999\sentencia-pdf-1999.csv,,,0,0,True,False
00104-1999-HC,1999,sentencia,data\sentencia-Extract\1999\sentencia-pdf-1999.csv,,,0,0,True,False
00614-1999-HC,1999,sentencia,data\sentencia-Extract\1999\sentencia-pdf-1999.csv,,,0,0,True,False
00527-1999-AA,1999,sentencia,data\sentencia-Extract\1999\sentencia-pdf-1999.csv,,,0,0,True,False
00605-1998-AA,1999,sentencia,data\sentencia-Extract\1999\sentencia-pdf-1999.csv,,,0,0,True,False
00651-1999-HC,1999,sentencia,data\sentencia-Extract\1999\sentencia-pdf-1999.csv,,,0,0,True,False
00632-1999-HC,1999,sentencia,data\sentencia-Extract\1999\sentencia-pdf-1999.csv,,,0,0,True,False
00091-1998-AA,1999,sentencia,data\sentencia-Extract\1999\sentencia-pdf-1999.csv,,,0,0,True,False
00410-1998-AA,1999,sentencia,data\sentencia-Extract\1999\sentencia-pdf-1999.csv,,,0,0,True,False
00368-1997-AA,1999,sentencia,data\sentencia-Extract\1999\sentencia-pdf-1999.csv,,,0,0,True,False
00379-1997-AA,1999,sentencia,data\sentencia-Extract\1999\sentencia-pdf-1999.csv,,,0,0,True,False
00478-1999-HC,1999,sentencia,data\sentencia-Extract\1999\sentencia-pdf-1999.csv,,,0,0,True,False
00422-1999-HC,1999,sentencia,data\sentencia-Extract\1999\sentencia-pdf-1999.csv,,,0,0,True,False
00420-1998-AA,1999,sentencia,data\sentencia-Extract\1999\sentencia-pdf-1999.csv,,,0,0,True,False
00394-1999-AA,1999,sentencia,data\sentencia-Extract\1999\sentencia-pdf-1999.csv,,,0,0,True,False
00273-1999-AC,1999,sentencia,data\sentencia-Extract\1999\sentencia-pdf-1999.csv,,,0,0,True,False
00346-1997-AA,1999,sentencia,data\sentencia-Extract\1999\sentencia-pdf-1999.csv,,,0,0,True,False
00662-1996-AC,1999,sentencia,data\sentencia-Extract\1999\sentencia-pdf-1999.csv,,,0,0,True,False
00835-1997-AA,1999,sentencia,data\sentencia-Extract\1999\sentencia-pdf-1999.csv,,,0,0,True,False
