numero_expediente,url_archivo_TC,url_archivo_original,tipo_expediente,motivos_demanda,sentido_resolucion,fundamentos
00140-1995-HC,https://tc.gob.pe/jurisprudencia/1996/00140-1995-HC.pdf,data\sentencia-Extract\1996\sentencia-pdf-1996.csv,Proceso de Habeas Corpus,,Fundada,"['Considerando que el parágrafo f) del inciso veinticuatro del artículo segundo de la Constitución no permite que por algún motivo se prolongue la detención de una persona por más de veinticuatro horas, término en el que debe ser puesto a disposición del juez competente; que éste es un derecho fundamental de todo ciudadano para preservar su libertad, principio que el Tribunal debe hacer cumplir teniendo en cuenta que de acuerdo a lo dispuesto en el artículo doscientos uno de la Carta Magna es su órgano de control, que apareciendo de autos que el detenido es presunto autor de delitos contra el patrimonio.']"
00176-1995-HC,https://tc.gob.pe/jurisprudencia/1996/00176-1995-HC.pdf,data\sentencia-Extract\1996\sentencia-pdf-1996.csv,Proceso de Habeas Corpus,,Improcedente,"['Considerando que los hechos de violación de derechos fundamentales que se imputan el demandando cesaron antes de interponerse la Acción de Hábeas Corpus, por lo que no pueden reponerse a la situación existente antes de esa interposición que no se ha probado que haya una amenaza permanente de detención contra los demandantes.']"
00167-1995-HC,https://tc.gob.pe/jurisprudencia/1996/00167-1995-HC.pdf,data\sentencia-Extract\1996\sentencia-pdf-1996.csv,Proceso de Habeas Corpus,,Infundada,['Los pertinentes de la sentencia de vista que conducen a determinar que no se ha acreditado que la demandante haya sido objeto de hechos o amenazas que hayan vulnerado su libertad individual o algún otro derecho fundamental que amerite una Acción de Hábeas Corpus.']
00154-1995-HC,https://tc.gob.pe/jurisprudencia/1996/00154-1995-HC.pdf,data\sentencia-Extract\1996\sentencia-pdf-1996.csv,Proceso de Habeas Corpus,,Fundada,"['[...] la Circular de la Corte Suprema invocada por el accionante se encontraba vigente al momento de interponerse la demanda, y también al de expedirse la sentencia impugnada y que, contrariamente a lo que se sostiene en la recurrida, el estado de emergencia, declarado por el Decreto Supremo cero cero cinco-noventicinco-DE/CC/FFAA, en que también se apoya la misma, no puede privar la vigencia a dicha Circular, según la cual no procedía la detención que motiva la denuncia, puesto que dicha Circular se limita a precisar los requisitos de identidad que deben satisfacer las requisitorias para ser válidas y hacer posible detenciones como la impugnada, siendo irrelevante, por ello, la existencia, o no, de un estado de emergencia como el invocado en la misma.']"
00155-1995-HC,https://tc.gob.pe/jurisprudencia/1996/00155-1995-HC.pdf,data\sentencia-Extract\1996\sentencia-pdf-1996.csv,Proceso de Habeas Corpus,,Infundada,"['Considerando los fundamentos, de la sentencia recurrida que se reproducen y que tratándose de resoluciones expedidas con arreglo a ley en un procedimiento regular en que la demandante ha hecho uso de los recursos impugnatorios a que tiene derecho en virtud del principio de la doble instancia.']"
00131-1995-HC,https://tc.gob.pe/jurisprudencia/1996/00131-1995-HC.pdf,data\sentencia-Extract\1996\sentencia-pdf-1996.csv,Proceso de Habeas Corpus,,Improcedente,"['[...] en el proceso judicial regular, en que rige el principio de la doble instancia, las partes pueden hacer uso de los recursos impugnatorios pertinentes por lo que las resoluciones que se expiden en esos procesos no pueden ser objeto de acciones de garantía, de conformidad con lo dispuesto en el artículo sexto de la Ley veinticinco mil quinientos seis, que por otro lado el artículo décimo de la Ley veinticinco mil trescientos noventa y ocho establece que las anomalías que puedan producirse en esta clase de procesos se ventilarán y resolverán dentro de ellos y que por ningún motivo en los mismos, podrá detenerse mediante una acción de garantía la ejecución de las sentencias, que el apercibimiento empleado por el Juez de ""bajo responsabilidad"" no implica amenaza de detención corporal.']"
00142-1995-HC,https://tc.gob.pe/jurisprudencia/1996/00142-1995-HC.pdf,data\sentencia-Extract\1996\sentencia-pdf-1996.csv,Proceso de Habeas Corpus,,Improcedente,"['Considerando: Que, aun cuando la naturaleza de la reparación civil sea una situación jurídica totalmente distinta de las reglas de conducta a las que un condenado haya sido sometido en virtud de una sentencia firme y consentida, y por tanto su incumplimiento, total o parcial, legalmente no pueda incidir sobre la sanción penal impuesta, también es cierto que el actor tenía expedito el ejercicio de los medios impugnativos que la ley procesal penal prevé a fin de que una resolución judicial contra legem pueda ser revisada por un órgano superior de la jurisdicción ordinaria. Que, de conformidad con lo establecido en el artículo 10 de la Ley 25398, el proceso constitucional de Hábeas Corpus, de carácter extraordinario y residual, no es un mecanismo a través del cual se pueda corregir o enmendar deficiencias producidas al interior de un proceso judicial regular. Que, de autos, efectivamente se aprecia que el actor, antes de hacer ejercicio de los recursos impugnativos que el Código de Procedimientos Penales prevé, optó por acudir a la vía excepcional y sumarísima del Hábeas Corpus.']"
00220-1995-HC,https://tc.gob.pe/jurisprudencia/1996/00220-1995-HC.pdf,data\sentencia-Extract\1996\sentencia-pdf-1996.csv,Proceso de Habeas Corpus,,Infundada,"['Considerando: Que los hechos invocados como fundamentos de la demanda han sido desvirtuados en el curso de la sumaria investigación, y que, además, el demandante, al interponer el recurso de vista, no los ha reiterado ni ha agregado razones atendibles que los robustezcan o sustituyan.']"
00002-1995-HC,https://tc.gob.pe/jurisprudencia/1996/00002-1995-HC.pdf,data\sentencia-Extract\1996\sentencia-pdf-1996.csv,Proceso de Habeas Corpus,,Infundada,"['Considerando: Que la sumaria investigación efectuada en autos no ha permitido acreditar, en modo alguno, los hechos alegados por la accionante, en el sentido que a la beneficiaria se le tenga incomunicada y se le niegue el derecho de defensa; que, muy por el contrario, ésta ha manifestado -en su declaración obrante a fojas nueve- que el día veinte de diciembre de mil novecientos noventa y tres fue visitada por sus padres; esto es, apenas una semana antes de la fecha de interposición de la presente Acción; que, en tal virtud, no habiéndose vulnerado los derechos constitucionales invocados, la demanda deviene infundada.']"
00203-1995-HC,https://tc.gob.pe/jurisprudencia/1996/00203-1995-HC.pdf,data\sentencia-Extract\1996\sentencia-pdf-1996.csv,Proceso de Habeas Corpus,,Fundada,"['Considerando: Que la demanda está correctamente fundada, entre otros, en los artículos 137° y concordantes del Código Procesal Penal; que la solicitud de libertad inmediata se presentó el tres de marzo de mil novecientos noventa y cinco, y que, dos meses después, el cinco de mayo de mil novecientos noventa y cinco, aún no había sido resuelta, no obstante haberla reiterado el demandante en varias oportunidades; que las especiales circunstancias registradas, entre las que figura la vacación anual de los vocales demandados y el recurso de inhibición que, contra ellos, formuló el propio actor, si bien explican, en parte, la demora que motivó la demanda de autos, no la justifican plenamente, ni menos podían privar al demandante de su derecho a utilizar la vía constitucional de autos.']"
00143-1995-HC,https://tc.gob.pe/jurisprudencia/1996/00143-1995-HC.pdf,data\sentencia-Extract\1996\sentencia-pdf-1996.csv,Proceso de Habeas Corpus,,Infundada,"['Considerando: que, la actora no sólo no ha acreditado los hechos invocados como fundamento sine qua non de su demanda, sino que no ha demostrado tampoco, relación de causalidad entre tales hechos hipotéticos y la igualmente hipotética conducta infractora imputada a sus demandados.']"
00184-1995-AA,https://tc.gob.pe/jurisprudencia/1996/00184-1995-AA.pdf,data\sentencia-Extract\1996\sentencia-pdf-1996.csv,Proceso de Amparo,,Improcedente,"['[…] Que, habiendo reconocido la Municipalidad Provincial de Arequipa el pago de los beneficios sociales del actor, tras los años de servicios prestados a ella, no se puede considerar que el derecho constitucional invocado haya sufrido vulneración o amenaza de violación alguna, que tornaran en procedentes la acción incoada; Que, en el caso de autos, si bien el actor cursó una carta notarial al Alcalde de la Municipalidad Provincial de Arequipa, con fecha diecisiete de enero de mil novecientos noventa y cinco, obrante a fojas tres, con el objeto de que se haga efectivo el pago de sus beneficios sociales reconocidos, también lo es que, del segundo acuerdo de la resolución municipal dos mil ciento cincuenta, se desprende que el accionado había autorizado a la oficina de tesorería de la referida Municipalidad para que realice dicho pago; Que, la no ejecución de la orden de pago de los beneficios sociales que el actor estima como lesivo a su derecho constitucional, debe de peticionarse ante las instancias administrativas correspondientes, no constituyendo la vía residual y excepcional de este proceso constitucional una instancia que pueda suplir el procedimiento administrativo; Que, en este sentido de conformidad con lo dispuesto en el artículo 27° de la Ley 23506 deben agotarse las vías previas insistiéndose en el cobro ante el Concejo Provincial de Arequipa, mediante el ejercicio de las acciones impugnativas correspondientes']"
00101-1995-AA,https://tc.gob.pe/jurisprudencia/1996/00101-1995-AA.pdf,data\sentencia-Extract\1996\sentencia-pdf-1996.csv,Proceso de Amparo,,Improcedente,"['Que el recurrente no ha acompañado pruebas que acrediten que por virtud del oficio de fecha quince de marzo de mil novecientos noventitrés se la haya impedido el ingreso al centro de trabajo, hecho que tampoco se demuestra con la denuncia policial de fojas dos, ya que del tenor de la misma no fluye que la Policía haya constatado los hechos denunciados.', 'Que, por consiguiente, no encontrándose las situaciones expuestas por el accionante dentro del supuesto previsto en el inciso 1° del artículo 28º de la Ley 23506, resulta de aplicación el artículo 27° de la citada norma, que expresamente prohíbe la interposición de la Acción de Amparo cuando el accionante no haya agotado la vía previa correspondiente.']"
00130-1995-AA,https://tc.gob.pe/jurisprudencia/1996/00130-1995-AA.pdf,data\sentencia-Extract\1996\sentencia-pdf-1996.csv,Proceso de Amparo,,Improcedente,"['Que, la vía del Amparo no puede ser utilizada como una revisión o una tercera instancia respecto de resoluciones judiciales emanadas de un procedimiento regular y que adquirieron la autoridad de cosa juzgada.', 'Que, de acuerdo a lo establecido por el inciso 2) del artículo 6° de la Ley N° 23506 la Acción de Amparo no procede contra resoluciones judiciales emanadas de un procedimiento regular, principio que ha sido consagrado en el inciso 2) del artículo 200° de la actual Constitución Política del Estado.']"
00094-1995-HC,https://tc.gob.pe/jurisprudencia/1996/00094-1995-HC.pdf,data\sentencia-Extract\1996\sentencia-pdf-1996.csv,Proceso de Habeas Corpus,,Infundada,"['Que la beneficiaria ha negado rotundamente, tanto en su declaración judicial de fojas seis como en su manifestación policial de fojas veinticinco, que la accionada la tenía encerrada bajo llave y le prohibía salir a la calle, con lo cual han quedado desvirtuados los hechos alegados por el actor; que el artículo sexto de la Ley veintitrés mil quinientos seis -en su primer inciso- señala que es improcedente la acción de garantía en caso de haber cesado la violación o amenaza de violación de un derecho constitucional; que habiéndose establecido en autos, de manera categórica, que no se ha producido la violación o amenaza de violación del derecho constitucional invocado, resulta implicante la aplicación de dicha norma toda vez que no puede darse la cesación -supuesto de este dispositivo legal- de aquello que no se ha producido; que, siendo esto así, la Acción deviene infundada y no improcedente como por error ha sido calificada en las resoluciones recurridas.']"
00003-1995-HC,https://tc.gob.pe/jurisprudencia/1996/00003-1995-HC.pdf,data\sentencia-Extract\1996\sentencia-pdf-1996.csv,Proceso de Habeas Corpus,,Infundada,"['Que si bien la vía constitucional estaba abierta, puesto que en la demanda se invoca la amenaza sistemática y concreta al derecho del libre tránsito hacia el domicilio; que, sin embargo, los hechos invocados como fundamento sine qua non de la demanda, no han sido acreditados; y que, de otro lado, la propia demandante, durante su declaración ante el juez que efectuó la sumaria investigación, manifiesta que han desaparecido los actos de hostigamiento y las amenazas que la llevaron a plantear la Acción.']"
00124-1995-AA,https://tc.gob.pe/jurisprudencia/1996/00124-1995-AA.pdf,data\sentencia-Extract\1996\sentencia-pdf-1996.csv,Proceso de Amparo,,Improcedente,"['Que, las recurrentes afirman se habría conculcado en su caso derechos constitucionales como son el de la instancia plural, y el de la estabilidad laboral, pretendiendo mediante la Acción de Amparo cuestionar los efectos de la Resolución N° 031-93, que las destituye pese a que simultáneamente se sigue en la vía judicial correspondiente una Acción idéntica destinada a obtener los mismos efectos.', 'Que, al iniciar la vía judicial las recurrentes habrían optado por una vía paralela para la tutela de los derechos constitucionales que afirman habrían sido violados con la resolución cuestionada vía que permitirá ventilar situaciones ajenas a la naturaleza de una Acción de garantía.', 'Que de acuerdo a lo establecido en el inciso 3) del artículo 6° de la Ley N° 23506 Ley de Hábeas Corpus y Amparo no proceden las acciones de garantía cuando el agraviado opta por la vía judicial ordinaria.']"
00141-1995-HC,https://tc.gob.pe/jurisprudencia/1996/00141-1995-HC.pdf,data\sentencia-Extract\1996\sentencia-pdf-1996.csv,Proceso de Habeas Corpus,,Improcedencia,"['Se advierte del propio expediente que el accionante, induciendo a error pretende obtener su libertad estando incurso en un proceso judicial ordinario penal, con mandato de detención por un Juez competente. El artículo dieciséis, incisos a) y b) de la Ley veinticinco mil trescientos noventa y ocho es terminante en lo que se refiere la no procedencia de la Acción de Hábeas Corpus cuando el accionante tiene instrucción abierta o se halle sometido a juicio por los hechos que originan la acción de garantía como lo es en el presente caso; en el cual preexiste un proceso penal regular donde los sujetos procesales se hallan protegidos por las garantías constitucionales de un debido proceso y de la tutela jurisdiccional efectiva, dentro de la normatividad correspondiente.', 'Asimismo las normas procesales son de orden público y, por ende, de imperativo y obligatorio cumplimiento por los sujetos que en ellas se encuentren comprendidos; por lo que la resolución impugnada se ciñe cabal y estrictamente al trámite previsto para esa acción y al mérito de lo actuado.', 'De otro lado, de autos se desprende que esta Acción es dirigida contra el Presidente de la Corte Suprema de Justicia de la República, Doctor Moisés Pantoja Rodulfo, quien es el representante de un Poder del Estado más no ejercita función jurisdiccional; por lo que resulta ajeno a los supuestos enunciados en que se apoya la presente demanda.']"
00105-1995-HC,https://tc.gob.pe/jurisprudencia/1996/00105-1995-HC.pdf,data\sentencia-Extract\1996\sentencia-pdf-1996.csv,Proceso de Habeas Corpus,,Infundada,"['Que en la sumaria investigación ha quedado probado que, contrariamente a lo que se afirma, como fundamento sine qua non de la demanda, sí han cumplido los demandados con dar trámite a la correspondiente denuncia; que, consecuentemente, no existe omisión que subsanar, ni la violación de derecho constitucional correspondiente.']"
00138-1995-AA,https://tc.gob.pe/jurisprudencia/1996/00138-1995-AA.pdf,data\sentencia-Extract\1996\sentencia-pdf-1996.csv,Proceso de Amparo,,Improcedente,"['Que, la actora no ha sido privada ni recortado su derecho de defensa en ningún momento, según fluye de autos, habiendo recurrido a los tribunales de justicia amparándose incluso en la pluralidad de instancias, así como que todas las resoluciones durante la tramitación han sido motivadas con sujeción a lo establecido por la Constitución en su artículo ciento treintinueve incisos sexto y quinto; Que, las cuestionadas resoluciones, que se pretende sean declaradas nulas, emanan de autoridad competente, dentro de un proceso regular; Que, debe tenerse presente el artículo 10° de la Ley 25398, que complementó las disposiciones de la Ley veintitrés mil quinientos seis en materia de Hábeas Corpus y Amparo, establece que las anomalías que pudieran cometerse dentro de un proceso regular, deberán ventilarse y resolverse dentro de los mismos procesos mediante el ejercicio de los recursos que las normas procesales específicas establecen; Que, en autos no se ha podido demostrar la violación de ningún derecho constitucionalmente protegido.']"
00134-1995-AA,https://tc.gob.pe/jurisprudencia/1996/00134-1995-AA.pdf,data\sentencia-Extract\1996\sentencia-pdf-1996.csv,Proceso de Amparo,,Improcedente,"['Que, las irregularidades presuntamente cometidas en un proceso, por sí no lo convierte en irregular, más aún si estas irregularidades, al amparo de lo dispuesto en el artículo 10 de la Ley 25398, puede haber sido corregidas y subsanadas dentro del mismo proceso, utilizando los recursos y medios que las normas pertinentes establecen.', 'Que, al amparo del inciso 2° del artículo 6° de la Ley N° 23506, concordante con el artículo 10° de la Ley N° 25398, no se puede enervar la validez y los efectos de resoluciones judiciales dictadas por el Organo Jurisdiccional competente, y emanadas de un procedimiento regular, dentro del cual el accionante debió hacer valer los recursos legales que las normas procesales establecen.']"
00150-1995-HC,https://tc.gob.pe/jurisprudencia/1996/00150-1995-HC.pdf,data\sentencia-Extract\1996\sentencia-pdf-1996.csv,Proceso de Habeas Corpus,,Infundada,"['Que ni la investigación sumaria efectuada por la Jueza de la causa, ni los documentos aportados por las partes, han permitido demostrar fehacientemente que el accionado hubiera vulnerado o amenazado la libertad individual de la accionante, derecho constitucional protegido por el primer numeral del artículo doscientos de la Constitución Política del Perú.', 'Que, no habiéndose acreditado los hechos alegados por la accionante, la Acción resulta infundada y no improcedente, como erróneamente se ha calificado en las resoluciones inferiores.']"
00144-1995-AA,https://tc.gob.pe/jurisprudencia/1996/00144-1995-AA.pdf,data\sentencia-Extract\1996\sentencia-pdf-1996.csv,Proceso de Amparo,,Improcedente,"['Que, la resolución de cese se ha dado en mérito a una disposición legal dada dentro de marcos constitucionales, no habiéndose probado que se haya violado el derecho constitucional al trabajo de la demandante; Que, la accionante pretende, a través de la Acción de Amparo se deje sin efecto la resolución que la cesa. Al respecto debe señalarse que, el objeto de las acciones de garantía es el de reponer las cosas al estado anterior a la violación o amenaza de violación de un derecho constitucional, según lo indica el artículo 1° de la Ley 23506; Que, aparece de autos, que respecto a la vía previa, a la que se refiere el artículo 27° de la Ley 23506, fue asumido por la demandante cuando planteó recurso de reconsideración, el mismo que le fue declarado infundado, que sin embargo no presentó recurso de apelación. Este lo presenta después de plantear la demanda de Amparo, sin embargo con dicha presentación no se convalida el requisito de agotar las vías previas para plantear el Amparo. Más aún si tenemos presente que no pueden tramitarse conjuntamente una Acción en vías diferentes.']"
00025-1995-HC,https://tc.gob.pe/jurisprudencia/1996/00025-1995-HC.pdf,data\sentencia-Extract\1996\sentencia-pdf-1996.csv,Proceso de Habeas Corpus,,Improcedente,"['Que del estudio y análisis de la presente Acción, se desprende que el beneficiario había cumplido con los requisitos establecidos en los artículos cincuenta y tres y cincuenta y cuatro del Código de Ejecución Penal; si bien es cierto que el expediente de Libertad Condicional fue derivado al Décimo Quinto Juzgado Penal de Lima por mandato de la Presidencia de la Corte Superior de Justicia.', 'Que no ha quedado acreditado, plenamente que al solicitarse la Libertad Condicional a favor del sentenciado Marco Gamarra Béjar, se haya indicado que éste fue instruido por el Vigésimo Sexto Juzgado en lo Penal de Lima y que era el único proceso abierto que tenía, ya que no corre el expediente para la Libertad Condicional.', 'Estos hechos han inducido a error, no punible, al magistrado accionado. [...]', 'Que además el Magistrado accionado ha sido inducido a error por los informes que le hace el Instituto Nacional Penitenciario, tal como consta de fojas seis, siete y ocho del cuaderno de nulidad, informes que a la vez son elaborados a base de datos equivocados, como se desprende de la copia del oficio de fojas ocho.']"
00187-1995-HC,https://tc.gob.pe/jurisprudencia/1996/00187-1995-HC.pdf,data\sentencia-Extract\1996\sentencia-pdf-1996.csv,Proceso de Habeas Corpus,,Infundada,"['Que, ha quedado acreditado que el agraviado ha sido detenido en base a una denuncia policial, a los efectos de ser investigado por la comisión de un ilícito penal, por lo que la autoridad actuó en este caso, en estricta observación de la función preventiva del delito que le encarga el artículo 166° de la Constitución del Estado.', 'Que, por otra parte, tampoco se ha transgredido el artículo 2° inciso 24, literal f) de la misma Norma Fundamental, ya que según consta de la diligencia de constatación de fojas cinco y de la papeleta de detención de fojas nueve, la investigación llevada a efecto aún no había rebasado el término de veinticuatro horas.']"
00157-1995-HC,https://tc.gob.pe/jurisprudencia/1996/00157-1995-HC.pdf,data\sentencia-Extract\1996\sentencia-pdf-1996.csv,Proceso de Habeas Corpus,,Improcedente,"['Que, habiendo optado el afectado por la vía ordinaria para hacer cesar la amenaza a los mismos derechos constitucionales que se pretende cautelar en la presente Acción de garantía, ésta resulta improcedente. [...]', 'Que no ha quedado acreditado que don Federico Zenón Hinostroza Minaya haya sido víctima de secuestro alguno ya que no indica la fecha ni lugar donde permaneció secuestrado. Igualmente, no se señala fecha ni lugares donde se le haya coactado su derecho de transitar libremente a don Federico Zenón Hinostroza Minaya.', 'Que los accionantes, no indican, ni señalan por qué son ellas las que accionan y no el mismo interesado, ni qué impedimentos tenga don Federico Zenón Hinostroza Minaya para interponer esta Acción.']"
00188-1995-AA,https://tc.gob.pe/jurisprudencia/1996/00188-1995-AA.pdf,data\sentencia-Extract\1996\sentencia-pdf-1996.csv,Proceso de Amparo,,Improcedente,"['Que, del análisis del expediente se desprende que el asunto se reduce a cuestionar la inaplicación del Decreto de Urgencia N° 118-94 para efecto del reajuste de las bonificaciones especiales que venía percibiendo en mérito al Decreto de Urgencia 80-94; Que, el Decreto de Urgencia 80-94 en su artículo sexto señala que los trabajadores que no percibieron la bonificación dispuesta por el Decreto Supremo 081-93-EF, así como los servidores administrativos de las Sociedades de Beneficencia Pública (segundo grupo), recibirán a partir del primero de octubre de mil novecientos noventa y cuatro una bonificación especial. Asimismo el Decreto de Urgencia N° 118-94 que obra a fojas cinco, establece un reajuste a favor de los trabajadores asistenciales del Ministerio de Salud y sus Instituciones Públicas descentralizadas, Sociedades de Beneficencia Pública (segundo grupo), entre otros, de la bonificación especial a que se refiere el Decreto de Urgencia 80-94, de acuerdo a ciertas especificaciones; Que, a fojas sesenta y siete, aparece el anexo cuatro de las normas del Proceso Presupuestario de mil novecientos noventa y cuatro, donde se señala a las Sociedades de Beneficencia Pública del primer y segundo grupo, apareciendo que la Sociedad de Beneficencia, pertenece al primer grupo; Que, por las anteriores consideraciones, se desprende que es taxativo y excluyente el texto de los dos dispositivos referidos, los mismos que únicamente consideran al personal de trabajadores de las Sociedades de Beneficencia Pública que están enmarcados en el segundo grupo; Que, el error de la beneficencia en interpretar el Decreto de Urgencia N° 80-94, no genera derecho y la inaplicación del Decreto de Urgencia N° 118-94, no significa violación o amenaza de violación de ningún derecho constitucional; Que, de autos no está probado que se haya violado los derechos de los recurrentes, sino que la beneficencia ha interpretado erróneamente el Decreto de Urgencia N° 80-94, al haberles abonado a los recurrentes la bonificación especial sin que les correspondiera; Que, la demanda no está contemplada en ninguno de los supuestos que dispone la Ley 23506 para acoger el amparo.']"
00255-1995-HC,https://tc.gob.pe/jurisprudencia/1996/00255-1995-HC.pdf,data\sentencia-Extract\1996\sentencia-pdf-1996.csv,Proceso de Habeas Corpus,"La acción es planteada contra cinco miembros de la Delegación Policial de Lince, por haber transgredido su derecho al libre transito dentro del territorio, así como por el seguimiento policial de que son objeto por parte de dichos efectivos policiales. Admitida la acción y cumplidos los tramites de ley, el 25 ° Juzgado Especializado en lo Penal expide resolución declarando fundada la acción , al considerar que el actor Guerrero Romero en momentos en que se estacionaba frente a su domicilio el vehículo de placa N.° FQ-4230 de propiedad de Aurelio Almoguer, fue intervenido por los efectivos policiales de la delegación de lince, manifestándole que dicho vehículo se encontraba con orden de captura por concepto de una papeleta municipal, incautándole la tarjeta de propiedad y su licencia de conducir; que la citada licencia de conducir constituye un instrumento publico según el articulo ciento trece del Decreto Legislativo numero cuatrocientos veinte, y por lo tanto no puede ser requisada, salvo los casos previstos en el articulo ciento once del mismo decreto legislativo, dentro de los cuales no se encontraba el actor, debiendo entonces limitarse la acción policial únicamente al vehículo: que no se justifica que, para ejecutar dicha orden de captura, los efectivos policiales pretendan obligar al conductor a que traslade el referido vehículo hasta el local de la delegación; y que al haberse negado los recurrentes al citado traslado se les ha confeccionado un atestado por delito de violencia y resistencia a la autoridad, incluyendo una requisitoria contra los mismos, hecho que constituye un típico caso de abuso de autoridad. Interpuesto recurso de apelación, la Décima Tercera Sala Penal revoca la recurrida considerando, fundamentalmente, que la intervención policial se debió a un operativo ordenado por la alta superioridad y que el vehículo conducido por el demandante se encontraba con orden, no constituyendo aquello amenaza o violación a la libertad individual, motivo por el que declara infundada la acción, contra los demandantes Armando Guerrero, y Aurelio Almoguer interponen recurso de nulidad, por lo que de conformidad con los dispositivos legales vigentes se dispone la remisión de los autos al Tribunal Constitucional. FUNDAMENTOS: 1. De autos aparece que el recurrente Armando Dante Guerrero Romero, mientras se encontraba estacionado frente a su casa el vehículo de placa N.° FQ- 4230, de propiedad de don Aurelio Almoguer Solano fue intervenido por personal policial de la Delegación de Lince, quien al tiempo de informarle que el citado automóvil se encontraba con orden de captura por razones municipales, procedió a requisarle tanto la tarjeta de propiedad del vehículo como de su licencia de conducir. 2. El hecho de la policía haya incautado los documentos antes citados, particularmente la licencia de conducir, supone una limitación a su titular al derecho de libre transito, dentro y fuera del territorio nacional, manejando cualquier otro vehículo en forma regular 3. Por otra parte, el personal policial pretendió obligar a don armando guerrero Romero a que condujera el vehículo intervenido al local de la delegación, hecho que aunque no se llego a meterializar, al haber manifestado también el propietario don Aurelio Almoguer su oposición , tal acción constituye una evidente intención compulsiva contra la libertad individual en perjuicio del primero de los mencionados, acción que es distinta y separable de la medida de captura del automóvil. 4. No resulta aceptable la versión de los emplazados de que no existió hostigamiento o seguimiento policial, por cuanto de autos consta que, a causa de la negativa de los actores a movilizar el vehículo intervenido , aquellos han confeccionado el atestado N.° 245-95 JAP 08- DPL -SIDF por supuesto delito contra la administración publica, obrante de fojas once a quince, sin participación alguna de los actores, remitido el dos de junio de mil novecientos noventa y cinco a la 24 ° Fiscalía Penal Provincial de Lima , en cuyo literal VI A) determina que: "" una vez sean habidos serán puesto a disposición de su despacho"" dado que ello supone el libramiento de una medida de seguimiento policial, detención y remisión física de amabas personas a la Fiscalía Provincial mencionada, y una amenaza potencial a su libertad individual de los demandantes. 5. De conformidad con los incisos nueve y quince del articulo doce de la Ley veintitrés mil quinientos seis, y demás considerativas de la sentencia expedida por el 25° Juzgado Especializado en lo Penal de Lima, el Tribunal Constitucional, haciendo uso de las atribuciones que le confieren la Constitución del Estado y su Ley Orgánica:",Fundada,"['2. El hecho de la policía haya incautado los documentos antes citados, particularmente la licencia de conducir, supone una limitación a su titular al derecho de libre transito, dentro y fuera del territorio nacional, manejando cualquier otro vehículo en forma regular.', '3. Por otra parte, el personal policial pretendió obligar a don armando guerrero Romero a que condujera el vehículo intervenido al local de la delegación, hecho que aunque no se llego a meterializar, al haber manifestado también el propietario don Aurelio Almoguer su oposición, tal acción constituye una evidente intención compulsiva contra la libertad individual en perjuicio del primero de los mencionados, acción que es distinta y separable de la medida de captura del automóvil.', '4. No resulta aceptable la versión de los emplazados de que no existió hostigamiento o seguimiento policial, por cuanto de autos consta que, a causa de la negativa de los actores a movilizar el vehículo intervenido, aquellos han confeccionado el atestado N.° 245-95 JAP 08-DPL -SIDF por supuesto delito contra la administración publica, obrante de fojas once a quince, sin participación alguna de los actores, remitido el dos de junio de mil novecientos noventa y cinco a la 24° Fiscalía Penal Provincial de Lima, en cuyo literal VI A) determina que: "" una vez sean habidos serán puesto a disposición de su despacho"" dado que ello supone el libramiento de una medida de seguimiento policial, detención y remisión física de amabas personas a la Fiscalía Provincial mencionada, y una amenaza potencial a su libertad individual de los demandantes.']"
00230-1995-HC,https://tc.gob.pe/jurisprudencia/1996/00230-1995-HC.pdf,data\sentencia-Extract\1996\sentencia-pdf-1996.csv,Proceso de Habeas Corpus,,Improcedente,"['2. En el referido procedimiento, ventilado ante el Quinto Juzgado Especializado en lo Penal de Lima, no se ha detectado ninguna anomalía procesal, al haberse observado los trámites y plazos que señala la Ley de Extradición N° 24710, e inclusive el interesado ha hecho uso de los derechos que la ley procesal le franquea, conforme consta de lo actuado de fojas diez a diecisiete.', '3. Tratándose de un proceso regular, del cual tomó oportuno conocimiento directo la Corte Superior de Lima, el veintisiete de junio de mil novecientos noventa y cinco, conforme consta a fojas cuarenta y tres, deviene en aplicable el inciso 2) del artículo 6° de la Ley N° 23506.', '4. Finalmente, el fundamento de su reclamo que sirve de base al Habeas Corpus interpuesto, tampoco está contemplado en ninguno de los supuestos previstos por el artículo 12° de la Ley N° 23506.']"
00059-1995-AA,https://tc.gob.pe/jurisprudencia/1996/00059-1995-AA.pdf,data\sentencia-Extract\1996\sentencia-pdf-1996.csv,Proceso de Amparo,,Fundada,"['Que, de los actuados ha quedado acreditado que la pensión de jubilación otorgada al actor por resolución diecinueve mil quinientos cincuenta y nueve-noventa y dos-PJ-DZP-SGP-GDA-IPSS, fue rebajada en su monto en virtud de la Directiva cero veintidós-DE-IPSS-noventa y dos, vulnerando este hecho el derecho constitucional a la seguridad social que el Estado reconoce a todas las personas y que no puede ser modificada o alterada por una simple directiva de 1992 aplicada retroactivamente al momento del cese de funciones del accionante en 1991; que, la entidad agresora al haber dispuesto la disminución efectiva del monto de la pensión del actor, sin posibilidad de que éste pueda recurrir a la instancia administrativa pertinente a fin de enervar dicha medida, ocasionó la definitoriedad de la agresión haciendo inexigible el agotamiento de las vías previas, de conformidad con el artículo veintiocho, inciso primero, de la Ley de Hábeas Corpus y Amparo; que, las pruebas aportadas por el actor como son las boletas de pago de setiembre de mil novecientos noventa y dos y de marzo de mil novecientos noventa tres demuestran que la agresión a sus derechos fue de ejecución continuada, por tanto, de conformidad con el artículo veintiséis de la Ley veinticinco mil trescientos noventa y ocho, el plazo de caducidad de la Acción no había vencido al momento de interponer la presente Acción; por estas consideraciones este Tribunal.']"
00056-1995-AA,https://tc.gob.pe/jurisprudencia/1997/00056-1995-AA.pdf,data\sentencia-Extract\1997\sentencia-pdf-1997.csv,Proceso de Amparo,,Infundada,"['Que, en el presente caso, es de precisar que la consecuencia jurídica esencial de la nulidad, en el ordenamiento jurídico peruano, es que convierte al acto respectivo en ineficaz desde el inicio. Esto significa que ninguna de las partes puede pretender cosa alguna de la otra basándose en el acto inválido, por lo tanto, este acto nulo no produce consecuencias jurídicas que lo puedan convalidar, quedando así insubsistente la relación laboral invocada y sin fundamento el derecho a la estabilidad laboral reclamado.', 'Que, habiendo sido declarada improcedente la Acción por la instancia ordinaria por considerar que la vía de la Acción de Amparo no es la idónea, y que debió recurrirse al procedimiento contencioso administrativo para dilucidar los hechos demandado, este Tribunal considera, por el contrario, que el proceso constitucional previsto por la Ley veintitrés mil quinientos seis, es el adecuado para ventilar una controversia de esta naturaleza.']"
00135-1995-AA,https://tc.gob.pe/jurisprudencia/1997/00135-1995-AA.pdf,data\sentencia-Extract\1997\sentencia-pdf-1997.csv,Proceso de Amparo,,Improcedente,"['Que, las irregularidades presuntamente cometidas en un proceso, por sí no lo convierte en irregular, más aún si estas irregularidades, al amparo de lo dispuesto en el artículo 10° de la Ley 25398, pueden haber sido corregidas y subsanadas dentro del mismo proceso, utilizando los recursos y medios que las normas pertinentes establecen.', 'Que, al amparo del inciso 2° del artículo 6° de la Ley N° 23506, concordante con el artículo 10° de la Ley N° 25398, no se puede enervar la validez y los efectos de resoluciones judiciales dictadas por el Organo Jurisdiccional competente, y emanadas de un procedimiento regular, dentro del cual el accionante debió hacer valer los recursos legales que las normas procesales establecen.']"
00190-1995-AA,https://tc.gob.pe/jurisprudencia/1997/00190-1995-AA.pdf,data\sentencia-Extract\1997\sentencia-pdf-1997.csv,Proceso de Amparo,,Improcedente,"['Que, del petitorio de la demanda se desprende que el objeto de ésta es que se declare la nulidad de la elección del Rector de la Universidad Privada de Tacna, Segundo Vargas Tarrillo, tras haberse efectuado ésta al amparo del Estatuto de la Universidad, que, se alega, en algunas de sus disposiciones, transgrede la Ley 23733, Ley Universitaria. Que, siendo ello así, la pretensión de la entidad actora debe desestimarse, ya que: a) la Acción de Amparo, que es un proceso constitucional destinado a proteger los derechos constitucionales no susceptibles de tutela mediante el Hábeas Corpus o el Hábeas Data, no es la vía procesal idónea donde la entidad actora pueda impugnar, en forma abstracta, la preservación del principio de jerarquía de nuestro sistema de fuentes, que se prevé en el artículo 51° de la Constitución, y que la entidad actora estima como acto lesivo; b) de conformidad con el artículo 2° de la Ley 23506, la Acción de Amparo procede en los casos en que se violen o amenacen los derechos constitucionales por acción o por omisión de actos de cumplimiento obligatorio, que en el caso de autos no acontece, pues a la entidad actora, en tanto persona jurídica, no le es extensivo el reconocimiento del derecho de acceder por elección a los órganos de gobierno de la Universidad Privada de Tacna, entre ellos al de Rector, que sólo se reconoce a las personas naturales.']"
00156-1995-HC,https://tc.gob.pe/jurisprudencia/1997/00156-1995-HC.pdf,data\sentencia-Extract\1997\sentencia-pdf-1997.csv,Proceso de Habeas Corpus,,Improcedente,"['Que este Tribunal en aplicación del artículo cincuenta y seis de su Ley Orgánica ha recibido el informe número cero setenta y dos-noventa y seis-INPEDRS/ORP, en el que se da cuenta de que el actor se encuentra en libertad desde el veintiuno de noviembre de mil novecientos noventa y cinco, al habérsele otorgado el beneficio de libertad incondicional.']"
00251-1995-HC,https://tc.gob.pe/jurisprudencia/1997/00251-1995-HC.pdf,data\sentencia-Extract\1997\sentencia-pdf-1997.csv,Proceso de Habeas Corpus,,Improcedente,"['2. Que no obstante ser esta Acción especialísima y de trámite inmediato, no puede interferir ni menoscabar el ejercicio de la jurisdicción ordinaria, de alli que en armonía con los literales a) y b) del artículo dieciséis de la Ley veinticinco mil trescientos noventa y ocho, la Acción de Hábeas Corpus deviene improcedente en los casos en que, como el de autos, el sujeto activo de la relación procesal se haya sometido a juicio por los hechos supuestamente delictivos que originan la presente Acción, proceso de mayor amplitud en el cual el ejercicio de sus derechos a la legítima defensa y a la instancia plural se encuentran expeditos, con el control y la garantía procesal de las partes involucradas, con sujeción a ley y ante Juez competente.', '3. Que de las instumentales de fojas diez a treinta y uno consta que en reiteradas veces la accionante ha sido declarada contumaz, habiéndosele ordenado su captura debido a sus inconcurrencias al juicio oral, tratándo de dilatar también el proceso mediante escritos de recusación, ocasionando que se declaren nulos los debates orales, y se autorice el allanamiento para lograr su comparecencia, antes de que la Tercera Sala Penal varíe el mandato de comparecencia por el de detención.', '4. Que el análisis que pretende la accionante de las instrumentales que son materia de incriminación, comporta la Acción valorativa del juez competente dentro del entorno integral del expediente a su cargo, mas no aisladamente en esta Acción de garantía de trámite inmediato y fulminante.']"
00191-1995-HC,https://tc.gob.pe/jurisprudencia/1997/00191-1995-HC.pdf,data\sentencia-Extract\1997\sentencia-pdf-1997.csv,Proceso de Habeas Corpus,,Improcedente,"['3. En todo caso, si hubiesen defectos de orden procesal, ellos se impugnan en el mismo proceso, mas no tratando de ejercer presión mediante esta Acción de Hábeas Corpus, para que una instancia del órgano jurisdiccional se pronuncie en tal o cual sentido, ni para que se le obligue a revisar ambos cuadernos de semi\xadlibertad en forma prematura, esto es, interfiriendo la decisión de la Sala Penal de la Corte Suprema.', '4. Tratándose de un proceso absolutamente regular es de aplicación el inciso segundo del artículo 6º de la Ley Nº 23506.']"
00194-1995-AA,https://tc.gob.pe/jurisprudencia/1997/00194-1995-AA.pdf,data\sentencia-Extract\1997\sentencia-pdf-1997.csv,Proceso de Amparo,,Fundada,"['1. Considerando: Que, conforme consta de las instrumentales obrantes de fojas cuatro a catorce de autos, los actos practicados por la administración amenazaban con violar los derechos de la actora; que, de lo expuesto en la segunda parte del petitorio de la demanda, se advierte que, desde enero de mil novecientos noventa y tres, está privada de su derecho de pensión, circunstancia atentatoria a la vida y salud de la recurrente y su familia, por el carácter de alimentario de las pensiones; que, estando en trámite la presente demanda, la administración resuelve declarar la nulidad de la resolución directoral que la incorporó al régimen del Decreto Ley Nº 20530, cuando ya se habían superado, con exceso, los seis meses contemplados en el artículo 110º del Decreto Supremo Nº 02\xad94\xadJUS.']"
00077-1995-AA,https://tc.gob.pe/jurisprudencia/1997/00077-1995-AA.pdf,data\sentencia-Extract\1997\sentencia-pdf-1997.csv,Proceso de Amparo,,Improcedente,"['2. Para el caso no son las acciones de garantía el remedio jurisdiccional, ya que éstas están destinadas a cautelar las garantías constitucionales de la persona, en tal sentido, no se puede pretender mediante la presente Acción desconocer la validez y efectos legales de una resolución judicial, como es la ejecutoria suprema cuestionada por la actora; consecuentemente, al derivar la presente Acción de la secuela de un proceso regular resulta de aplicación el inciso 2) del artículo 6º de la Ley Nº 23506, que a la letra dice: «no procede las acciones de garantía; contra resolución judicial emanada de un proceso regular», y, el segundo párrafo del artículo 10º de la Ley Nº 25398 que a la letra dice: «... no podrá, bajo ningún motivo, detenerse mediante una Acción de garantía, la ejecución de una sentencia contra la parte vencida en un proceso regular».']"
00178-1995-AA,https://tc.gob.pe/jurisprudencia/1997/00178-1995-AA.pdf,data\sentencia-Extract\1997\sentencia-pdf-1997.csv,Proceso de Amparo,,Infundada,"['3. Que al abrirse un proceso administrativo sumario al demandante, tal como consta a fojas siete, se determinó que William Tello Nole era el responsable de este hecho. Y por versión del propio accionante, de fojas tres y cuatro, el dinero se encontraba en su casa por seguridad.', '4. Que el demandante ha cometido una falta de carácter disciplinario prevista en el artículo 28º, inciso f) del Decreto Legislativo Nº 276, el cual determina que puede ser sancionado, según su gravedad o destituido, previo proceso administrativo.']"
00233-1995-AA,https://tc.gob.pe/jurisprudencia/1997/00233-1995-AA.pdf,data\sentencia-Extract\1997\sentencia-pdf-1997.csv,Proceso de Amparo,,Improcedente,"['1. Que en el caso de autos, la entidad demandante al interponer su demanda, en su petitorio en forma expresa solicita reponer las cosas al estado anterior al once de mayo de mil novecientos noventa y cuatro, fecha en que se traba embargo preventivo en forma de intervención en el Albergue Turístico de Machupichu, sin embargo, la demanda, que corre a fojas cincuenta y siguientes, se presentó ante el Juzgado, con fecha trece de febrero de mil novecientos noventa y cinco y admitida el diecisiete de febrero del mismo año, esto es, ocho meses después; Que estando al tiempo transcurrido, de la fecha en que se produjo la violación del derecho de propiedad afectado a la presentación de la presente demanda se ha operado la caducidad.']"
00119-1995-AA,https://tc.gob.pe/jurisprudencia/1997/00119-1995-AA.pdf,data\sentencia-Extract\1997\sentencia-pdf-1997.csv,Proceso de Amparo,,Fundada,"['3. Que por consiguiente, al haberse conformado por los demandados Humberto Vásquez Meza y Oscar Llapapasca Páucar, una Comisión Electoral paralela, luego de haber sido denunciados ante la Primera Fiscalía Provincial Mixta de Coronel Portillo, por haberse tomado atribuciones que no les correspondía y usurpado funciones, es evidente que están atentando contra los derechos constitucionales de libre elección y participación ciudadana reconocidos en el inciso 17) del artículo 2º de la Constitución Política del Estado.', '4. Que por otra parte, ha quedado acreditado que el interesado Víctor Manuel Chávez Vásquez tenía plena legitimidad para participar en las elecciones de los órganos de Gobierno de la Universidad Nacional de Ucayali, por cuanto al momento de su postulación reunía los requisitos para ser elegido, de conformidad con el artículo 34º de la Ley Universitaria Nº 23733, no encontrándose tampoco impedido de ser Rector según se corrobora con las instrumentales de fojas ciento treinta y seis, ciento treinta y siete, ciento cuarenta y dos, ciento cuarenta y tres, ciento cuarenta y cuatro, ciento cincuenta y ciento cincuenta y uno.', '5. Que en consecuencia, cuando los demandados intentan limitar o prohibir el ejercicio de los derechos correspondientes al mencionado Rector y obtenidos de acuerdo a ley, no sólo vulneran los derechos de libre elección y participación ciudadana anteriormente referidos, sino que también contravienen lo previsto en la última parte del artículo 31º de la Norma Fundamental, convirtiendo en nulos y punibles los actos que realizan.']"
00152-1995-AA,https://tc.gob.pe/jurisprudencia/1997/00152-1995-AA.pdf,data\sentencia-Extract\1997\sentencia-pdf-1997.csv,Proceso de Amparo,,Infundada,"['Considerando: Que, la actora no ha demostrado en autos, que haya ingresado al sector público previo concurso establecido conforme a ley. Que, el artículo 28º del Decreto Supremo 005-90-PCM que reglamenta el Decreto Legislativo Nº 276 -Ley de Bases de la Carrera Administrativa- establece que el ingreso a la Administración Pública se efectúa obligatoriamente mediante concurso, siendo nulo todo acto administrativo que contraviene la disposición.']"
00160-1995-AA,https://tc.gob.pe/jurisprudencia/1997/00160-1995-AA.pdf,data\sentencia-Extract\1997\sentencia-pdf-1997.csv,Proceso de Amparo,,Infundada,"['2. Habiendo cobrado el actor un monto por concepto de impuestos, dicha suma no le pertenece al actor, pues como consecuencia de tal cobranza, el demandante adquirió la condición de agente de percepción del tributo, consecuentemente, responsable de entregarlo a la autoridad correspondiente, tal como lo señala el artículo 10º del Código Tributario. No obstante la Municipalidad demandada, nunca debió inducir a error al demandante sellando los boletos con un valor donde se incluía impuestos y haciéndolo comprometer -vía documento que obra a fojas 43- a pagar y/o recaudar un tributo de un espectáculo que estaba exonerado.', '3. Que, la entidad demandada ha procedido ha cobrar al demandante -agente de percepción del tributo- en pleno ejercicio de sus atribuciones, en tal sentido, no existe vulneración de alguno de los derechos constitucionales del actor, consecuentemente, carece de sustento la demanda.']"
00036-1995-AA,https://tc.gob.pe/jurisprudencia/1997/00036-1995-AA.pdf,data\sentencia-Extract\1997\sentencia-pdf-1997.csv,Proceso de Amparo,,Improcedente,"['[...] Que, en el caso de autos, tal condición, de ser titular del derecho de propiedad sobre el inmueble respecto del cual se ha practicado la demolición considerada como lesiva al derecho constitucional, no aparece determinada de manera cierta e inequívoca, ya que se ha generado la discusión sobre la propia validez del título conforme al cual el actor alega haber adquirido dicho inmueble, al mismo tiempo que la entidad accionada ha acreditado en autos la inscripción en los registros públicos de Chincha del cambio de uso, de uno rústico a urbano, que se habría realizado, entre otros predios, del que el actor alega ostentar en propiedad, donde se precisa en calidad de pasaje del terreno donde se generó la demolición, según se está a los documentos obrantes a fojas cuarenta y cuarenta y uno. Que, asimismo, según es de apreciarse de autos, la escritura pública de compraventa, conforme a la cual el actor habría obtenido en propiedad el inmueble donde se practicó la demolición, es de fecha posterior al certificado literal especificado en el fundamento jurídico anterior, ya que tiene por fecha de realización del acto jurídico el dieciséis de enero de mil novecientos noventa, mientras que el certificado literal de cambio de uso, de rústico a urbano, es de fecha treinta de marzo de mil novecientos ochenta y uno. Que, todos estos hechos, llevan a este Colegiado a estimar que, dada la naturaleza sumarísima del proceso de Amparo, donde se encuentra vedado, la dilucidación de situaciones controvertibles donde la determinación de la violación de un derecho constitucional, suponga, necesariamente, el tránsito de una mínima estación probatoria, impide que este Tribunal Constitucional, en forma objetiva y responsable, pueda pronunciarse sobre extremos de la litis, según se está a lo dispuesto por el artículo 13º de la Ley Nº 25398º. Que, en ese sentido, el objeto del Amparo, que es el de reponer las cosas al estado anterior a la violación o amenaza de violación de un derecho constitucional, sólo puede alcanzar su finalidad allí donde el acto lesivo se exprese en forma clara, y la determinación de la titularidad del derecho constitucional del quejoso, aparezca inequívocamente determinada.']"
00111-1995-AA,https://tc.gob.pe/jurisprudencia/1997/00111-1995-AA.pdf,data\sentencia-Extract\1997\sentencia-pdf-1997.csv,Proceso de Amparo,,Improcedente,"['1. De autos se aprecia que la demandante pretende mediante la presente Acción establecer la procedencia de su reincorporación al Régimen Previsional del D.L. Nº 20530, consecuentemente, se establece con meridiana claridad que no es la vía procedimental de las acciones de garantía la adecuada para dilucidar un aspecto litigioso como el de autos; máxime, si el mismo está dirigido a discernir sobre los alcances de un derecho, es decir, no sobre la vulneración cierta y de eminente realización de un derecho constitucional.', '2. Para mayor abundamiento, fluye de autos que existe un proceso contencioso-administrativo en giro, interpuesto por la entidad demandada, que tiene como propósito establecer la procedencia de la reincorporación de la actora conjuntamente con otro grupo de trabajadores al Régimen Previsional del D.L. 20530, es decir, también es improcedente la presente Acción en razón de que no se puede acudir paralelamente a la vía del Amparo.']"
00082-1995-AA,https://tc.gob.pe/jurisprudencia/1997/00082-1995-AA.pdf,data\sentencia-Extract\1997\sentencia-pdf-1997.csv,Proceso de Amparo,,Improcedente,"['[…] Que por consiguiente, el hecho de que el demandante de la presente causa, haya sido explícitamente beneficiado por la Ley Nº 26479 por estar comprendido dentro de los alcances del artículo 2º y complementariamente por los artículos 4º y 6º ha convertido su reclamo en improcedente al haber operado la sustracción de materia de conformidad con el inciso 1) del artículo 6º de la Ley Nº 23506, motivo por el que este Colegiado ya no necesita pronunciarse sobre el fondo de la causa.']"
00035-1995-AA,https://tc.gob.pe/jurisprudencia/1997/00035-1995-AA.pdf,data\sentencia-Extract\1997\sentencia-pdf-1997.csv,Proceso de Amparo,,Improcedente,"['Que, conforme fluye del petitorio de la demanda, el objeto de ésta es que la entidad demandada suspenda los actos de demolición que se vendrían realizando contra el inmueble de propiedad del actor, y se restablezcan, al estado anterior de la violación, sus derechos constitucionales. Que, en ese sentido, entiende este Colegiado que, para poder entrar a dilucidar si la realización de un acto de la entidad demandada, como es la demolición que ha sido practicada, pueda o no ser caracterizada de lesiva a un derecho constitucional, como es el de propiedad, es exigible que, previamente, el actor acredite de manera cierta e inequívoca la condición de ser titular del derecho que se estima conculcado o amenazado de violarse. Que, en el caso de autos, tal condición, de ser titular del derecho de propiedad sobre el inmueble respecto del cual se ha practicado la demolición considerada como lesiva al derecho constitucional, no aparece determinada de manera cierta e inequívoca, ya que se ha generado la discusión sobre la propia validez del título conforme al cual el actor alega haber adquirido dicho inmueble, al mismo tiempo que la entidad accionada ha acreditado en autos la inscripción en los registros públicos de Chincha del cambio de uso, de uno rústico a urbano, que se habría realizado, entre otros predios, del que el actor alega ostentar en propiedad, donde se precisa en calidad de pasaje del terreno donde se generó la demolición, según se está a los documentos obrantes a fojas treinta y siete y treinta y ocho. Que, asimismo, según es de apreciarse de autos, la escritura pública de compra venta, conforme a la cual el actor habría obtenido en propiedad el inmueble donde se practicó la demolición, es de fecha posterior al certificado literal especificado en el fundamento jurídico anterior, ya que tiene por fecha de realización del acto jurídico el veintisiete de noviembre de mil novecientos ochenta y siete, mientras que el certificado literal de cambio de uso, de rústico a urbano, es de fecha treinta de marzo de mil novecientos ochenta y uno. Que, todos estos hechos, llevan a este Colegiado a estimar que, dada la naturaleza sumarísima del proceso de Amparo, donde se encuentra vedado la dilucidación de situaciones controvertibles donde la determinación de la violación de un derecho constitucional, suponga, necesariamente, el tránsito de una mínima estación probatoria, impide que este Tribunal Constitucional, en forma objetiva y responsable, pueda pronunciarse sobre extremos de la litis, según se está a lo dispuesto por el artículo 13° de la Ley N° 25398. Que, en ese sentido, el objeto del Amparo, que es el de reponer las cosas al estado anterior a la violación o amenaza de violación de un derecho constitucional, sólo puede alcanzar su finalidad allí donde el acto lesivo se exprese en forma clara, y la determinación de la titularidad del derecho constitucional del quejoso, aparezca inequívocamente determinada.']"
00085-1995-AA,https://tc.gob.pe/jurisprudencia/1997/00085-1995-AA.pdf,data\sentencia-Extract\1997\sentencia-pdf-1997.csv,Proceso de Amparo,,Fundada,"['Que, la decisión de la demandada de no reincorporar al actor al Régimen de Pensiones normado por el Decreto Ley N° 20530, se concretó cuando el actor cesó en su trabajo en ENTEL PERU; en enero de 1992, habida cuenta que desde dicho momento, y en forma continua, no se le reconoció el pago de su pensión conforme norma pensionaria acotada; por lo que es de aplicación el artículo 26°, segundo párrafo, de la Ley N° 25398 que señala que si los actos que constituyen la afectación son continuados, el plazo de caducidad se computa desde la última fecha en que se realizó la agresión, en consecuencia, la interposición de esta Acción de Amparo resultaba procedente, que, de otro lado, del análisis de los autos se comprueba fehacientemente que resultaba procedente la reincorporación del demandante al Régimen de Pensiones previsto por el Decreto Ley N° 20530, al amparo de la Ley N° 25273, por cuanto el actor cumplía con los requisitos taxativamente establecidos por dicha ley, esto es, que entró a prestar servicios al Sector Público bajo el régimen de la Ley N° 11377, antes del 12 de julio de 1962, se hallaba comprendido en la Ley de Goces de 1850, estaba laborando sin solución de continuidad en una empresa del Estado, y venía aportando sus cuotas al fondo de pensiones a cargo del Estado, situación que no ha sido desvirtuada por la demandada, que, si bien la demandada niega el derecho de reincorporación solicitado por el actor, en base a la interpretación de diversas normas legales citadas en la contestación de la demanda, y relacionadas a los alcances de la Ley N° 25273, este Colegiado considera que las argumentaciones legales de la emplazada no enervan el derecho de reincorporación adquirido por el actor al amparo de la acotada Ley N° 25273, por cuanto aceptar dicho predicamento significaría desconocer derechos y principios laborales de jerarquía constitucional contenidos en los artículos 42° y 57° de la Constitución de 1979, y en el artículo 26°, incisos 2) y 3) de la vigente Constitución, que hacen referencia al carácter irrenunciable de los derechos reconocidos a los trabajadores por la Constitución y la ley, así como la interpretación más favorable al trabajador sobre el sentido de las normas en materia laboral, por estos fundamentos, el Tribunal Constitucional, en ejercicio de la atribuciones conferidas por la Constitución Política del Estado y su Ley Orgánica.']"
00219-1995-AA,https://tc.gob.pe/jurisprudencia/1997/00219-1995-AA.pdf,data\sentencia-Extract\1997\sentencia-pdf-1997.csv,Proceso de Amparo,,Improcedente,"['Que, el inciso 2) del Artículo 6° de la Ley N° 23506, señala que no proceden las acciones de garantía, contra resoluciones judiciales emanadas de un procedimiento regular; precepto que es concordante con el del artículo 10° de la Ley N° 25398, que dispone que las anomalías que pudieran cometerse dentro de un procedimiento regular, deberá resolverse y ventilarse dentro del mismo, mediante el ejercicio de los recursos que las normas procesales establecen.', 'Que, la resolución de la Segunda Sala Laboral de la Corte Superior de Lima, impugnada en la presente acción, fue expedida en un procedimiento regular en el que las partes tuvieron acceso a todos los recursos que la Ley prevé para un debido proceso ante los órganos jurisdiccionales.']"
00161-1995-AA,https://tc.gob.pe/jurisprudencia/1997/00161-1995-AA.pdf,data\sentencia-Extract\1997\sentencia-pdf-1997.csv,Proceso de Amparo,,Improcedente,"['Que, dicho Reglamento, hoy denominado Ley de Normas Generales de Procedimientos Administrativos merced a la Ley N° 26111, tiene un Texto Unico Ordenado aprobado por el Decreto Supremo N° 02-94-JUS, cuyo artículo 100° establece, que la vía administrativa queda agotada con la resolución expedida en segunda instancia, vale decir, resolviendo el recurso de apelación.', 'Que, la demandante solamente interpuso recurso de reconsideración que fue declarado improcedente mediante la acotada Resolución de Alcaldía N° 190-AMDT-92; por consiguiente, no agotó la vía previa según lo establece el artículo 27° de la Ley N° 23506.']"
00198-1995-AA,https://tc.gob.pe/jurisprudencia/1997/00198-1995-AA.pdf,data\sentencia-Extract\1997\sentencia-pdf-1997.csv,Proceso de Amparo,,Improcedente,"['2. Versando la acción sobre un aspecto litigioso, en el cual se trata de discernir sobre la validez de una junta general, así como sobre la condición o naturaleza legal de la misma, si la exclusión o separación de los accionistas fue realizada conforme al estatuto y a la Ley General de Sociedades y sobre otros aspectos concomitantes que emergen de los medios de prueba aportados en autos; ellos deben ventilarse a través de un proceso común, máxime, si el artículo 143 in límine de la Ley General de Sociedades regula específicamente el procedimiento de impugnaciones a los acuerdos de las Juntas Generales de Accionistas, por ello, no es la vía de amparo de naturaleza excepcional y breve, en la que no hay estación de prueba ni debate sobre los medios probatorios, la idónea para conocer sobre la presente acción.']"
00038-1995-AA,https://tc.gob.pe/jurisprudencia/1997/00038-1995-AA.pdf,data\sentencia-Extract\1997\sentencia-pdf-1997.csv,Proceso de Amparo,,Improcedente,"['Que, según lo establece el artículo 14°, inciso b) de la citada Ley N° 20530, no son acumulables los servicios prestados al Sector Público bajo el régimen laboral de la actividad pública, con los prestados al mismo Sector bajo el régimen laboral de la actividad privada.', 'Que, de conformidad con el segundo parágrafo del artículo 59° de la Carta Magna de 1979, vigente en ese entonces, y el artículo 2° del Decreto Legislativo N° 276, Ley de Bases de la Carrera Administrativa, los trabajadores que prestan servicios en las empresas del Estado, como es el caso del demandante, no están comprendidos en la carrera administrativa, por tanto es improcedente su incorporación o reincorporación al régimen pensionario de la Ley N° 20530.']"
00030-1995-AA,https://tc.gob.pe/jurisprudencia/1997/00030-1995-AA.pdf,data\sentencia-Extract\1997\sentencia-pdf-1997.csv,Proceso de Amparo,,Fundada,"['Que, conforme se desprende del petitorio de la demanda, el objeto de ésta no se encuentra destinada a evaluar la validez constitucional de los Decretos Leyes N° 25446 y 25454, sino los actos concretos de aplicación que, en base a tales dispositivos legales, se aplicaron contra el actor, y que consiste en el cese a partir del veinticuatro de abril de mil novecientos noventa y dos del cargo de Juez del Distrito Judicial de Lima. Que, siendo así y con el objeto de que este Colegiado pueda entrar a dilucidar las cuestiones de fondo que el recurso extraordinario entraña, de manera previa se encuentra obligado a evaluar si el artículo 2° del Decreto Ley N° 25454, que dispone la no procedencia de la Acción de Amparo dirigida a impugnar directa o indirectamente los efectos de la aplicación entre otros, del Decreto Ley N° 25446, era compatible con la Constitución de mil novecientos setenta y nueve, en vigencia al momento de interponerse la demanda según se está a lo dispuesto por el artículo 1° de la Ley Constitucional de fecha seis de enero de mil novecientos noventa y tres. Que, en ese sentido, como ya se ha expresado en la sentencia recaída en el Expediente N° 007-96-I/TC, cuya ratio decidendi formulada en los fundamentos jurídicos N° 6 y 7 constituyen jurisprudencia de obligatorio cumplimiento, según se está a lo dispuesto por la Primera Disposición General de la Ley N° 26435, Orgánica del Tribunal Constitucional, este Colegiado estima que a través de una norma con rango de ley, no se puede impedir a los justiciables el que se impugnen los efectos de aplicación de una norma jurídica, pues ello supondría que el principio de jerarquía de nuestro sistema de fuentes, previsto en los artículos 87° y 236° de la Carta derogada, que se repite en los artículos 51° y segundo párrafo del 138° de la que se encuentra actualmente vigente, simple y sencillamente se desvanezca, además de vulnerar el derecho constitucional a ser oído en un proceso judicial; por lo que, estando a la naturaleza del proceso constitucional de Amparo, y en lo dispuesto por los artículos 3° de la Ley 23506 y 5° de la Ley 25398, dicho artículo 2° del Decreto Ley N° 25454, debe de inaplicarse para el caso de autos. Que, en tal orden de consideraciones, y ya entrando al fondo del asunto, la pretensión del actor debe de estimarse, ya que: a) según es de apreciarse del artículo 3° del Decreto Ley N° 25446, el Gobierno de Emergencia y Reconstrucción Nacional cesó en el cargo de Juez del Distrito Judicial de Lima al actor, en franco desconocimiento del artículo 187° de la Constitución de mil novecientos setenta y nueve que al igual que el artículo 103° de la Carta en actual vigencia, prohíbe que se expidan leyes especiales por razón de la diferencia de personas, como en el caso de autos acontece, b) de conformidad con el artículo 242° de aquella Constitución, una garantía a la cual el Estado se encontraba obligado a respetar a los magistrados integrantes del Poder Judicial, consistía en garantizar su permanencia e inamobilidad en el cargo, mientras observen conducta e idoneidad propias de su función, que en el caso de autos no se ha respetado, ya que el Decreto Ley N° 25446 sin perjuicio de lo anteriormente señalado no expresó las razones que llevaban al Gobierno de Emergencia y Reconstrucción Nacional a cesar en el cargo de Juez del Distrito Judicial de Lima, al actor.']"
00239-1995-AA,https://tc.gob.pe/jurisprudencia/1997/00239-1995-AA.pdf,data\sentencia-Extract\1997\sentencia-pdf-1997.csv,Proceso de Amparo,,Infundada,"['Que, dicha aseveración queda desvirtuada con los documentos fedatados que obran en el expediente a fojas treintitrés a treinticinco, en los que se establece primero, que en las fechas en que aparentemente el profesor Mercedes Alcides Malca Vivas no asistió a su centro de trabajo, éste se encontraba haciendo uso de licencia con goce de haber, correspondiendo dichas inasistencias a su reemplazante, el profesor Freddy Cubas Acosta; y en segundo lugar, que se procedió a la devolución de la suma descontada indebidamente al mencionado profesor Malca, por haber quedado justificadas las faltas descontadas, razón ésta por la que se expidió la resolución impugnada. [...]', 'Que, en su escrito de fojas ciento veintiocho y siguientes, el demandante comunica que los fundamentos de la resolución impugnada no se ajustan a la realidad, porque en ella se dan por ciertos, hechos y fechas que ocurrieron en momentos diferentes a los señalados en la misma, los que deben ser materia de mejor probanza en la vía correspondiente.']"
00234-1995-AA,https://tc.gob.pe/jurisprudencia/1997/00234-1995-AA.pdf,data\sentencia-Extract\1997\sentencia-pdf-1997.csv,Proceso de Amparo,,Fundada,"['1. Que, el Decreto Ley N° 25446, que cesa al demandante, transgrede lo dispuesto en el artículo 242°, inciso segundo, de la Constitución del Estado de 1979, que rige el caso de autos, según el cual el Estado garantizaba a los Magistrados Judiciales su permanencia en el servicio hasta los 70 años y a la inmovilidad de sus cargos, mientras observaran buena conducta e idoneidad propias de su función, así como la Decimotercera Disposición General y Transitoria de la misma Carta Magna en cuanto disponía que ""Ningún Magistrado Judicial es separado de su cargo sin ser previamente citado y oído. La resolución debe expresar los fundamentos en que se sustenta"". [...]', '3. Que, es potestad de este Colegiado, aplicar la norma jurídica pertinente, aunque no haya sido invocada por las partes o lo haya sido erróneamente, como sucede en el presente caso en que el demandante, al interponer su demanda de amparo, invoca inadvertidamente la inconstitucionalidad del Decreto Ley N° 25446, debiendo entenderse como la inaplicabilidad de la misma al caso específico del actor, por lo que de conformidad con lo dispuesto por el artículo 7° de la Ley N° 23506 y el artículo 9 de la Ley N° 25938, concordantes con el principio consagrado en el artículo 7° del Titulo Preliminar del Código Procesal Civil y el articulo 184, inciso segundo, de la Ley Orgánica del Poder Judicial, aplicables al caso sub-júdice, en forma supletoria, según el articulo 63° de la Ley Orgánica de este Tribunal Constitucional. [...]', '5. Que, efectuado el análisis correspondiente este Colegiado, ha llegado ha establecer que en el acto arbitrario de cese del actor, se ha vulnerado los derechos constitucionales del demandante al debido proceso, tipificado en el inciso tercero del artículo 139 de la Carta Magna vigente, concordante con el inciso noveno del artículo 233° de la Constitución de 1979, en rigor para el caso de autos.']"
00032-1995-AA,https://tc.gob.pe/jurisprudencia/1997/00032-1995-AA.pdf,data\sentencia-Extract\1997\sentencia-pdf-1997.csv,Proceso de Amparo,,Infundada,"['Que, como puede observarse, la reclamación presentada a la Municipalidad, lo es con anterioridad a la expedición del correspondiente Certificado de Autorización de Funcionamiento de Establecimientos Comercial, Industrial y/o de Servicios, por lo que puede concluirse que al momento de imponerse las multas por falta de licencia de funcionamiento, los accionantes no contaban con las Licencias correspondientes, por lo que la resolución impugnada en la presente acción, no está violando derecho constitucional alguno de los accionantes, habiéndose limitado la Municipalidad Distrital de La Victoria, a actuar conforme a las atribuciones que le confiere la Ley N° 23853, Ley Orgánica de Municipalidades.']"
00048-1995-AA,https://tc.gob.pe/jurisprudencia/1997/00048-1995-AA.pdf,data\sentencia-Extract\1997\sentencia-pdf-1997.csv,Proceso de Amparo,,Fundada,"['Que igualmente CORPAC, en su condición de empleadora que invoca causas objetivas y particularmente las tipo económico en pretensión de reducción de personal no ha acreditado, ni en los autos del proceso ante la División de Negociaciones Colectivas ni en los del presente proceso de amparo el haber solicitado dictámen a la Comisión Nacional Supervisora de Empresas y Valores (CONASEV), no obstante estar ello expresamente previsto como obligación en el artículo 88 inciso c) del antes citado Decreto Legislativo N° 728.', 'Que, por otra parte en el caso particular del Sindicato Unico de Trabajadores de CORPAC, demandante de la presente causa, es de merituarse que la inobservancia a lo dispuesto por el tantas veces citado artículo 88 del Decreto Legislativo N°728, es todavía más acentuada, por cuanto se ha evidenciado que no se cumplió en momento alguno con el requisito de la notificación previa sobre el proceso de reducción, pese a tratarse de un sindicato formalmente reconocido al interior de CORPAC, conforme fluye de las instrumentales de fojas trescientos sesenta y cinco a trescientos setenta y ocho de los autos del amparo, situación por la que incluso tuvo éste que verse obligado a solicitar su incorporación al proceso ante la División de Negociaciones Colectivas, aunque como se ha visto, sin efecto práctico alguno.', 'Que correlativamente a lo dicho, y aún asumiendo que CORPAC hubiere reconocido por completo, la existencia del sindicato demandante, estaba igualmente obligada, al revés de lo que ocurrió, a notificar de modo directo a los propios trabajadores que no pertenecieran a entidad sindical alguna, informándose al detalle del proceso que estaba por iniciarse, dado que ello también se contempla en el artículo 88, inciso a) del Decreto Legislativo 728 ni en cualquier circunstancia, la única garantía de su defensa.', 'Que, por consiguiente, al no haberse reparado oportunamente en las irregularidades señaladas durante el proceso ante la División de Negociaciones Colectivas, es evidente que en el extremo planteado sobre el sindicato recurrente, la Resolución Directoral N° 148-92- ECR.CALL del dieciséis de octubre de mil novecientos noventa y dos, que resuelve a favor de la pretensión de CORPAC, no puede encontrarse ajustada a derecho como y por consecuencia tampoco lo puede estar la Resolución Directoral N° 187-92-DR-LIM del treinta de octubre de mil novecientos noventa y dos que la ratifica, debiendo por tanto este Colegiado corregir sus efectos hasta donde sea posible.']"
00180-1995-AA,https://tc.gob.pe/jurisprudencia/1997/00180-1995-AA.pdf,data\sentencia-Extract\1997\sentencia-pdf-1997.csv,Proceso de Amparo,,Fundada,"['Que, después de transcurridos dos años y cuatro meses desde la dación de la Ley N° 24253, la Municipalidad de Lima Metropolitana otorga a la Asociación el título de propiedad mediante la suscripción por ante el notario Elías Mujica y Alvarez Calderón de la escritura pública de adjudicación en venta de fecha dos de noviembre de mil novecientos ochentisiete; siendo relevante precisar que pese a disponer la citada Ley que la compra será a plazos, la Asociación cancela la totalidad del precio en el mes de abril del mismo año, vale decir, antes de la suscripción de la escritura de adjudicación en mención. (folio 44 a folio 51).', 'Que, ante una consulta formulada por el Presidente de la Comisión de Vivienda del entonces Senado de la República, el Decano Nacional del Colegio de Ingenieros del Perú la absuelve mediante el Oficio N° 671-90-91-D-CN de fecha trece de mayo del mil novecientos noventiuno, precisando lo siguiente: a) que, en el terreno sublitis la asociación a construído decenas de puestos; b) que, el plazo de cinco años debe computarse a partir del otorgamiento de la Licencia de Construcción; y finalmente, que, la Asociación ha cumplido con la construcción del mercado en el sector que posee, pues el terreno fue invadido por comerciantes informales. (folio 70). La ejecución de las obras precisadas por el citado Decano Nacional, es corroborada por los Regidores de la Municipalidad Distrital de San Juan de Miraflores, cuando en el Oficio N° 258-SR-91 de fecha siete de noviembre de mil novecientos noventiuno, hacen saber que la Asociación construyó 714 puestos y 204 fueron destruídos por manos extrañas (folios 68 y 69).', 'Que, la Ley N° 24253 es estrictamente de carácter social, pues adjudicó el terreno a la Asociación que ya lo poseía desde años atrás, con la finalidad de que regularice dicha tenencia irregular en beneficio de sus asociados.', 'Que, para obtener crédito que permita solventar una obra de construcción, el futuro mutuatario debe acreditar fehacientemente ser propietario del terreno donde ejecutará la obra; y en el presente caso dicho título de propiedad se obtiene el dos de noviembre de mil novecientos ochentisiete; igualmente, para obtener Licencia de Construcción se debe presentar el título de propiedad. Esto importa, que el plazo de cinco años establecido en el artículo cinco de la citada Ley N° 24253 debe computarse recién a partir del momento en que la Asociación adquiere capacidad legal para ejecutar la obra, vale decir, a partir del dos de noviembre de mil novecientos ochentisiete fecha en que se suscribió la escritura pública. [...]', 'Que, de todo lo expuesto se desprende que la Resolución Directoral N° 066-91-VC-5600-DPI de fecha veintiséis de abril de mil novecientos noventiuno, es inoportuna por haber sido dictada durante la vigencia del plazo concedido por la Ley N° 24253, conculcando el derecho de propiedad de la Asociación.']"
00093-1995-AA,https://tc.gob.pe/jurisprudencia/1997/00093-1995-AA.pdf,data\sentencia-Extract\1997\sentencia-pdf-1997.csv,Proceso de Amparo,,Fundada,"['Que, el accionante, antes de la interposición de la demanda de nulidad de resolución, interpuso el correspondiente recurso administrativo, iniciando la vía previa correspondiente, la misma que fue agotada, cuando mediante Resolución Suprema N° 0427-91-IN/PNP del trece de julio de mil novecientos noventiuno, se declaró improcedente dicha petición, quedando de esta manera, expedito el derecho del accionante para hacerlo valer en la vía correspondiente; es así, que dentro del plazo previsto por la Ley N° 23506, Ley de Hábeas Corpus y Amparo, interpone la presente acción. [...]', 'Que, en este sentido, el artículo 36° del mismo Decreto Ley dispone, ""Con el fin de procurar la renovación constante de los Cuadros de Oficiales Policiales y de Servicios, cuando eventualmente, durante el curso del año no se produzcan por las causales de Cesación Definitiva mencionadas en el artículo 29°, el número de vacantes que se estimen necesarias para las diferentes jerarquías, en función del buen servicio, serán invitados por los Directores Generales, previa aprobación del Ministerio del Interior, a solicitar, ineludiblemente, su pase a la Situación de Cesación Definitiva, para cada una de las Instituciones Policiales... De uno a ocho de los Coroneles de la Guardia Civil, Guardia Republicana y Sanidad, Inspectores Superiores de la Policía de Investigaciones del Perú, siempre que tengan en la jerarquía, por lo menos tres años más del tiempo mínimo requerido para el ascenso. Estos Coroneles o Inspectores Superiores serán designados a propuesta del Consejo de Investigación de cada Instituto, constituidos en Junta Calificadora"".', 'Que, en el caso materia de autos, está acreditado que el accionante al momento de ser pasado a retiro por ""Renovación"", recién estaba en su segundo año en el rango de Coronel, sin que se aprecie de los actuados, que se haya cumplido con el requisito de la calificación del Concejo de Investigación de su Institución.', 'Que, en la presente acción, el accionante está impugnando una resolución administrativa de carácter general cuyos efectos lo perjudican, razón por la que inicia el presente proceso para cautelar su derecho fundamental al debido proceso administrativo, de manera tal que del tenor de su demanda se puede apreciar que el efecto buscado por el interesado es que cese la violación del derecho fundamental referido, por lo que en aplicación del artículo 3° de la Ley N° 23506, cabe que este Tribunal declare la inaplicabilidad para el actor, de la resolución impugnada en autos;']"
00089-1995-AA,https://tc.gob.pe/jurisprudencia/1997/00089-1995-AA.pdf,data\sentencia-Extract\1997\sentencia-pdf-1997.csv,Proceso de Amparo,,Infundada,"['Que si bien el demandante alega como fundamento de su reclamo el no haber sido notificado válidamente dentro del proceso administrativo del cual deriva la Resolución Directoral N° 194-AIS-UTES-LPP-DE-92 del veintiuno de octubre mil novecientos noventa y dos y por la que se resuelve destituirle, ha quedado acreditado en autos, conforme a las instrumentales de fojas cincuenta y uno a cincuenta y cuatro que el mismo demandante había consignado como su dirección la misma que pretende haber modificado y que coincide con su legajo personal, sin que por otra parte haya comunicado a la Unidad de Personal de la Unidad Territorial de Salud Lurín-Pachacamac-Pucusana alguna variación o cambio de domicilio tal y como se puede corroborar a fojas cincuenta y cinco.', 'Que por otra parte, tampoco se puede invocar por el demandante la imposibilidad de haber podido ejercitar su derecho de defensa, por cuanto la sola presentación de su recurso de apelación, de fecha once de diciembre de mil novecientos noventa y dos y obrante de fojas tres a cinco demuestra plenamente que aquel sí conoció de la Resolución Directoral referida en el párrafo anterior y tuvo por consiguiente la oportunidad de cuestionar el contenido de la misma, motivo por el que la circunstancia de haberse desestimado posteriormente su pretensión vía la Resolución Directoral N° 008-93-DISURS.II-LS-DG del cinco de febrero de mil novecientos noventa y tres, no puede significar que en el presente caso sea viable la acción constitucional de amparo.']"
00172-1995-AA,https://tc.gob.pe/jurisprudencia/1997/00172-1995-AA.pdf,data\sentencia-Extract\1997\sentencia-pdf-1997.csv,Proceso de Amparo,"El Sindicato demandante interpone su acción sustentando su reclamo en la transgresión de sus derechos constitucionales a percibir una remuneración equitativa y a la vigencia de los convenios colectivos, por parte de la Contraloría General de la República y la Sociedad de Beneficencia de Trujillo. Alega que a pesar que mediante las Actas de Conciliación y Trato Directo suscritas con fecha veinte de enero y doce de agosto de mil novecientos noventa y dos se reconoció la Bonificación por Productividad en favor del personal de la Beneficencia, lo que supone que dicho beneficio se amparo en el derecho a celebrar Pactos Colectivos y adicionalmente, en observancia del inciso c) del artículo 64 de la Ley No. 25388 o Ley de Presupuesto de la República para 1992 que habilitó la procedencia de bonificaciones derivadas de pactos colectivos previstos en el presupuesto correspondiente, criterio que además se volvió a ratificar por el inciso c) del artículo 17 de la Ley No. 25986 o Ley de Presupuesto para 1993, la Sociedad de Beneficencia, de manera unilateral y dando cumplimiento a una orden de la Contraloría, suspendió definitivamente el otorgamiento de la citada bonificación desde el quince de enero de mil novecientos noventa y cinco, habiéndosele comunicado de tal decisión el veintiocho de febrero del mismo año. Puntualiza además que el referido beneficio se les ha otorgado a los trabajadores durante tres años consecutivos por lo que formaba parte de la remuneración permanente de cada trabajador, que por principio tiende a ser ascendente y nunca descendente. Por consiguiente solicita se deje sin efecto la orden de suspensión del beneficio que se les venía otorgándo. Admitida la acción a tramite por el Cuarto Juzgado Especializado Civil de Trujillo se dispone su traslado a los emplazados de acuerdo a ley, siendo absuelta preliminarmente por el Presidente de la Sociedad de Beneficencia de Trujillo, quien contradice la demanda por considerar: Que si bien la bonificación por productividad es resultado de una negociación colectiva entre su despacho y la representación de los trabajadores activos y al amparo de las disposiciones vigentes, no ha transgredido unilateralmente ninguna Convención Colectiva, puesto que su representada cumplidora de las disposiciones superiores y en base a la orden de suspensión del otorgamiento del beneficio reclamado por parte de la Contraloría les comunicó a los amparistas la imposibilidad de seguirles pagando la referida bonificación, lo que no supone violación de normas legales o constitucionales. Así mismo es absuelta la demanda por el Procurador encargado de los Asuntos de la Contraloría General de la República, quien la niega y contradice por estimar: Que la Contraloría actúo de conformidad con sus atribuciones constitucionales y legales y que en ejercicio de las mismas detectó que la Sociedad de Beneficencia había incrementado indebidamente las remuneraciones bajo la denominación de Bonificación por rendimientos y aportes a la productividad y por permanencia fuera del horario normal de trabajo, habiéndose por ello recomendado dejar sin efecto dichos beneficios por ser contrarios a las leyes presupuestarias de austeridad en el gasto público de 1992, 1993 y 1994. Que además, la excepcionalidad a la que se refiere la Ley de Presupuesto es solo para negociar condiciones generales de trabajo, que son las que facilitan la actividad del trabajador y que pueden cubrirse con recursos presupuestales existentes, no pudiéndose considerar en ningún caso, las que impliquen partidas presupuestales adicionales como se dio en los pactos celebrados que son por ello nulos de pleno derecho. De fojas ciento noventa y nueve a doscientos dos y con fecha diecisiete de mayo de mil novecientos noventa y cinco, el Cuarto Juzgado Especializado en lo Civil de Trujillo expide resolución declarando improcedente la acción fundamentalmente por considerar: Que según el Oficio No. 011­95­BET/P es el Directorio de la Sociedad de Beneficencia quien acordó dejar sin efecto el pago de la Bonificación reclamada por haber sido observada por la Contraloría; Que no se constata en los autos que la Contraloría General de la República haya ordenado dejar sin efecto el pago de dicha bonificación, sino únicamente la recomendación de su suspensión; Que el referido conflícto de intereses, no corresponde ventilarse en la vía del amparo, ya que la parte agraviada debe previamente agotar la vía administrativa antes de interponer su demanda y, en todo caso, acudir a la vía ordinaria del fuero de trabajo para efectuar su reclamación, siendo de aplicación el artículo 27 de la Ley No. 23506. Interpuesto recurso de apelación por el Sindicato demandante, los autos son remitidos a la Segunda Fiscalía Superior en lo Civil de la Libertad para efectos de la vista correspondiente y devueltos estos con dictamen que se pronuncia por la revocatoria de la apelada, la Segunda Sala de la Corte Superior de la Libertad, a fojas doscientos setenta y cuatro y con fecha catorce de agosto de mil novecientos noventa y cinco, confirma la resolución apelada considerando, que el derecho reclamado en la presente acción es uno de carácter administrativo, que debe hacerse valer en las instancias internas de la Beneficencia Publica de Trujillo y no ante el Organo Jurisdiccional. Contra esta resolución el Sindicato demandante interpone recurso de nulidad, por lo que de conformidad con el artículo 41 de la Ley No 26435 y entendiendo el referido recurso como ""Extraordinario"" se dispuso el envío de los autos al Tribunal Constitucional.",Improcedente,"['Que en consecuencia, si la decisión de suspender el pago de la Bonificación por rendimiento y aporte a la productividad, ha sido materia de una decisión perfectamente individualizada, el Sindicato demandante en principio, ha tenido que hacer uso de las vías previas por ante la misma entidad que presuntamente lesionó sus derechos constitucionales antes de acudir a la vía procesal constitucional.', 'Que en todo caso, tampoco cabe invocar la aplicación del inciso 2 del artículo 28 de la Ley No. 23506 por cuanto no se ha probado en modo alguno que la violación alegada pueda devenir en irreparable, desde que resulta obvio que si su reclamo ante la administración de la entidad a la que pertenece el Sindicato demandante, se ajusta a derecho, va a tener que ser atendida vía los reintegros correspondientes.', 'Que por lo tanto habiéndose acudido de manera prematura a la acción de amparo, resulta de aplicación al caso de autos el artículo 27 de la Ley No. 23506.']"
00151-1995-AA,https://tc.gob.pe/jurisprudencia/1997/00151-1995-AA.pdf,data\sentencia-Extract\1997\sentencia-pdf-1997.csv,Proceso de Amparo,,Improcedente,"['[…] Que, del acompañado expediente administrativo de ejecución coactiva de la Municipalidad Provincial de Sullana, a fojas ochenta y seis se verifica que la diligencia de clausura del local de la empresa se realizó el diecisiete de setiembre de mil novecientos noventa y tres; esto es al veinticuatro de febrero de mil novecientos noventa y cuatro fecha de interposición de la demanda de fojas sesenta y cinco ha transcurrido más de sesenta días del supuesto acto infractorio; que, la vía administrativa feneció por resolución municipal expresa el veintiocho de setiembre de mil novecientos noventa y tres obrante a fojas treinta y uno; esto evidencia la notoria extemporaneidad de la acción de amparo; que, la pretensión resuelta en contra del actor en acciones de amparo, según el artículo 8° de la Ley tiene expedito su derecho de debatirlo nuevamente en la vía común.']"
00237-1995-AA,https://tc.gob.pe/jurisprudencia/1997/00237-1995-AA.pdf,data\sentencia-Extract\1997\sentencia-pdf-1997.csv,Proceso de Amparo,,Improcedente,"['[…] Que, al amparo de lo dispuesto en el último parágrafo del articulo 51 de la Ley 23733 que textualmente dice: ""Son aplicables a los docentes las siguientes sanciones: amonestación, suspensión y separación, previo proceso"", se instauró proceso administrativo al actor, el mismo que sirvió de base a la Resolución 0109-95-COUNH de fecha veintiséis de junio de mil novecientos mediante la cual se resolvió separarlo definitivamente del cargo de Auxiliar a Dedicación Exclusiva que desempeñaba en la Escuela Académica Profesional de Zootecnia de la Facultad de Ciencias de Ingeniería de la Universidad de Huancavelica. Que, el recurso de nulidad que interpuso el demandante contra las Resoluciones que pretende cuestionar con la presente acción, no configura recurso impugnativo alguno contemplado en el Capitulo I del Título IV del Texto Ordenado de la Ley 26111 aprobado por el Decreto Supremo N° 02-94-JUS; por tal razón, en el presente caso, es de aplicación la causal de improcedencia contemplada en el artículo 27 de la Ley 23506 antes transcrito.']"
00227-1995-AA,https://tc.gob.pe/jurisprudencia/1997/00227-1995-AA.pdf,data\sentencia-Extract\1997\sentencia-pdf-1997.csv,Proceso de Amparo,,Fundada/Infundada /Improcedente,"['Que, el objeto de la presente acción, es que se declare inaplicable para los demandantes, la Resolución de Gerencia Central N° 750-GCDP-IPSS-92 del treinta de noviembre de mil novecientos noventa y dos, por la que se les cesa en sus puestos de trabajo, por no presentarse a las pruebas de selección y calificación realizadas en el proceso de racionalización de personal desarrollado por el IPSS; [...] Que el último párrafo del citado artículo 4° del citado Decreto Ley, establecía que ""Los trabajadores que no aprueben los examenes así como aquellos que decidan no presentarse a los mismos, serán cesados por causal de racioalización y sólo tendrán derecho a percibir sus beneficios sociales""; [...] Que, sin embargo, debe tenerse presente, que mediante Resolución de Dirección Ejecutiva N° 1761-DE-IPSS-92 del treinta de octubre de mil novecientos noventa y dos se aprobó la Directiva N° 039-DE-IPSS-922, de ""Implementación del Proceso de Selección y Calificación"", la misma que en el Título VII, (""Disposiciones Específicas""), Punto 1,, (""Proceso de Selección y Calificación""), parágrafo 1.1, establece que ""La Gerencia Central de Desarrollo de Personal a nivel general y las Gerencias Departamentales y Hospitales Nacionales, dispondrán la convocatoria a la inscripción, mediante comunicación escrita a cada trabajador"", requisito que no ha sido observado por la administración, violándose de esta manera, el debido proceso administrativo, en el proceso de evaluación antes señalado [...].']"
00205-1995-AA,https://tc.gob.pe/jurisprudencia/1997/00205-1995-AA.pdf,data\sentencia-Extract\1997\sentencia-pdf-1997.csv,Proceso de Amparo,,Improcedente,"['[…] Que en efecto, no puede pasarse por alto que las consabidas licitaciones y resoluciones cuya nulidad se pretende, han tenido su origen en el Decreto Supremo Nº 010-92-TCC del dieciocho de setiembre de mil novecientos noventa y dos, cuyo texto estableció que los Municipios Provinciales en el plazo máximo de sesenta días calendario, formularán su Plan Regulador de Rutas de Transporte Urbano de Pasajeros, precisando las rutas por las cuales deben prestarse los servicios públicos, como tampoco puede ignorarse que precisamente en cumplimiento de tal dispositivo, el Decreto de Alcaldía Nº 054-93 del veinticinco de mayo de mil novecientos noventa y tres, aprobó el Plan Regulador de Rutas para el servicio público. Que dentro de dicho contexto, el Municipio demandante, no puede alegar que no se le hubiese coordinado de las licitaciones de rutas de interconexión con el Callao, pues la Municipalidad de Lima, por intermedio de su Secretaría y en cumplimiento del Acuerdo suscrito, sí cumplió con poner en su conocimiento tales aspectos como se acredita con el Oficio Nº 448-93-MLM/SMTU del veintiséis de julio de mil novecientos noventa y tres (fojas cuarenta y ocho), con el Oficio Nº 641-93-MLM/SMTU del veintisiete de setiembre de mil novecientos noventa y tres (fojas cuarenta y nueve) y con el Oficio Nº 159-94-MLM/SMTU del veintinueve de abril de mil novecientos noventa y cuatro (fojas cincuenta). Que en todo caso, el hecho que la Municipalidad del Callao, no haya aprobado de modo oportuno y conforme a lo preceptuado en el citado Decreto Supremo Nº 010-92-TCC, su respectivo Plan Regulador de Rutas, no puede ser motivo para que indirectamente pretenda impedir que la Municipalidad de Lima sí proceda a efectuarlo de acuerdo a Ley, pues las responsabilidades se asumen de modo particular por cada Comuna. Que si la propia entidad demandante reconoce haber participado en las reuniones de trabajo dentro de la Comisión Técnica de Transporte, es allí donde ha debido proponer las alternativas convenientes a sus intereses, y no mediante la presente acción constitucional de amparo, que además de ser injustificada, por las razones expuestas, resulta notoriamente improcedente en atención al inciso 4 del artículo 6 de la Ley Nº 23506. [...]']"
00252-1995-AA,https://tc.gob.pe/jurisprudencia/1997/00252-1995-AA.pdf,data\sentencia-Extract\1997\sentencia-pdf-1997.csv,Proceso de Amparo,,Improcedente,"['2. Que, de los actuados se establece que a la demandante no se le ha conculcado su derecho de petición, por cuanto la actora presentó su petición requiriendo ser reasignada, la misma que fue sujeta a respuesta por la autoridad competente. Es decir, no se le ha negado el acceso de solicitar y/o pedir a la autoridad correspondiente lo que crea oportuno. Por otro lado tampoco se ha violado su derecho al trabajo pues la actora al momento de interponer la demanda se encontraba laborando en su plaza asignada.', '3. Que, si bien la Ley del Profesorado y el Reglamento de Reasignación y Permutas prescribe la posibilidad de solicitar la reasignación, ella está sujeta a una serie de requisitos que la actora no había cumplido, como es el de solicitar la reasignación de un departamento a otro. Tal como lo señala expresamente el artículo 26° de la Resolución Ministerial N° 1174-91-DE -Reglamento de Reasignación y Permutas-.']"
00232-1995-AA,https://tc.gob.pe/jurisprudencia/1997/00232-1995-AA.pdf,data\sentencia-Extract\1997\sentencia-pdf-1997.csv,Proceso de Amparo,,Improcedente,"['Que, a fojas 83 a 87 de autos se aprecia la demanda que el actor presentara ante el Juzgado de Trabajo, con fecha once de febrero de mil novecientos noventa y tres, solicitando su reposición y cuestionando la validez de las resoluciones Nº 489-92-R-SMP, de fecha nueve de setiembre de mil novecientos noventa y dos, y Nº 600-92-R-SMP, de fecha veintiséis de octubre de mil novecientos noventa y dos, resoluciones que también solicita se dejen sin efecto mediante la presente acción de amparo; que, el artículo 6º inciso 3) de la Ley Nº 23506, Ley de Hábeas Corpus y Amparo, establece que no proceden las acciones de garantía, cuando el agraviado opta por recurrir a la vía judicial ordinaria, como ha sucedido en el presente caso.']"
00166-1995-AA,https://tc.gob.pe/jurisprudencia/1997/00166-1995-AA.pdf,data\sentencia-Extract\1997\sentencia-pdf-1997.csv,Proceso de Amparo,,Fundada,"['[…] que, en este sentido, debe destacarse que este Colegiado ya ha emitido un pronunciamiento general dentro del expediente N° 008-96-I/TC, publicado el 26 de abril de 1997, en uno de cuyos extremos resalta la inconstitucionalidad de toda fórmula legal tendiente a la aplicación retroactiva de topes sobre las pensiones nivelables, legalmente obtenidas, debiendo ratificarse en el presente caso, semejante criterio en concordancia con el artículo 35°, primer párrafo, de la Ley Orgánica del Tribunal Constitucional N° 26435, que reconoce fuerza vinculante a sus sentencias en materia de acciones de inconstitucionalidad de las leyes, y, a fortiori, con el artículo 5° y la Quinta Disposición Complementaria, Transitoria y Final de la Ley N° 26835; que, asimismo, la aplicación de los topes pensionarios a los actores y no así a los trabajadores que cesaron el año 1991, constituye un acto discriminatorio que no sólo infringe la Octava Disposición Transitoria de la Constitución de 1979, sino también el artículo 2, inciso de la referida Carta Magna, y específicamente lo estipulado en la Primera y Segunda Disposición Final de la Constitución Política de 1993, vigente a la fecha de la interposición de la presente demanda, en la que se reconoce el respeto a los derechos legalmente adquiridos, en particular el correspondiente a los regímenes pensionarios de los Decretos Leyes N° 19990 y 20530 y sus modificatorias, determinando a la vez el pago oportuno y el reajuste periódico de las pensiones que administra el Estado […].']"
00163-1995-AA,https://tc.gob.pe/jurisprudencia/1997/00163-1995-AA.pdf,data\sentencia-Extract\1997\sentencia-pdf-1997.csv,Proceso de Amparo,,Improcedente,"['1. Que, de autos se establece que los demandantes pretenden mediante la presente acción de garantía su reposición en la entidad demandada, argumentando que han sufrido despido arbitrario. Para el caso tratándose de una situación litigiosa, donde incluso la destitución de los demandantes es consecuencia de un proceso administrativo, el mismo debe ventilarse en la vía procedimental ordinaria, donde en la etapa probatoria se acredite sí hubo o no despido arbitrario, ya que el proceso especial y sumarísimo de la acción de amparo no es la idónea para dilucidar un petitorio como el incoado por los demandantes.']"
00254-1995-AA,https://tc.gob.pe/jurisprudencia/1997/00254-1995-AA.pdf,data\sentencia-Extract\1997\sentencia-pdf-1997.csv,Proceso de Amparo,,Fundada,"['5. Que, el Decreto Ley Nº 25423 ha vulnerado la norma constitucional glosada, toda vez que carece de motivación pues no señala los cargos que llevaron al Gobierno de Emergencia y Reconstrucción Nacional a cesar al actor en su cargo de Vocal Titular y fue expedido sin permitirle al afectado el ejercicio de su derecho de defensa, vulnerándose el inciso noveno del art. 233º de la Constitución de 1979, en rigor para el caso de autos.']"
00095-1995-AA,https://tc.gob.pe/jurisprudencia/1997/00095-1995-AA.pdf,data\sentencia-Extract\1997\sentencia-pdf-1997.csv,Proceso de Amparo,,Improcedente,"['1. Que, las partes se hacen mutuas imputaciones, respecto al incumplimiento del contrato de concesión, lo que debe ser ventilado, probado y resuelto en un proceso ordinario, y no por la vía del amparo, que por su carácter sumario no cuenta con una estación probatoria.']"
00040-1995-AA,https://tc.gob.pe/jurisprudencia/1997/00040-1995-AA.pdf,data\sentencia-Extract\1997\sentencia-pdf-1997.csv,Proceso de Amparo,,Improcedente,"['5. Que, las pensiones de cesantía acordadas por resoluciones del mes de setiembre de 1985 y de agosto de 1990, por el Presidente de la Cámara de Diputados, a favor de cada uno de los pensionista demandantes, que obran de fojas 5 a 18 y de fojas 54-A a 54\xadD, según el artículo 2º de las mismas, tienen el carácter de nivelables, autorizándose en cada una de las mismas, para que la Tesorería de la Cámara, de oficio, nivele en la proporción correspondiente, la pensión del beneficiario cada vez que se incrementen las remuneraciones de los representantes a Congreso, en cumplimiento de lo dispuesto por la Ley Nº 23495 y su Reglamento el D.S. Nº 0015\xad-83\xad-PCM.', '6. Que, dichos actos administrativos se encuentran corroborados por la Resolución Nº 565-\xad90-\xad CD/P de fecha once de setiembre de mil novecientos noventa, emitida por la Presidencia del Congreso Constituyente Democrático, cuya copia obra a fojas 2, según la cual se hace extensivo a los señores ex\xad-Diputados pensionistas, a partir del primero de agosto de mil novecientos noventa, las asignaciones que perciben los señores Representantes en ejercicio, por acuerdo de dicha Rama Legislativa, en cuanto sean compatibles con las asignaciones señaladas en la Ley Nº 25048. [...]', '9. Que, mediante resoluciones mandatorias para que Tesorería de la Cámara de Diputados nivele las pensiones de los actores, de oficio, en la proporción correspondiente y cada vez que se incrementen las remuneraciones de los Representantes a Congreso, en cumplimiento de la Octava Disposición General y Transitoria de la Constitución Política de 1979 y demás disposiciones legales, este colegiado conceptúa que se configura la omisión de un acto debido con relación a estos derechos adquiridos, en vista de que no existe ninguna otra resolución que suspenda o elimine de sus pensiones de cesantía las referidas nivelaciones, por lo que la tutela efectiva de los derechos constitucionales conculcados en el presente caso resulta perentoria, como remedio para evitar y levantar la agresión anotada, según lo previsto por los artículos 2º y 4º de la Ley Nº 23506, de Hábeas Corpus y Amparo.', '10. Que, tratándose de nivelación de pensiones reconocidas por el Titular de la Cámara de Diputados, durante los años 1985 y 1990, no les alcanza limitación alguna en su monto, conforme a lo establecido en el numeral Nº 19 de la resolución expedida por este Tribunal Constitucional con fecha veintitrés de abril de mil novecientos noventa y siete, en el Expediente Nº 008-\xad96-\xadI/TC, sobre demandas de inconstitucionalidad acumuladas.']"
00201-1995-AA,https://tc.gob.pe/jurisprudencia/1997/00201-1995-AA.pdf,data\sentencia-Extract\1997\sentencia-pdf-1997.csv,Proceso de Amparo,,Improcedente,"['2. Que, el petitorio de la demanda supone la probanza de causas, hecho que desnaturaliza la esencia de la Acción de Amparo por ser ésta una vía sumarísima que no tiene una instancia probatoria.', '3. Que, conforme a la Jurisprudencia de este Tribunal, la facultad de inaplicar una norma por ser incompatible con la Constitución, que es competencia reconocida a los jueces y magistrados de este Colegiado en procesos constitucionales como el Amparo, no puede hacerse en forma abstracta sino como resultado de la existencia de una situación concreta de hechos, que en el caso del petitorio de la demanda no ha sido cuestionada.']"
00210-1995-AA,https://tc.gob.pe/jurisprudencia/1997/00210-1995-AA.pdf,data\sentencia-Extract\1997\sentencia-pdf-1997.csv,Proceso de Amparo,,Improcedente,"['Que, habiendo caducado en su vigencia la ley cuya inaplicabilidad era objeto de la presente Acción de Amparo, toda vez que el plazo dispuesto para la reorganización en el artículo 1° de la Ley N° 26251 fue de 12 meses, contados a partir de la promulgación de la Ley; y, estando a que la referida Ley fue promulgada el treinta de noviembre de mil novecientos noventitrés.']"
00177-1995-HC,https://tc.gob.pe/jurisprudencia/1997/00177-1995-HC.pdf,data\sentencia-Extract\1997\sentencia-pdf-1997.csv,Proceso de Habeas Corpus,,Infundada,"['2. Que la orden de lanzamiento no se dirige contra la accionante, la que por lo tanto no será afectada por la misma, careciendo en consecuencia de objeto la Acción de Hábeas Corpus.']"
00039-1995-AA,https://tc.gob.pe/jurisprudencia/1998/00039-1995-AA.pdf,data\sentencia-Extract\1998\sentencia-pdf-1998.csv,Proceso de Amparo,,Fundada,"['3. Que, en consecuencia, conforme se ha expresado en la sentencia recaída en el expediente N° 008-96-I/TC, cuya ratio decidendi formulada en su décimo quinto y trigésimo tercer fundamento, constituyen jurisprudencia de obligatorio cumplimiento, a tenor de lo establecido por la Primera Disposición General de la Ley N° 26435, Orgánica del Tribunal Constitucional, éste colegiado considera que los derechos pensionarios adquiridos por los actores al amparo del Decreto Ley 20530, no pueden ser desconocidos en forma unilateral y fuera de los plazos de ley por parte de la demandada, argumentando la aplicación del Decreto Legislativo N° 763, sino que contra resoluciones firmes , sólo procede determinar su nulidad mediante un proceso regular en sede judicial.']"
00148-1995-AA,https://tc.gob.pe/jurisprudencia/1998/00148-1995-AA.pdf,data\sentencia-Extract\1998\sentencia-pdf-1998.csv,Proceso de Amparo,,Improcedente,"['1. Que, con anterioridad a la presente acción el demandante interpuso acción de amparo contra la Resolución N° 989 que ordenó la expropiación, sin tomar en cuenta, que el expropiado sólo puede discutir el monto del justiprecio; dicha acción finalizó con la resolución del Tribunal de Garantías Constitucionales, de fecha seis de junio de mil novecientos noventa y uno, que la declaró infundada.', 'Que, por consiguiente, con la dación de la Resolución de Concejo N° 023\xad93 que es materia de la presente acción de garantía, la Municipalidad de Lima Metropolitana no ha violado ningún derecho constitucional del demandante.']"
00223-1995-AA,https://tc.gob.pe/jurisprudencia/1998/00223-1995-AA.pdf,data\sentencia-Extract\1998\sentencia-pdf-1998.csv,Proceso de Amparo,,Improcedente,"['1. Que, la Licencia que autoriza el funcionamiento de una Locería Cristalería en el Jr. Daniel Alcides Carrión N° 107 aprobada por la Resolución Divisional N° 1392-88\xadDR/MC de fecha treinta de mayo de mil novecientos ochenta y ocho, no autoriza al demandante a ocupar la vía pública, y en el supuesto que se pretenda interpretar lo contrario, dicha autorización estaría contraviniendo con lo establecido en el artículo 128° de la Constitución Política del Estado de mil novecientos setenta y nueve, vigente en ese entonces, que a la letra dice: ""Los bienes públicos, cuyo uso es de todos, no son objeto de derechos privados"".', 'Que, de igual manera, por los mismo fundamentos, y previa notificación, la Municipalidad Distrital de Comas procedió con la demolición de un muro ornamental construido por el demandante, en la vía pública, con frente al inmueble ubicado en el Jr. Bartolomé Herrera N° 694 del mismo distrito.', 'Que, la Municipalidad Distrital de Comas, es la encargada de tutelar las áreas libres de uso público, los parques, y autorizar las construcciones, dentro de su jurisdicción distrital, según lo establece la Ley 23853, Orgánica de Municipalidades; en consecuencia, no ha conculcado ningún derecho constitucional del demandante.', 'Que, el demandante incurrió en la causal de caducidad establecida por el acotado artículo 37 de Ley 23506, pues interpuso la demanda de folio dieciocho, después de haber transcurrido en exceso, los 60 días hábiles establecidos en el referido artículo.']"
00218-1995-AA,https://tc.gob.pe/jurisprudencia/1998/00218-1995-AA.pdf,data\sentencia-Extract\1998\sentencia-pdf-1998.csv,Proceso de Amparo,,Improcedente,"['2. Que, como puede apreciarse a fojas diecisiete del cuadernillo del Tribunal Constitucional, el representante legal de la accionante se desistió expresamente de la demanda por ellos interpuesta. Dicho desistimiento es improcedente porque de conformidad con lo dispuesto en el artículo 342° del Código Procesal Civil, de aplicación supletoria a la Ley Orgánica del Tribunal Constitucional, éste sólo es procedente cuando se interpone antes de que se expida la sentencia en primera instancia, salvo que sea convencional, situación que no ha ocurrido en autos.', '3. Que la Carta N° 068-DE\xadI-PSS\xad93 no puede ser considerada como un acto administrativo del Instituto Peruano de Seguridad Social porque no se trata de una resolución de obligatorio cumplimiento para el administrado sino de la absolución de una consulta hecha anteriormente a la demandada por el rector de la Pontificia Universidad Católica del Perú. Se trata de una opinión en la que se señala que ""no se puede considerar a la Universidad ni a un empleado exonerado de las aportaciones por los regímenes de Seguridad Social"". Concluye estableciendo que ""la demandante debe abonar las aportaciones que le corresponden como empleador"".']"
00060-1995-AA,https://tc.gob.pe/jurisprudencia/1998/00060-1995-AA.pdf,data\sentencia-Extract\1998\sentencia-pdf-1998.csv,Proceso de Amparo,,Improcedente,"['Que, de autos aparece, que el demandante no agotó la vía previa, incurriendo de ésta manera, en la causal de improcedencia establecida en el artículo 27° de la Ley 23506.']"
00103-1995-AA,https://tc.gob.pe/jurisprudencia/1998/00103-1995-AA.pdf,data\sentencia-Extract\1998\sentencia-pdf-1998.csv,Proceso de Amparo,,Fundada,"['Que, en autos no existe prueba alguna que se desprenda de las indagaciones hechas por la Comisión de Procedimientos Administrativos que corroboren la veracidad de las faltas disciplinarias atribuidas al actor, mediante las acotadas cartas.', 'Que, asimismo, no obstante que la autoridad administrativa emplazada argumenta que el procedimiento administrativo y la consecuente destitución del actor se efectuó de conformidad con el Decreto Legislativo N° 276 y el Decreto Supremo N° 005-90\xadPCM, este Colegiado estima que ello no es suficiente para garantizar el respeto al debido proceso, habida cuenta que todo acto de administración no sólo debe encontrar su justificación en preceptos legales, sino también, en hechos, conductas y circunstancias que lo causen, situación que en el presente caso no ha sido corroborada constituyendo una arbitrariedad la medida de destitución impuesta al actor, con la consecuente afectación de los derechos constitucionales que se invocan en la demanda.']"
00213-1995-AA,https://tc.gob.pe/jurisprudencia/1998/00213-1995-AA.pdf,data\sentencia-Extract\1998\sentencia-pdf-1998.csv,Proceso de Amparo,,Improcedente,"['2. Que su demanda la interpone a fojas uno, con fecha veintiséis de abril de mil novecientos noventa y cinco, habiendo transcurrido más de los sesenta días que requiere el artículo 37° de la Ley N° 23506, por lo que ha operado el plazo de caducidad.']"
00037-1995-AA,https://tc.gob.pe/jurisprudencia/1998/00037-1995-AA.pdf,data\sentencia-Extract\1998\sentencia-pdf-1998.csv,Proceso de Amparo,,Improcedente/Fundada,"['1. De autos consta que los actores venían trabajando directamente para el Concejo Distrital de El Agustino en forma permanente y sujetos a subordinación jerárquica, igual que los demás servidores estables de dicha Municipalidad, por cuyo motivo la emplazada expidió la Resolución de Alcaldía N° 1012 de fecha 8 de junio de 1991 nombrándolos en vía de regularización, con arreglo al artículo 18° de la Ley N° 25185 modificado por el artículo 32° del Decreto Legislativo N° 573 , del 7 de abril de 1990, que autorizó a los organismos del Sector Público a nombrar personal contratado, siempre que a la fecha de vigencia de la citada ley hayan cumplido un año de servicios ininterrumpidos, realizando tareas y/o funciones de carácter permanente. [...] Que los acuerdos del Concejo Distrital de El Agustino N° 030, del 2 de julio de 1992, que ordena unilateralmente anular la Resolución N° 1012 que nombró a los actores, y el N° 033, del 16 de julio de 1992, que acuerda revisar la misma resolución materia de su nombramiento, atentan ostensiblemente contra la estabilidad laboral de dichos trabajadores, por cuya razón la acción de amparo en este extremo resulta fundada.']"
00171-1995-AA,https://tc.gob.pe/jurisprudencia/1998/00171-1995-AA.pdf,data\sentencia-Extract\1998\sentencia-pdf-1998.csv,Proceso de Amparo,,Infundada,"['Que a estos efectos, es de precisarse que conforme se deduce del artículo 82° del Decreto Supremo N° 005-90-PCM o Reglamento de la Ley de Bases de la Carrera Administrativa ""El encargo es temporal, excepcional y fundamentado. Solo procede en ausencia del titular para el desempeño de funciones de responsabilidad directiva compatibles con niveles de carrera superiores al del servidor. En ningún caso debe exceder el periodo presupuestal"".', 'Que en consecuencia, si la naturaleza del encargo resulta excepcional al igual como temporal en cuanto a su vigencia, tal como se señala, no puede exceder el periodo presupuestal, y conforme a la Resolución Directoral N° 0102-95 de fecha treinta y uno de enero de mil novecientos noventa y cinco, se ha dispuesto dar por concluido el encargo otorgado al demandante, con el objeto de designar un nuevo docente, no puede alegarse estabilidad laboral alguna en una plaza, respecto de la cual, ni se es titular, ni mucho menos, se puede alegar duración ilimitada, pues resulta por demás evidente que la administración goza en este caso, no solo de plena discrecionalidad para efectuar las designaciones que considere pertinentes, (mientras claro está, respete el tiempo o periodo que dure el encargo) sino que, correlativamente, tampoco puede estar obligada a prolongarlo ante la inexistencia de concurso público, ya que es el mismo citado Decreto Supremo N° 005-90-PCM el que en ningún momento impone éste, como obligación previa al encargo.']"
00195-1995-AA,https://tc.gob.pe/jurisprudencia/1998/00195-1995-AA.pdf,data\sentencia-Extract\1998\sentencia-pdf-1998.csv,Proceso de Amparo,,Improcedente,"['1. Que el demandante tomó conocimiento del proceso administrativo disciplinario en su contra desde la notificación de la Resolución de la Dirección Ejecutiva N° 026-DE-IPSS-93, que motivó el recurso que éste interpuso el 25 de marzo de 1993. Asimismo, la Resolución de la Dirección Ejecutiva N° 288-DE-IPSS-93, aclaratoria de la anterior, fue publicada en el Diario Oficial ""El Peruano"" el 13 de marzo de 1993, empleando una de las formas de notificación expresamente admitidas por el Decreto Supremo N° 005-90-PCM, Reglamento de la Ley de Bases de la Carrera Administrativa del Sector Público. Hay que señalar que el empleo de la vía de notificación no supone violación constitucional alguna, contando el actor con el plazo de hasta cinco días para efectuar sus descargos y ejercitar su derecho de defensa, que realizó vencido el plazo legal y luego de producido el pronunciamiento de la Autoridad. Dicho pronunciamiento se expidió sin transgresión de norma legal alguna.', '2. Que, en cuanto al fondo del asunto, el demandante reconoció que durante el tiempo que no trabajó, invocando un descanso médico, se ausentó del país para asistir a un certamen internacional. Y, al haber reconocido los hechos objetivos que han sido invocados para su destitución, realizada conforme a lo dispuesto en el inciso a) del artículo 28° del Decreto Legislativo N° 276 Ley de Bases de la Carrera Administrativa del Sector Público, ésta ha quedado plenamente acreditada y justificada. La discusión sobre la validez de la causal de destitución tiene su propia vía que no es la del amparo.']"
00127-1995-AA,https://tc.gob.pe/jurisprudencia/1998/00127-1995-AA.pdf,data\sentencia-Extract\1998\sentencia-pdf-1998.csv,Proceso de Amparo,,Fundada,"['3. Que, mediante Resolución de la Dirección Ejecutiva N° 171-DE-IPSS-92, de fecha treinta de octubre de mil novecientos noventa y dos, se aprueba la Directiva N° 039-DE-IPSS-92, que dispone en el Acápite VII Disposiciones Específicas 1. Proceso de Selección y Calificación, 1.1. La Gerencia Central de Desarrollo de Personal a nivel general y las Gerencias Departamentales y Hospitales Nacionales, dispondrán la convocatoria a la inscripción, mediante comunicación escrita a cada trabajador y que de autos se desprende que el Instituto Peruano de Seguridad Social no ha podido demostrar el haber cumplido con dicho acto administrativo, con lo cual existe una violación al debido proceso.']"
00196-1995-AA,https://tc.gob.pe/jurisprudencia/1998/00196-1995-AA.pdf,data\sentencia-Extract\1998\sentencia-pdf-1998.csv,Proceso de Amparo,,Improcedente,"['1. Que el objeto de la pretensión del actor es que se deje sin efecto el concurso para designar a los titulares de las Vocalías de la Corte Superior de Justicia de Lima, convocado por el Jurado de Honor de la Magistratura.', '2. Que al haberse producido la realización del concurso convocado por el Jurado de Honor de la Magistratura, según el artículo 6° inciso 1) de la Ley N.° 23506, se está ante un hecho jurídico procesal denominado ""sustracción de la materia""; en efecto, la pretensión ha devenido en un imposible jurídico que hace no viable la Acción de Amparo.']"
00238-1995-AA,https://tc.gob.pe/jurisprudencia/1998/00238-1995-AA.pdf,data\sentencia-Extract\1998\sentencia-pdf-1998.csv,Proceso de Amparo,,Improcedente,"['[…]. Que, como bien lo señala la Sala Mixta de la Corte Superior de Justicia de Huancavelica, el accionante incurrió en la causal de improcedencia establecida en el Artículo 27° de la acotada Ley N.° 23506 de Hábeas Corpus y Amparo, pues no consta en autos el agotamiento de la vía previa. Por tal razón, se considera, que siendo manifiestamente, improcedente la acción, debió ser rechazada in límine en primera instancia, dicha facultad se la concede el Artículo 14° de la Ley 25398.']"
00072-1995-AA,https://tc.gob.pe/jurisprudencia/1998/00072-1995-AA.pdf,data\sentencia-Extract\1998\sentencia-pdf-1998.csv,Proceso de Amparo,,Improcedente,"['1. Que, la pretensión de los demandantes es que se declare la validez de las Actas de Trato Directo, de fechas veintiuno de enero y veintiuno de agosto de mil novecientos noventa y dos, y once de enero de mil novecientos noventa y tres, suscritas con la entidad municipal demandada y, que a través de ellas venían percibiendo una serie de beneficios remunerativos derivados de estos pactos colectivos. [...]', '3. Que, la acción ha sido interpuesta vencido el plazo señalado en el artículo 37° de la Ley N.° 23506, estando a que su ejercicio ha caducado, ya que el transcurso del tiempo no hace caducar el derecho constitucional, sino la posibilidad de interponerla, pues si los demandantes desean utilizar esta acción, debe de ser diligente, el transcurso del tiempo hace que todos los recursos legales pierdan su oportunidad y eficacia por esa razón el amparo no podría quedar librado al arbitrio particular para su interposición.']"
00164-1995-AA,https://tc.gob.pe/jurisprudencia/1998/00164-1995-AA.pdf,data\sentencia-Extract\1998\sentencia-pdf-1998.csv,Proceso de Amparo,,Infundada,"['1. Que, según lo preceptuado por el artículo 44° de la Constitución Política de 1979, existe la posibilidad jurídica de modificar la jornada de trabajo por Ley o por pacto colectivo, respetándose el límite máximo de 48 horas de trabajo semanales.', '2. Que, el Decreto Ley N.° 26136, Artículo 5°, vigente en la fecha del acuerdo, regulaba la potestad del empleador de modificar la jornada de trabajo; en ejercicio de esta prescripción legal la emplazada, por acuerdo de Sesión de Directorio, su fecha treinta de marzo de mil novecientos noventa y tres, objeto de la pretensión, legítima y constitucionalmente procedió a incrementar de 40 a 48 horas semanales la jornada de trabajo; más aún si en cumplimiento de la Ley la Empresa demandada incrementó proporcionalmente las remuneraciones a favor de los trabajadores.']"
00065-1995-AA,https://tc.gob.pe/jurisprudencia/1998/00065-1995-AA.pdf,data\sentencia-Extract\1998\sentencia-pdf-1998.csv,Proceso de Amparo,,Improcedente,"['[…]. Que, en el presente caso, habiendo la Municipalidad de Lima Metropolitana y la Empresa Municipal Administradora de Peaje de Lima (EMAPE S.A.) interpuesto Acción de Amparo contra el Ministerio de Transportes, Comunicaciones, Vivienda y Construcción y el Ministro del Interior; es aplicable la causal de improcedencia establecida en el numeral 4) del artículo 6° de la Ley N.° 23506 de Hábeas Corpus y Amparo; que textualmente dice: ""Art. 6°.- No proceden las acciones de garantía: 4) De las dependencias administrativas, incluyendo las empresas públicas, contra los Poderes del Estado y los organismos creados por la Constitución, por los actos efectuados en el ejercicio regular de sus funciones"". Y, siendo que la Municipalidad de Lima Metropolitana es un organismo creado por la Constitución, y la Empresa Nacional Administradora de Peaje de Lima (EMAPE S.A.) es una dependencia administrativa; el Ministerio de Transportes, Comunicaciones, Vivienda y Construcción y el Ministro del Interior, forma parte de uno de los Poderes del Estado, cual es, el Poder Ejecutivo; y, el Decreto Supremo N.° 015-93-TC materia de la presente acción de garantía, constituye una norma legal expedida en el ejercicio regular de sus funciones.']"
00175-1995-AA,https://tc.gob.pe/jurisprudencia/1998/00175-1995-AA.pdf,data\sentencia-Extract\1998\sentencia-pdf-1998.csv,Proceso de Amparo,,Improcedente,"['2. Que, mediante el artículo 3° de la Resolución de Concejo N° 20-95-RCM, del quince de julio de mil novecientos noventa y cinco, que corre a fojas ciento treinta, repetida a fojas ciento treinta y dos del expediente principal, se resuelve restituir la autorización de funcionamiento del Restaurant ""Nautilus"", en el giro de pizzería con venta de licores como complemento de comidas, declarando asimismo infundado el recurso de apelación interpuesto por la demandada en lo que refiere a la solicitud de ampliación de giro a salón de baile, peña y similares; por lo que, al haber cesado la violación del derecho constitucional conculcado, se ha producido la sustracción de la materia, siendo de aplicación lo establecido por el inciso 1) del artículo 6° de la Ley N° 23506.']"
00169-1995-AA,https://tc.gob.pe/jurisprudencia/1998/00169-1995-AA.pdf,data\sentencia-Extract\1998\sentencia-pdf-1998.csv,Proceso de Amparo,,Improcedente,"['2. Que, la Resolución N° 2137\xad94\xadA/MPH de fecha siete de diciembre de mil novecientos noventa y cuatro, cuya inaplicación se solicita, declaró improcedente el pedido de la Asociación de Cesantes y Jubilados de la Municipalidad Provincial de Huancayo, por cuanto las remuneraciones especiales de estímulo para el personal activo, no tienen el carácter de pensionables, por consiguiente no son de abono en favor de los cesantes y jubilados de la Municipalidad demandada. En contra de dicha Resolución, la actora interpuso recurso de revisión con arreglo al Texto Único Ordenado de la Ley de Normas Generales de Procedimientos Administrativos, sin tomar en cuenta que el artículo 100° de aquel cuerpo legal, dispone que hay lugar a recurso de revisión ante una tercera instancia, ""si las dos anteriores fueron resueltas por autoridades que no son de competencia nacional"". Al respecto, no obran en autos, documentos que acrediten que la Asociación impugnó la resolución mediante los recursos de reconsideración y apelación, que le hubieran permitido agotar la vía administrativa. Igualmente, no consta en autos que la Asociación hubiera impugnado administrativamente la Resolución N° 172\xad95\xadA/MPH, cuya inaplicación también se solicita.', '3. Que, del anterior fundamento, se desprende, que la Asociación accionante, no agotó la vía previa tal como lo prescribe el artículo 27° de la Ley N° 23506 de Hábeas Corpus y Amparo, por lo que la demanda resulta improcedente.']"
00202-1995-AA,https://tc.gob.pe/jurisprudencia/1998/00202-1995-AA.pdf,data\sentencia-Extract\1998\sentencia-pdf-1998.csv,Proceso de Amparo,,Improcedente,"['2. Que, siendo ello así, la pretensión del actor debe desestimarse, ya que: a) Según se está a los términos del petitorio, el acto eleccionario que se solicita se deje sin efecto, es el que correspondió para el período de mil novecientos noventa y cinco \xad mil novecientos noventa y seis, el mismo que, en efecto, se suspendió en virtud del auto expedido en la medida cautelar solicitada, de fecha seis de abril de mil novecientos noventa y cinco, b) Sin perjuicio de que, a tenor de lo dispuesto por el artículo 31° de la Ley N° 23506, modificado por el artículo 1° del Decreto Ley N° 25433, la medida de suspensión no supone la ejecución de lo que es materia del fondo mismo de la Acción de Amparo, este Colegiado estima que, de conformidad con lo previsto por el inciso 1) del artículo 6° de la Ley N° 23506, la eventual violación de los derechos constitucionales alegados por los actores se ha convertido en irreparable, tras el inexorable transcurso del tiempo, y la periodicidad anual del proceso electoral para renovar los cargos directivos de la Asociación de Abogados de la provincia de San Martín.']"
00123-1995-AA,https://tc.gob.pe/jurisprudencia/1998/00123-1995-AA.pdf,data\sentencia-Extract\1998\sentencia-pdf-1998.csv,Proceso de Amparo,,Improcedente,"['3. Que, en consecuencia, la exclusión de estos últimos trabajadores del Programa de Retiro Voluntario con Incentivos, emerge de un mandato legal y no es producto de una acción de arbitrariedad gubernamental, habiéndose limitado el Ministerio de Educación a acatar y cumplir la referida disposición legal, y los actores a rendir sus pruebas de calificación y selección, conforme a lo dispuesto por el Decreto Ley N° 26158.', '4. Que, en cuanto al artículo 4° del Decreto Ley N° 26158, aparece que fue promulgado el treinta de diciembre de mil novecientos noventa y dos, y que la demanda que pretende cuestionarlo ha sido interpuesta el cinco de abril de mil novecientos noventa y tres, esto es, fuera del término legal previsto en el artículo 37° de la Ley N° 26435, Orgánica del Tribunal Constitucional, cuando ya había caducado.']"
00199-1995-AA,https://tc.gob.pe/jurisprudencia/1998/00199-1995-AA.pdf,data\sentencia-Extract\1998\sentencia-pdf-1998.csv,Proceso de Amparo,,Improcedente,"['1. Que, el demandante cumplió con presentar recurso de reconsideración el mismo que lo reiteró en diversas oportunidades, tal como consta de las copias de dichos recursos que corre en autos de fojas quince a diecisiete, que ante la respuesta de la autoridad administrativa el recurrente no formuló apelación sino procedió a interponer la presente acción de garantía, y no encontrando del análisis de los hechos estar comprendido en alguna de las causales a que se refiere el artículo 28° de la Ley N° 23506, es de expresa aplicación el artículo 27° de la precitada ley.']"
00226-1995-AA,https://tc.gob.pe/jurisprudencia/1998/00226-1995-AA.pdf,data\sentencia-Extract\1998\sentencia-pdf-1998.csv,Proceso de Amparo,,Infundada,"['2. Que tienen derecho a ser incorporados a dicho régimen los empleados públicos que al veintiséis de febrero de mil novecientos setenta y cuatro, se encontraban laborando en el régimen de la Ley N° 11377, lo que no sucedió con el demandante, puesto que del propio certificado de trabajo mencionado en líneas anteriores el demandante ingresó a trabajar en dicho régimen el dos de mayo de mil novecientos ochenta y siete, además de la copia de la Resolución Suprema N° 0268\xad-83-\xadGV/CP que obra en autos a fojas trece, se llega a establecer que el veintiséis de febrero de mil novecientos setenta y cuatro, el demandante era cadete de la Escuela Militar de Chorrillos, consecuentemente, se encontraba en un régimen laboral y de pensiones propio del sector castrense. A mayor abundamiento no existe prueba alguna en autos que el demandante haya sido incorporado al régimen de Pensiones del Decreto Ley N° 20530, y como tal haya aportado a dicho régimen; no habiendo el demandante acreditado la vulneración de derecho constitucional alguno.']"
00193-1995-AA,https://tc.gob.pe/jurisprudencia/1998/00193-1995-AA.pdf,data\sentencia-Extract\1998\sentencia-pdf-1998.csv,Proceso de Amparo,,Improcedente,"['5. En tal virtud, de acuerdo a los artículos 1° y 2° inciso b) del Decreto Ley N° 17355, la Sociedad de Beneficencia de Lima Metropolitana se encuentra facultada para ejercer actos de coerción por medio del Juzgado Coactivo competente a efectos de proceder al cobro de las rentas insolutas de sus bienes, como es el caso del inmueble alquilado al demandante, por tener éste la calidad de bien del Estado.']"
00236-1995-AA,https://tc.gob.pe/jurisprudencia/1998/00236-1995-AA.pdf,data\sentencia-Extract\1998\sentencia-pdf-1998.csv,Proceso de Amparo,,Infundada,"['2. Que, el demandante no ha acreditado que en el proceso de reclamación, la SUNAT haya cometido alguna irregularidad respecto del procedimiento mismo o se haya aplicado sanción diferente a las previamente establecidas, toda vez que los días de cierre establecidos por Resolución de Intendencia Nº 0100-95/SUNAT-R2.1000 corresponden a la aplicación de la Resolución de Intendencia Nº 212-92-EF/SUNAT y del artículo 185º del Decreto Legislativo Nº 773, Código Tributario.']"
00231-1995-AA,https://tc.gob.pe/jurisprudencia/1998/00231-1995-AA.pdf,data\sentencia-Extract\1998\sentencia-pdf-1998.csv,Proceso de Amparo,,Improcedente,"['3. Que, a fojas ciento setenta y siete, obra el recurso de apelación presentado por doña Daysa Rosa Justano Sánchez, ante la Municipalidad Provincial de Huancayo, con fecha once de mayo de mil novecientos noventa y cinco, habiendo interpuesto acción de amparo con fecha nueve de mayo del mismo año, con lo que se hace evidente que la demandante inició la Acción de Amparo sin haber agotado la vía previa administrativa.', '4. Que, en consecuencia es de aplicación el Artículo 27° de la Ley N° 23506, ""Ley de Hábeas Corpus y Amparo"" que establece que sólo procede la Acción de Amparo cuando se haya agotado la vía previa, por lo que esta acción resulta improcedente.']"
00087-1995-AA,https://tc.gob.pe/jurisprudencia/1998/00087-1995-AA.pdf,data\sentencia-Extract\1998\sentencia-pdf-1998.csv,Proceso de Amparo,,Improcedente,"['1. Que la Resolución Ministerial N.° 431-90-VC/9300, del catorce de noviembre de mil novecientos noventa, que modifica la base imponible del Impuesto al Valor del Patrimonio Predial, se expidió en base a la propuesta del Consejo Nacional de Tasaciones y en el marco de la Ley N.° 23552, que norma el régimen del Impuesto al Patrimonio Predial.[...]', '3. Que, para acreditar los hechos en que se basa la demanda es necesario determinar la afectación del tributo en los patrimonios de las empresas demandantes y ello supone la actuación de pruebas, que no es posible realizar en la vía del amparo por ser ésta una vía sumarísima que no tiene estación probatoria.']"
00132-1995-AA,https://tc.gob.pe/jurisprudencia/1998/00132-1995-AA.pdf,data\sentencia-Extract\1998\sentencia-pdf-1998.csv,Proceso de Amparo,,Fundada,"['5. Que, aparece de la copia de la Resolución de Alcaldía N° 0291-MDA, abre proceso disciplinario al demandante, la Municipalidad Distrital de Arapa, y del Oficio Circular N° 001-93-CPDMDA, que obra en el expediente de fojas sesenta y ocho, y setenta, se acredita como regidores a don Gregorio Mateo Alarcón Cahuina, como Presidente, doña Eusebia Amanqui Quispe, y don Jesús Laura Arpi, designados para conformar la comisión de procesos administrativos, de la Municipalidad demandada, contraviniendo lo establecido en los Artículos 165°, 170° del Decreto Supremo N° 005-90-PCM, Reglamento de la Ley de Bases de la Carrera Administrativa y de Remuneraciones del Sector Público, careciendo de competencia para realizar acciones que originen la conformación de dicha comisión permanente de procesos administrativos disciplinarios; en consecuencia se ha vulnerado el derecho constitucional del demandante a un debido proceso, consagrado en el inciso 3) del Artículo 139° de la Constitución Política del Estado.']"
00229-1995-AA,https://tc.gob.pe/jurisprudencia/1998/00229-1995-AA.pdf,data\sentencia-Extract\1998\sentencia-pdf-1998.csv,Proceso de Amparo,,Infundada,"['3. Que, de autos se aprecia que la Municipalidad demandada ha actuado en base a las facultades que le otorga la Ley N° 23853 Orgánica de Municipalidades en sus artículos 68°, incisos 1, 2, y 65°, inciso 13, en materia de administración de los bienes de dominio público y de comercialización, así como de acuerdo al artículo 20 del ""Reglamento del Funcionamiento de Kioskos en el Distrito de Huancayo"" aprobado por el Decreto de Alcaldía N° 067-94-A/MPH, que prohíbe el otorgamiento de autorizaciones de funcionamiento para casetas o kioskos en zonas destinadas a portales.']"
00139-1995-AA,https://tc.gob.pe/jurisprudencia/1998/00139-1995-AA.pdf,data\sentencia-Extract\1998\sentencia-pdf-1998.csv,Proceso de Amparo,,Improcedente,"['3. Que, conforme lo ha señalado éste Colegiado en reiterados pronunciamientos, tratándose de una resolución emitida en un proceso judicial, lo único que resulta amparable en la vía procesal constitucional es la transgresión manifiesta al derecho al debido proceso, es decir cuando un procedimiento ha sido absolutamente irregular, supuesto que según resulta de lo actuado no se ha presentado en el proceso laboral en que se ha emitido la resolución impugnada, toda vez que la demandante ha hecho uso de los recursos impugnativos que las normas procesales específicas establecen sin que se le haya privado el derecho de defensa o algún atributo propio del debido proceso.']"
00153-1995-AA,https://tc.gob.pe/jurisprudencia/1998/00153-1995-AA.pdf,data\sentencia-Extract\1998\sentencia-pdf-1998.csv,Proceso de Amparo,,Improcedente,"['3. Que, examinados los autos se aprecia que el demandante pretende enervar el cumplimiento de una resolución judicial que ha sido emitida por un órgano competente y dentro de un procedimiento regular, lo cual contraría la disposición antes acotada, y el artículo 6°, inciso 2) de la Ley de Hábeas Corpus y Amparo.', '4. Que, asimismo, no se puede desnaturalizar el ejercicio de la Acción de Amparo pretendiendo a través de este procedimiento constitucional evitar el cumplimiento de una resolución que tiene calidad de cosa juzgada.']"
00245-1995-AA,https://tc.gob.pe/jurisprudencia/1998/00245-1995-AA.pdf,data\sentencia-Extract\1998\sentencia-pdf-1998.csv,Proceso de Amparo,,Infundada,"['4. ""(...) De todo ello se desprende lo siguiente: a) Que, la sanción de destitución ya existía desde la época de la Ley N° 1510, b) Que, la aplicación de dicha sanción fue potestad de las Cortes Superiores de Justicia, hasta la entrada en vigencia de la nueva Ley del Notariado, Ley N° 26002, c) Que, estando en vigencia la acotada Ley N° 26002, y expresamente derogado el artículo 15° de la citada Ley N° 1510; el Consejo del Notariado, en virtud de la primera norma, asume la capacidad de resolver en última instancia, y a pedido de parte, las apelaciones que se formulen contra las Resoluciones de los Colegios de Notarios. De esta manera, conoce y resuelve el recurso de apelación formulado por el demandante, y dicta la Resolución del Consejo del Notariado N° 005-93-JUS/CN de fojas 4, disponiendo la destitución del demandante.', '5. Que, de fojas 145 a 165 corren copias de documentos, que permiten establecer, que no se vulneró el derecho de defensa del demandante.']"
00145-1995-AA,https://tc.gob.pe/jurisprudencia/1998/00145-1995-AA.pdf,data\sentencia-Extract\1998\sentencia-pdf-1998.csv,Proceso de Amparo,,Improcedente,"['5. Que, analizado lo obrante en autos se establece que los magistrados demandados con el criterio discrecional que la ley les permite han resuelto conforme a ley, consecuentemente, no han vulnerado derecho constitucional alguno a los demandantes, máxime cuando dicha resolución es consecuencia de un proceso judicial regular, y donde en el proceso correspondiente se ha respetado el derecho al debido proceso que tiene todo justiciables, en tal sentido es de expresa aplicación el inciso 2) del artículo 6° de la Ley N° 23506 y el artículo 10° de la Ley N° 25398.']"
00068-1995-AA,https://tc.gob.pe/jurisprudencia/1998/00068-1995-AA.pdf,data\sentencia-Extract\1998\sentencia-pdf-1998.csv,Proceso de Amparo,,Fundada,"['4. Que, dada la naturaleza de esta Acción de Garantía y su finalidad de reponer las cosas al estado anterior a la violación del derecho constitucional, en el presente caso no se trata de incorporar o reincorporar a la demandante después de transcurrida su desvinculación laboral por voluntad determinada por ella misma, sino de un acto de continuidad, como una medida de rehabilitación para que continúe en su mismo puesto de trabajo, por cuya razón no le es de aplicación lo previsto en la Octava Disposición Transitoria, Complementaria y Final de la Ley N° 26623, promulgada el diecinueve de junio de mil novecientos noventa y seis, esto es, con posterioridad a la fecha de la vulneración de su derecho constitucional.', '5. Que, efectuado el análisis correspondiente, este Colegiado ha llegado a establecer que el acto arbitrario de cese de la demandante ha vulnerado sus derechos constitucionales del debido proceso, contenido en el inciso 3) del artículo 139° de la Carta Magna vigente, concordante con el inciso 9) del artículo 233° de la Constitución de 1979.']"
00242-1995-AA,https://tc.gob.pe/jurisprudencia/1998/00242-1995-AA.pdf,data\sentencia-Extract\1998\sentencia-pdf-1998.csv,Proceso de Amparo,,Infundada,"['2. Que, de conformidad con lo expuesto en el fundamento anterior, el demandado al establecer una jornada de trabajo de 48 horas semanales, ha hecho uso de una facultad que le otorga la ley, acorde con lo establecido por el artículo 44° de la Carta Política del Estado de 1979, aplicable al caso, no habiendo por ello vulnerado derecho constitucional alguno de sus trabajadores.']"
00192-1995-AA,https://tc.gob.pe/jurisprudencia/1998/00192-1995-AA.pdf,data\sentencia-Extract\1998\sentencia-pdf-1998.csv,Proceso de Amparo,,Infundada,"['6. Que, lo afirmado en el considerando precedente, se encuentra corroborado con las Resoluciones Directorales N° 0264-DREP y N° 0266-DREP, ambas de fecha catorce de marzo de mil novecientos noventa y cuatro, obrantes a fojas 147 y 149, en virtud de las cuales se cumple con reubicar a los señores Erick Orestes Amperico Colque Valladares, Isaac Huanaco Apaza y Leónidas Arturo Poma Paéz en sus nuevos puestos de trabajo conservando sus niveles magisteriales, luego de haberse sometido al proceso de evaluación a que se refiere la Directiva cuestionada en autos, según constancia obrante a fojas 169.']"
00206-1995-AA,https://tc.gob.pe/jurisprudencia/1998/00206-1995-AA.pdf,data\sentencia-Extract\1998\sentencia-pdf-1998.csv,Proceso de Amparo,,Improcedente,"['3. Que, en el caso de autos ha quedado acreditado que la demandante tuvo pleno conocimiento del contenido del Acuerdo de Alcaldía N° 019\xad95\xadMDMA/A, toda vez que lo adjunta como prueba a su demanda. En ese sentido, resulta evidente que la accionante ha omitido cumplir con el requisito de procedibilidad previsto en el artículo 27° de la Ley N° 23506; es decir, ha accionado antes de agotar la vía previa de carácter público, tramitación que para este caso está prevista en los artículos 98° y siguientes del Texto Único Ordenado de la Ley de Normas Generales de Procedimientos Administrativos, motivo por el cual este Colegiado estima que no es pertinente pronunciarse sobre el fondo de la materia.']"
00102-1995-AA,https://tc.gob.pe/jurisprudencia/1999/00102-1995-AA.pdf,data\sentencia-Extract\1999\sentencia-pdf-1999.csv,Proceso de Amparo,,Improcedente,"['6. Que en consecuencia, por falta de elementos de juicio suficientes, llegar a dilucidar la cuestión planteada en la presente causa demandaría la actuación de pruebas por las partes, lo que no es posible en los procesos constitucionales como el presente, que por su naturaleza especial y sumarísima, carecen de estación probatoria; razón por la cual, la Acción de Amparo no es la vía pertinente.']"
00069-1995-AA,https://tc.gob.pe/jurisprudencia/1999/00069-1995-AA.pdf,data\sentencia-Extract\1999\sentencia-pdf-1999.csv,Proceso de Amparo,,Improcedente,"['3. Que de conformidad con lo establecido por el artículo 103° de la Ley de Normas Generales de Procedimientos Administrativos, Decreto Ley N° 26111, aplicable al caso de autos, la vía administrativa queda agotada con la resolución expedida en segunda instancia; en consecuencia, no habiendo la demandante acreditado haber interpuesto el correspondiente recurso de apelación, no ha cumplido con agotar la vía previa que exige el artículo 27° de la Ley N° 23506.']"
00165-1995-AA,https://tc.gob.pe/jurisprudencia/1999/00165-1995-AA.pdf,data\sentencia-Extract\1999\sentencia-pdf-1999.csv,Proceso de Amparo,,Fundada,"['3. Que por otra parte, y en lo que respecta al asunto de fondo, este Tribunal considera que aunque inicialmente -esto es a nivel de la existencia de un proyecto de ley-, los actos objeto de cuestionamiento no podían considerarse como lesivos a los derechos invocados, posteriormente, con la expedición de la Ley N° 26313, emitida con fecha ulterior a la interposición de la demanda, tales actos terminaron por materializar una situación que, en efecto, transgredía la autonomía universitaria, así como el principio de legislar por la naturaleza de las cosas y no por la diferencia de las personas. [...]', '5. Que sin embargo, y aún cuando la Ley N° 26313 perdió su vigencia tal y como se ha señalado en el considerando precedente y la Ley N° 26490 resultó inaplicable por su carácter manifiestamente contrario al principio de irretroactividad, este Colegiado considera que las condiciones de amenaza e inconstitucionalidad, que de hecho crearon tales normas, no han sido extinguidas de modo total, por lo que se hace necesario dispensar tutela a la pretensión reclamada.']"
00162-1995-AA,https://tc.gob.pe/jurisprudencia/1999/00162-1995-AA.pdf,data\sentencia-Extract\1999\sentencia-pdf-1999.csv,Proceso de Amparo,,Improcedente,"['2. Que, siendo ello así, y dado que se ha esbozado en la resolución que vino vía Recurso Extraordinario como argumento para desestimar la pretensión, que el demandante no habría agotado la vía previa, como cuestión liminar, este Tribunal debe evaluar si, en el caso de autos, efectivamente, no se cumplió con transitar las instancias administrativas, que como vía previa, se requiere para la interposición del amparo constitucional, conforme se prevé en el artículo 27° de la Ley N.° 23506.', '3. Que, en tal virtud, este Tribunal observa: a) Con fecha nueve de noviembre de mil novecientos noventa y dos, el Director General de la Policía Nacional del Perú, expidió la Resolución Directoral N.° 4915-92-DG-PNP/DINST, por virtud del cual se decretó separar al demandante don Felipe Belleza Ramírez, de la Escuela de Oficiales de la Policía Nacional del Perú, por deficiencia académica, conforme consta del documento obrante a fojas uno. b) Con fecha veinte de noviembre de mil novecientos noventa y dos, el demandante interpuso su Recurso de Reconsideración, el mismo que, al no ser resuelto dentro del plazo de treinta días previsto por el artículo 101° de la Ley de Normas Generales de Procedimientos Administrativos, Decreto Supremo N.° 006-SC, vigente en aquel entonces; motivó que éste se acogiera a los efectos del silencio administrativo negativo, y, como consecuencia de ello, interpusiera su demanda de Acción de Amparo, con fecha veintitrés de febrero de mil novecientos noventa y tres.', '4. Que, el demandante, después de considerar que la petición contenida en el Recurso de Reconsideración habría sido denegada, al no haberse pronunciado en forma expresa el órgano ante el cual se interpuso éste, debió haber interpuesto su Recurso de Apelación, para de ese modo agotar cabalmente la vía administrativa, lo que no ocurrió pues se interpuso la Acción de Amparo.']"
00217-1995-AA,https://tc.gob.pe/jurisprudencia/1999/00217-1995-AA.pdf,data\sentencia-Extract\1999\sentencia-pdf-1999.csv,Proceso de Amparo,,Improcedente,"['2. Que, conforme se advierte del Acta de Conciliación obrante a fojas ciento cuarenta y nueve de autos, su fecha catorce de octubre de mil novecientos noventa y tres, suscrita por la Empresa Jockey Club del Perú y el Sindicato Único de Trabajadores de Sport y Oficinas de Apuestas del Jockey Club del Perú, las partes convienen en que el período de vigencia de la suspensión temporal de labores se inicia a partir del doce de junio de mil novecientos noventa y tres y concluye el treinta y uno de diciembre del mismo año respecto a don Óscar Sotomayor Valdez y otros; y el catorce de abril de mil novecientos noventa y cuatro respecto de doña María Gaspar Espinoza y doña Nicolasa Clara Borja Gaspar y otros.', '3. Que, del mérito de las instrumentales de fojas doscientos cuatro y siguientes, la relación laboral de los demandantes ha sido restablecida en los términos que contiene la citada Acta de Conciliación, a excepción de doña María Salazar Villa, quien con fecha seis de octubre de mil novecientos noventa y tres, ha formulado renuncia a la citada Empresa, concluyendo el vínculo laboral entre las partes.']"
00170-1995-AA,https://tc.gob.pe/jurisprudencia/1999/00170-1995-AA.pdf,data\sentencia-Extract\1999\sentencia-pdf-1999.csv,Proceso de Amparo,,Improcedente,"['2. Que, se debe tener presente que la pretensión de los demandantes no se encuentra contemplada dentro de los supuestos señalados en el artículo 24º de la Ley Nº 23506, Ley de Hábeas Corpus y Amparo; motivo por el cual, para su dilucidación, deben recurrir a la vía ordinaria correspondiente, con el objeto de no desnaturalizar el carácter excepcional de este procedimiento constitucional.']"
00228-1995-AA,https://tc.gob.pe/jurisprudencia/1999/00228-1995-AA.pdf,data\sentencia-Extract\1999\sentencia-pdf-1999.csv,Proceso de Amparo,,Improcedente,"['2.\xad Que, si bien es cierto la demandante interpuso Recurso de Reconsideración contra la Resolución Nº 02445, el cual fue declarado infundado por Resolución Nº 00036, obrante a fojas catorce; se debe tener presente que la demandante no interpuso el Recurso de Apelación correspondiente; motivo por el cual, al no haber agotado la vía administrativa, resulta aplicable lo dispuesto en el artículo 27º de la Ley Nº 23506, Ley de Hábeas Corpus y Amparo.']"
00216-1995-AA,https://tc.gob.pe/jurisprudencia/1999/00216-1995-AA.pdf,data\sentencia-Extract\1999\sentencia-pdf-1999.csv,Proceso de Amparo,,Fundada,"['3. Que, teniendo en cuenta estas circunstancias, la demandante no ha sido contratada para desempeñar funciones políticas o de confianza, sino que, encontrándose prestando servicios regulares en la Municipalidad demandada, fue designada como Directora del Sistema Administrativo F-1- Jefa de la Oficina de Presupuesto y Planificación, a partir del uno de abril de mil novecientos noventa y tres, mediante la Resolución de Alcaldía N° 061-\xad93-\xadCPA cuya copia corre a fojas seis.', '4.\xad Que según el artículo 14° del referido Decreto Legislativo N° 276, el servidor de carrera designado para desempeñar cargos políticos o de confianza tiene derecho a retornar a su grupo ocupacional y nivel de carrera al concluir tal designación, toda vez que la pérdida de confianza no se encuentra contemplada como causal de cese ni de pérdida de la estabilidad laboral en la Administración Pública.']"
00091-1995-AA,https://tc.gob.pe/jurisprudencia/1999/00091-1995-AA.pdf,data\sentencia-Extract\1999\sentencia-pdf-1999.csv,Proceso de Amparo,,Improcedente,"['3. Que, conforme lo ha establecido el Tribunal Constitucional en reiterados pronunciamientos, las leyes especiales, como es el caso del Decreto Legislativo N° 639, que autorizan la realización de procesos de evaluación de personal y que facultan a entidades de la administración pública a declarar la excedencia de personal que no califique, introducen una nueva causal de cese, la cual no está vinculada a la comisión de falta disciplinaria alguna que amerite se abra proceso administrativo disciplinario contra el personal considerado excedente.', '4. Que, en consecuencia, habiendo la demandada cumplido con el proceso de selección de personal de acuerdo a la citada Ley autoritativa, y no habiendo los demandantes acreditado que haya existido alguna irregularidad en dicho proceso de evaluación de personal, debe concluirse que en el presente proceso constitucional no se ha configurado la alegada vulneración de derechos constitucionales.']"
00179-1995-AA,https://tc.gob.pe/jurisprudencia/1999/00179-1995-AA.pdf,data\sentencia-Extract\1999\sentencia-pdf-1999.csv,Proceso de Amparo,,Improcedente,"['3. Que, de lo actuado se establece que el demandante tenía el cargo de Tesorero II y la Administración, como consecuencia de las labores de la Comisión de Revisión y Culminación del Proceso de Reestructuración y Reorganización de la Dirección Regional de Educación de la Región Los Libertadores\xad Wari \xad\xaddispuesto por el Decreto Ley Nº 26109\xad\xad, publicó un proyecto del nuevo Cuadro para Asignación de Personal, en el que dicha plaza se considera vacante; que, sin embargo, no se ha acreditado que dicho proyecto ha sido aprobado y, por otro lado, como lo reconoce el mismo demandante, éste se mantiene en su centro laboral.', '4. Que, en su escrito de fojas ciento setenta y seis, presentado el veinte de marzo de mil novecientos noventa y cinco, el demandante señala que ya no ocupa la referida plaza, sin embargo, no afirma que, a consecuencia de dicho cambio, se haya afectado su nivel de carrera o rebajado sus remuneraciones. Tal como el Tribunal Constitucional lo tiene señalado, el cambio de lugar de trabajo dentro de la propia institución, percibiendo igual salario, no afecta ningún derecho constitucional, salvo que la nueva labor afecte la dignidad del trabajador, que no es el caso.']"
00221-1995-AA,https://tc.gob.pe/jurisprudencia/1999/00221-1995-AA.pdf,data\sentencia-Extract\1999\sentencia-pdf-1999.csv,Proceso de Amparo,,Improcedente,"['2. Que, según el escrito de demanda, a fojas ocho, el recurrente manifiesta que la resolución judicial, objeto de la pretensión, se notificó el diez de agosto de mil novecientos noventa y tres; al quince de noviembre de mil novecientos noventa y tres, fecha de la interposición de la demanda, se había vencido el plazo de sesenta días hábiles para interponer la Acción de Amparo, como dispone el artículo 37° de la Ley N° 23506.']"
00211-1995-AA,https://tc.gob.pe/jurisprudencia/1999/00211-1995-AA.pdf,data\sentencia-Extract\1999\sentencia-pdf-1999.csv,Proceso de Amparo,,Improcedente,"['2. Que la presente Acción de Amparo supone el cuestionamiento del régimen del Impuesto a la Renta normado por el Decreto Ley N° 25751, del tres de octubre de mil novecientos noventa y dos. En efecto, se trata de analizar la aplicación de normas legales para la exoneración tributaria de que supuestamente gozan las pensiones que se originan en el trabajo, por disposición de la Ley N° 24405, del diecinueve de diciembre de mil novecientos ochenta y cinco, y su modificatoria la Ley N° 24625, del treinta de diciembre de mil novecientos ochenta y seis. Y, ello debe determinarse en la vía correspondiente.']"
00125-1995-AA,https://tc.gob.pe/jurisprudencia/1999/00125-1995-AA.pdf,data\sentencia-Extract\1999\sentencia-pdf-1999.csv,Proceso de Amparo,,Improcedente,"['3. Que, en el presente caso, habiendo la Municipalidad Provincial de Huarochirí interpuesto Acción de Amparo contra el Ministerio de Transportes, Comunicaciones, Vivienda y Construcción, es aplicable la causal establecida en el inciso 4) artículo 6º, de la Ley N.º 23506, que señala: “No proceden Acciones de Garantía de las dependencias administrativas, incluyendo las empresas públicas, contra los Poderes del Estado y los organismos creados por la Constitución, por los actos efectuados en el ejercicio regular de sus funciones”, siendo a su vez que la Municipalidad Provincial de Huarochirí constituye un organismo creado por la Constitución y el Ministerio de Transportes, Comunicaciones, Vivienda y Construcción, que forma parte de uno de los Poderes del Estado, cual es, el Poder Ejecutivo.']"
00137-1995-AA,https://tc.gob.pe/jurisprudencia/1999/00137-1995-AA.pdf,data\sentencia-Extract\1999\sentencia-pdf-1999.csv,Proceso de Amparo,,Improcedente,"['2. Que, desde el diecisiete de marzo de mil novecientos noventa y tres al veintisiete de diciembre del mismo año, fecha de presentación de la demanda de Acción de Amparo, transcurrió en exceso el plazo de caducidad establecido en el artículo 37º de la Ley N.º 23506, Ley de Hábeas Corpus y Amparo.']"
00096-1995-AA,https://tc.gob.pe/jurisprudencia/1999/00096-1995-AA.pdf,data\sentencia-Extract\1999\sentencia-pdf-1999.csv,Proceso de Amparo,,Improcedente,"['1. Que de la demanda incoada se acredita que la pretensión de los demandantes es que se dejen sin efecto las sentencias judiciales que fueron expedidas por los emplazados en las acciones que por calificación de despido interpusieron en la vía ordinaria contra su ex empleadora Southern Perú Copper Corporation; para el caso, el Tribunal Constitucional ya ha establecido que mediante la Acción de Amparo no se puede pretender desconocer una sentencia definitiva que incluso ha pasado a tener la autoridad de cosa juzgada, pues de hacerlo se estaría quebrantando el principio de seguridad jurídica, máxime si los demandantes en el proceso judicial cuestionado han hecho uso de los medios de defensa e impugnaciones que la ley le franquea.']"
00122-1995-AA,https://tc.gob.pe/jurisprudencia/1999/00122-1995-AA.pdf,data\sentencia-Extract\1999\sentencia-pdf-1999.csv,Proceso de Amparo,,Improcedente,"['1. Que la vía de las acciones de garantía no es una suprainstancia donde puede revisarse procesos judiciales fenecidos, que incluso han pasado en autoridad de cosa juzgada, puesto que tal pretensión quebrantaría el principio de seguridad jurídica, con infracción de lo establecido en el inciso 13) del artículo 139 de la Constitución Política del Estado, además, de existir alguna arbitrariedad o irregularidad de tal ejecución, es en el propio proceso, con los instrumentales y las pruebas respectivas, en donde el agraviado deberá interponer los recursos que la ley le franquea.', '2. Que, tratándose en el caso de autos de una acción interpuesta contra una resolución judicial emanada de un proceso regular, es de expresa aplicación el inciso 2) del artículo 6 de la Ley N.° 23506, concordante con el artículo 10 de la Ley N.° 25398.']"
00225-1995-AA,https://tc.gob.pe/jurisprudencia/1999/00225-1995-AA.pdf,data\sentencia-Extract\1999\sentencia-pdf-1999.csv,Proceso de Amparo,,Fundada,"['5. Que, en cuanto al fondo se refiere, en el presente caso, la demandada no ha observado el procedimiento establecido en la ley de la materia. En efecto, el artículo 163 del Reglamento de la Ley de la Carrera Administrativa establece que el servidor público que incurra en falta de carácter disciplinario, cuya gravedad pudiera ser causal de cese temporal o destitución, será sometido a proceso administrativo disciplinario que no excederá de treinta días hábiles improrrogables. Es el caso que la demandada instauró el proceso administrativo el veinticinco de mayo de mil novecientos noventa y dos y lo suspende el seis de julio del mismo año, es decir, vencidos los treinta días que tenía para culminar el proceso; luego, tres meses después, en octubre, lo reinicia con la agravante de que se trataban de ventilar los mismos hechos o infracciones atribuidas al demandante y, además, éste no fue notificado oportunamente para poder ejercer su derecho de defensa, siendo el caso que la notificación de la Resolución que dispuso se reinicie el proceso, se llevó a cabo después de emitida la Resolución de destitución.', '6. Que, asimismo, el artículo 70 del referido Reglamento establece que la Comisión hará las investigaciones del caso, solicitando los informes respectivos, examinará las pruebas que se presenten y elevará un informe al titular de la entidad, recomendando la sanción que sea de aplicación. En autos la demandada no ha probado que se haya cumplido con dicha disposición.', '7. Que, en consecuencia, la demandada ha vulnerado los derechos constitucionales a la protección contra el despido arbitrario, al trabajo y al debido proceso del demandante.']"
00098-1995-AA,https://tc.gob.pe/jurisprudencia/1999/00098-1995-AA.pdf,data\sentencia-Extract\1999\sentencia-pdf-1999.csv,Proceso de Amparo,,Improcedente,"['3. Que, de autos se advierte que las resoluciones impugnadas fueron expedidas por ex Tribunal de Trabajo de Arequipa, con fecha veintidós de noviembre de mil novecientos noventa y uno, por lo que al haberse interpuesto la presente demanda, el diez de noviembre de mil novecientos noventa y dos, vale decir, luego de más de once meses de transcurrida la supuesta violación del derecho constitucional alegado por los demandantes, resulta aplicable lo dispuesto en el artículo 37 de la Ley N.º 23506, Ley de Hábeas Corpus y Amparo, por haberse producido la caducidad de la acción.']"
00128-1995-AA,https://tc.gob.pe/jurisprudencia/1999/00128-1995-AA.pdf,data\sentencia-Extract\1999\sentencia-pdf-1999.csv,Proceso de Amparo,,Improcedente,"['1. Que, como es de verse, la demanda ha sido interpuesta contra los Vocales que, conformando la Tercera Sala Laboral de la Corte Superior de Justicia de Lima, expidieron el auto de vista de fecha veinte de julio de mil novecientos noventa y tres, el cual, a criterio del demandante, modifica la sentencia de vista del dieciséis de febrero de mil novecientos noventa y tres, que adquirió autoridad de cosa juzgada. [...]', '3. Que la resolución cuestionada ha sido expedida haciendo uso de las atribuciones que le confiere la ley a la Sala Jurisdiccional al momento de expedirla.', '4. Que, del proceso aparece que no se ha afectado ningún acto formal o de fondo de nivel constitucional.']"
00066-1995-AA,https://tc.gob.pe/jurisprudencia/1999/00066-1995-AA.pdf,data\sentencia-Extract\1999\sentencia-pdf-1999.csv,Proceso de Amparo,,Infundada,"['3. Que, si bien el artículo 43° de la Constitución Política de 1979 establecía que el trabajador tiene derecho a igual remuneración por igual trabajo prestado en idénticas condiciones al mismo empleador, en el caso de autos no se presenta dicha igualdad, por cuanto se trata de trabajos diferentes, conforme a lo establecido en el dispositivo legal señalado en el fundamento precedente. En este sentido, tanto el Acuerdo N.° 8-33-IPSS-90 como la Resolución N.° 372-GCDP-IPSS-92, que ponen en vigencia un nuevo cuadro de grupos ocupacionales y de remuneraciones, estableciendo dicha diferencia en los niveles de carrera, no violan los derechos fundamentales invocados por los demandantes.', '4. Que, posteriormente, por Decreto Supremo N.° 051-91-PCM, de fecha tres de abril de mil novecientos noventa y uno, se han establecido los niveles remunerativos de los funcionarios, directivos, servidores y pensionistas del Estado en el marco del Proceso de Homologación, Carrera Pública y Sistema Único de Remuneraciones y Bonificaciones; determinándose dentro de la escala de los profesionales de la salud, en primer lugar, al médico cirujano, en segundo lugar, al cirujano dentista, químico farmacéutico, ingeniero sanitario, médico veterinario, biólogo, psicólogo, etc.']"
00114-1995-AA,https://tc.gob.pe/jurisprudencia/1999/00114-1995-AA.pdf,data\sentencia-Extract\1999\sentencia-pdf-1999.csv,Proceso de Amparo,,Fundada,"['2. Que, como bien se expresa en la demanda, don Hernán Glicerio Martínez León ingresó en el mes de junio del año mil novecientos cincuenta y nueve a laborar en la Dirección General de Correos, Administración de Ayacucho; consecuentemente, dentro del régimen del Decreto Ley N.° 11377, y, a partir del treinta y uno de diciembre de mil novecientos setenta y ocho, por aplicación del Decreto Ley N.° 22412 es transferido a Entel Perú S.A., bajo el régimen laboral establecido por la entonces vigente Ley N.° 4916.', '3. Que, de conformidad con lo expuesto en los fundamentos precedentes, queda acreditado que el demandante cumple con los requisitos establecidos por la Ley N.° 25273, razón por la que, conforme lo ha establecido este Tribunal en las sentencias recaídas en los expedientes N.° 085-95-AA/TC y 228-98-AA/TC, resulta precedente su reincorporación dentro del régimen de pensiones regulado por el Decreto Ley N.° 20530; no habiendo la demandada cumplido con ello, vulneró los derechos constitucionales invocados por el demandante.']"
00013-1995-AA,https://tc.gob.pe/jurisprudencia/2000/00013-1995-AA.pdf,data\sentencia-Extract\2000\sentencia-pdf-2000.csv,Proceso de Amparo,,Improcedente,"['2. Que, en consecuencia, el plazo de caducidad establecido en el artículo 37° de la Ley N.° 23506 de Hábeas Corpus y Amparo, debe computarse a partir del día veintiséis de mayo de mil novecientos noventa y dos, fecha en que vencieron los 60 días hábiles que tenía la administración para resolver el recurso impugnatorio de apelación, de acuerdo a lo establecido en el artículo 25° del Reglamento de la Ley de Simplificación Administrativa, aprobado por el Decreto Supremo N.° 002-90 PCM, -disposiciones vigentes cuando se produjeron los hechos-, habiéndose presentado la demanda el nueve de noviembre de mil novecientos noventa y dos, ha transcurrido en exceso el plazo de sesenta días para su interposición, produciéndose así la caducidad para el ejercicio de la acción.']"
00244-1995-AA,https://tc.gob.pe/jurisprudencia/2003/00004-1993-AA%2000323-1996-AA%2000244-1995-AA%2000373-1998-AA%2000687-1999-AA%20Resolucion.pdf,data\sentencia-Extract\2003\sentencia-pdf-2003.csv,Proceso de Amparo,,Improcedente,"['2. Que los propios demandantes señalan que interpusieron los recursos de casación que mencionan fuera del plazo de ocho días establecido por la Ley N.° 23436, la misma que era aplicable a sus casos en virtud a la Quinta Disposición Transitoria del Código Procesal Civil, que establece que los procesos iniciados antes de la vigencia de este código, continuarán su trámite según las normas procesales con las cuales se iniciaron; en consecuencia, no se advierte la vulneración de los derechos invocados por los demandantes, siendo de aplicación lo dispuesto por el artículo 6°, inciso 2), de la Ley N.° 23506.']"
00181-1995-AA,https://tc.gob.pe/jurisprudencia/2003/01251-1999-AA%2001252-1999-AA%2000827-2000-AA%2000118-1996-AA%2000181-1999-AA%20Resolucion.pdf,data\sentencia-Extract\2003\sentencia-pdf-2003.csv,Proceso de Amparo,,Improcedente/Fundada,"['2. Que, conforme lo tiene establecido este Tribunal en reiterada jurisprudencia, de conformidad con el artículo 99° de la Ley de Normas Generales de Procedimientos Administrativos, una vez interpuesto el recurso de apelación, la administración tiene el plazo de treinta días para resolverlo, transcurridos los cuales se produce el silencio administrativo negativo, quedando habilitado de ese modo el demandante para acudir a la Acción de Amparo.', '3. Que, consta en autos a fojas tres, el recurso de nulidad, entendido como recurso de apelación, contra la Resolución Regional N.° 86-IV-RPNP-UP-AMDI, el cual fue interpuesto con fecha diecisiete de octubre de mil novecientos noventa y siete, luego del cual la autoridad administrativa disponía del plazo de treinta días para resolverlo, después del cual, de no haber existido pronunciamiento expreso dentro del plazo señalado, empezaba a transcurrir el plazo para la interposición de la Acción de Amparo, el que expiró el veinticuatro de febrero de mil novecientos noventa y ocho. En consecuencia, conforme obra en autos a fojas veinticuatro, habiendo sido interpuesta la demanda con fecha veinticuatro de junio mil novecientos noventa y nueve, ha sido efectuado de manera extemporánea, por lo que ya caducó el ejercicio de la Acción de Amparo, de conformidad con el artículo 37° de la Ley N.° 23506.']"
