numero_expediente,year,doc_type,source_file,original_snippet,cleaned_text,original_len,cleaned_len,noisy,reversed_fixed
00002-1996-AI,1997,sentencia,data\sentencia-Extract\1997\sentencia-pdf-1997.csv,,,0,0,True,False
00004-1996-AI,1997,sentencia,data\sentencia-Extract\1997\sentencia-pdf-1997.csv,"Treinta y tres Congresistas de la República, debidamente acreditados, interponen demanda de
inconstitucionalidad contra la Ley 26637°, que modifica la administración del programa municipal del vaso
de leche.
Amparan su pretensión en lo dispuesto por los artículos 2°, incisos 2 y 13, 78°, 191°, 20","Treinta y tres Congresistas de la República, debidamente acreditados, interponen demanda de inconstitucionalidad contra la Ley 26637°, que modifica la administración del programa municipal del vaso de leche. Amparan su pretensión en lo dispuesto por los artículos 2°, incisos 2 y 13, 78°, 191°, 200° Y 203°, inciso 4, de la Constitución; en lo dispuesto por los artículos 20°, 2]0, Y 22° de la Ley 263435°, Orgánica del Tribunal Constitucional; así como en lo previsto por las leyes 26618°, 26619° yen el Reglamento del Congreso de la República. Sostienen los demandantes que la Ley 26637° es inconstitucional por vulnerar los artículos 2°, incisos 2° y 13°, 78° Y 191 ° de la Carta Magna, que reconocen los derechos de igualdad y de asociación, así como la facultad de iniciativa legislativa del Poder Ejecutivo en materia presupuestal y la autonomía administrativa de las municipalidades, respectivamente. Los fundamentos en que apoyan su pretensión son los siguientes: a) Refieren, en primer lugar, que el segundo párrafo del artículo 4° de la Ley 26637°, al facultar a las municipalidades provinciales, en los distritos capital de la provincia, y las municipalidades distritales en su jurisdicción, a que ""organicen y determin(e)n"" los clubes de madres o comités del vaso de leche que • se encargarán de la atención del referido programa, vulnera la libertad de asociación, pues las municipalidades no pueden inmiscuirse en los asuntos privados, organizándolos, ya que su constitución se debe a una decisión autónoma de las madres de familia. b) Sostienen, igualmente, que el segundo párrafo del artículo 4° de la ley cuestionada, vulnera el derecho a la igualdad, previsto en el inciso 2° del artículo 2° de la Constitución, pues su redacción abre las puertas a la posibilidad que los comités de vaso del leche que no reúnan los requisitos exigidos por el grupo político a cargo de la municipalidad distrital correspondiente, o los no organizados en los comités o clubes de madres, sean discriminados en el reparto de leche. Aluden que dicha situación no ocurría con los alcances de la ley 24059°, pues allí no se estableció el requisito de la inscripción previa en algún comité o club de madres, ni tampoco la necesidad de cumplir ciertos requerimientos ante las municipalidades. c) Asimismo, señalan que la Ley 26637° viola la autonomía administrativa de las municipalidades, consagrada en el artículo 191° de la Constitución y desarrollada por el artículo 2° de la ley 23853°, Orgánica de Municipalidades, ya que de conformidad con ella se permite a los gobiernos locales que, de acuerdo a sus particularidades geográficas, demográficas, económicas y culturales, determinen la forma y el modo en que se organizan para administrar sus recursos y brindar los servicios que requieren sus vecinos. Dicha ley, en el primer párrafo del artículo 4°, al prever que ""en cada Consejo Distrital se organizará un Comité de Administración del Programa del Vaso de Leche, aprobado por Decreto de Alcaldía"", no está desarrollando una norma general de funcionamiento para el sector público, sino invadiendo la autonomía administrativa de las municipalidades en asuntos de su competencia, señalándose le la manera conforme a la cual se deberá de organizar para brindar dicho servicio. Adicionalmente a ello, y dada la naturaleza propia de la ley, dichos gobiernos locales se verán obligados a efectuar gastos de infraestructura y administración, por lo que entienden que la partida presupuestal asignada al programa del vaso de leche se verá disminuida, y en consecuencia serían atendidos menos beneficiarios. d) Recuerdan, de otro lado, que la ley 26637°, al modificar el artículo 33 de la Ley del Presupuesto del sector público vigente, y aprobar una reestructuración del programa del vaso de leche, que transfiere asignaciones que estaban destinadas a las unidades ejecutoras constituidas por las municipalidades provinciales de Lima y Callao, para que el Ministerio de Economía y Finanzas las subdivida y gire fondos a las municipalidades distritales de las referidas provincias, convertidas en nuevas unidades ejecutoras presupuestales, tiene vicios formales de inconstitucionalidad, pues, conforme lo dispone el artículo 78° de la Constitución, la iniciativa en la formación yen la modificación de las normas presupuestarias las tiene el Poder Ejecutivo, y no los representantes del Congreso de la República. Vulnera, además, el artículo 79° de la Constitución, pues allí se prevé que los congresistas no tienen iniciativa para crear ni aumentar gastos públicos, salvo los que se refieren a su presupuesto. Pues bien, aducen que la Ley 26637° que se cuestiona, tuvo su origen en el Proyecto de Ley N° 1405/95 CR, por iniciativa de las congresistas Martha Chávez Cossío de acampo y Carmen Lozada de Gamboa, y no en un proyecto remitido por el Poder Ejecutivo. Del mismo modo, recuerdan, no se ha respetado lo previsto en el segundo párrafo del artículo 43° de la ley 26199°, de Marco del Proceso Presupuestal, que contempla la obligación de que las transforencias de asignaciones sean autorizadas por las Jefaturas del Programa de la Unidad Ejecutora de actividades y proyectos, que en el caso de autos deberían haber sido realizadas por los jefes de los programas del vaso de leche de las municipalidades provinciales de Lima y el Callao. e) De otro lado, aluden que durante el proceso de formación de la ley 26637°, la Comisión de Presupuesto y Cuenta General del Congreso violó la ley marco del proceso presupuestal, signada con el número 26199°, ya que en transgresión de los artículos 11 y 19 de ella, la aprobación y sanción de la ley cuestionada rompió la unidad de la ley de presupuesto y el principio de periodicidad anual al darle una vigencia indeterminada, cuando la ley del presupuesto debía de concluir el treinta y uno de diciembre de mil novecientos noventa y seis; y porque no se cumplió con recabar la opinión del director general de presupuesto público respecto del proyecto de ley. cuando tales asuntos se encuentran entre sus competencias. j) Finalmente. refieren que en el proceso de formación de la ley cuestionada se incumplió con el artículo 75 del Reglamento del Congreso. que exige el acompañamiento de los proyectos de ley. de una exposición de motivos donde se detalle los fundamentos. el efecto de la vigencia de la norma que se propone en la legislación nacional. el análisis de costo-beneficio de la futura norma-legal y la fórmula legal respectiva. Tal transgresión se habría producido como consecuencia de no haberse acompañado al proyecto 1405/95-CR presentado por las congresistas Martha Chávez y Lozada de Gamboa. los fundamentos técnicos. el análisis de costo-beneficio y el impacto que provocaría dicha norma. Absolviendo el trámite de contestación de la demanda. el Congreso de la República. debidamente representada por la Congresista Martha Chávez Cossio. la niega y contradice en todos los fundamentos de hecho y derecho. en los siguientes términos: a) Porque la sanción de la ley 26637°. completó el proceso de distritalización a nivel nacional de la administración del programa del vaso de leche. pues en la tercera de las disposiciones finales y transitorias de la ley de presupuesto del sector público del año mil novecientos noventa y cuatro. se había previsto que a partir de aquel año serían los municipios distritales los que tendrían la responsabilidad de administrar tales recursos. Con la aprobación de la ley 26637°. que no ha significado incrementar mayores gastos. sino desdoblar un programa. se ha perfeccionado el proceso de distritalización. y al mismo tiempo. cumplido con lo previsto en el artículo 188 de la Constitución. que establece que la descentralización es un proceso permanente que tiene por objetivo el desarrollo integral del país. b) La ley 26637°. en ninguna de sus disposiciones. impide. prohibe o limita la existencia de los clubes de madres o comités del vaso de leche. y por tanto no afecta el derecho de asociación previsto en el inciso 13° del artículo JO de la Constitución. Refieren que el segundo párrafo del artículo 4° de la ley cuestionada. en realidad pretende distinguir entre la gestión administrativa. que debe quedar bajo la autoridad y responsabilidad del Alcalde y del Concejo. y la organización social encargada de la atención del programa. previendo a tal efecto una serie de reglas. requisitos y exigencias con el objeto de asegurar una utilización eficiente y honesta de los recursos que el programa demande. Aún si el sentido del referido artículo 4° de la ley fuese el que esgrimen los acci onan tes. ello no significa que se impida o limite que personas (naturales o jurídicas). puedan igualmente crearlas. y que dichas organizaciones continúen funcionando sin problema alguno; ni tampoco que se limite el acceso de la población a obtener las prestaciones provenientes del programa. ya que continuarían recibiéndoles a través de las entidades organizadas. e) En el mismo sentido. alega que no se viola el derecho de igualdad. pues la ley 26637° elimina el tratamiento diferenciado que existe respecto a la administración y gestión de los recursos del vaso de leche entre los municipios distritales de todo el país. excepto los de las provincias de Lima y Callao. que tenían un régimen transitorio. impidiéndose y mediatizándose lafiscalización ciudadana. d) Observa que tampoco existe violación a la autonomía administrativa de las municipalidades previsto en el artículo 191° de la Constitución. pues precisamente la ley 26637° al haber dado a las municipalidades distritales la administración del programa. lo que en realidad ha hecho es perfeccionar el pleno cumplimiento de las previsiones constitucionales. e) Refiere que tampoco se han violado los artículos 78 y 79° de la Constitución. pues con la aprobación de la ley 26637° no se ha generado o aumentado gasto alguno que repercuta en el Presupuesto de la República. ya que lo único que se ha hecho es que el programa presupuestal del vaso de leche de estas provincias se haya desdoblado en tantos sub-programas como distritos tengan; no constituyendo. por tanto. una ley que fomente créditos suplementarios. habilitaciones o transferencias de partidas entre distintos pliegos presupuestales. pues constituye una subdivisión dentro de un mismo pliego presupuesta/. j) Finalmente. resalta que en nuestro ordenamiento jurídico no existe norma alguna que obligue al Congreso de la República que para el ejercicio de sus atribuciones legislativas. tenga que recabar previamente la opinión de algún otro ente, salvo en aquellos supuestos a los que se alude en el segundo y tercer párrafo del artículo 79° de la Constitución, pero que no son aplicables al caso de autos pues allí se alude a normas de tipo tributario. En el mismo sentido, recuerda que el proyecto de ley prevé una parte considerativa donde se aprecia no sólo la atención a un problema existente sino también a la fundamentación técnico económica y el análisis de costo-beneficio pertinente. Habiéndose visto la causa el día veintiuno de noviembre de mil novecientos noventa y seis, los autos son sometidos al Pleno Jurisdiccional para su deliberación:",11284,11167,False,False
00006-1996-AI,1997,sentencia,data\sentencia-Extract\1997\sentencia-pdf-1997.csv,,,0,0,True,False
00056-1995-AA,1997,sentencia,data\sentencia-Extract\1997\sentencia-pdf-1997.csv,,,0,0,True,False
00169-1996-AA,1997,sentencia,data\sentencia-Extract\1997\sentencia-pdf-1997.csv,"Recurso extraordinario interpuesto contra la sentencia, de fecha diecinueve
de octubre de mil novecientos noventa y cinco, expedida por la Segunda Sala •
Especializada Civil de la Corte Superior de Arequipa, que -revocando la de treinta
de junio de mil novecientos noventa y cinco-, declara improc","Recurso extraordinario interpuesto contra la sentencia, de fecha diecinueve de octubre de mil novecientos noventa y cinco, expedida por la Segunda Sala • Especializada Civil de la Corte Superior de Arequipa, que -revocando la de treinta de junio de mil novecientos noventa y cinco-, declara improcedente la acción de amparo incoada por HUGO MARCIAL JOVE QUIMPER contra el Instituto Peruano de Seguridad Social (IPSS), representado por el Gerente General del Hospital Nacional del Sur. , ANTECEDENTES: El demandante pretende se declare sin valor y efecto la Resolución Directoral N° 571-DG-IPSS-92, de fecha dieciséis de noviembre de mil novecientos noventa y I dos, que lo cesa en el cargo de Auxiliar de Servicios Generales I, alegando que no es personal administrativo y que no pudo concurrir al examen de selección y • • . , , • . . , • • • • calificación previsto para el día domingo quince de noviembre de aquel año, al no poder abandonar su puesto de trabajo, por ser el único trabajador de servicio intra hospitalario, no habiéndosele, tampoco, notificado para que se presentase a rendir dicho examen, ni entregado las credenciales que le permitiesen ingresar para ese propósito al local de la Universidad Católica de Santa María, habiendo esperado, luego de sus múltiples gestiones y reclamos, que se le señalase nueva fecha, lo que no ocurrió. Afirma también no haber sido notificado con la resolución directoral impugnada, de cuyo contenido se ha enterado extraoficialmente sólo el doce de diciembre de mil novecientos noventa y cuatro, por lo que -para no verse perjudicado- interpuso contra dicho acto recurso de apelación que reiteró el tres de enero de mil novecientos noventa y cinco, el cual no ha sido resuelto, habiéndose agotado la vía administrativa por efecto del silencio administrativo, el veintitrés de enero de mil novecientos noventa y cinco, por lo que no se podrá alegar caducidad alguna de la acción, ya que se ha ejecutado aquella resolución directoral sin que hubiese quedado consentida, no constituyendo tampoco última instancia administrativa, estimando que con este acto se han violado sus derechos de servidor público de carrera, así como las garantías del debido proceso, de legalidad, de defensa, y de estabilidad laboral. El Cuarto Juzgado Especializado Civil de Arequipa, con fecha treinta de junio de mil novecientos noventa y cinco, resuelve declarar fundada la acción de amparo, apoyándose en que no se habría observado el debido proceso, al no habérsele notificado al demandante por escrito la fecha del examen evaluativo. La Segunda Sala Especializada Civil de Arequipa, estimando que el demandado, conforme a la comunicación que en copia corre a fojas ciento cuarenta y ocho, tuvo pleno conocimiento del proceso de racionalización y de la fecha del indicado examen, así como que también tomó oportuno conocimiento de la Resolución Directoral N° 571-DG-IPSS-92, de dieciséis de noviembre de mil novecientos noventa y dos, cuya transcripción devuelve, por conducto notarial, el primero de diciembre de mil novecientos noventa y dos, según se aprecia de la copia de la carta notarial corriente a fojas ciento setenta y cinco, resuelve revocar la apelada en todos sus extremos, y reformándola declara improcedente la acción incoada por su man{{iesta caducidad. El recurso de ""nulidad"", entendido como recurso ""extraordinario "", llega a este Tribunal. ENTOS: Fluye de autos que el demandante llegó a tomar conocimiento del acto impugnado trece días .después de la fecha del examen evaluativo, al cual decide no .. ' • • • • • • • • • • concurrir, según comunicación cursada notarialmente por éste, y no, como alega en su demanda, donde dice que se enteró extraoficialmente de aquel acto administrativo sólo el doce de diciembre de mil novecientos noventa y cuatro; habiendo estado debidamente informado tanto de las opciones que el Decreto Ley N° 25636 ofrecía a los trabajadores de la entidad, dentro del proceso de racionalización, como de las reglas y procedimientos establecidos para llevar a cabo dicho proceso; habiendo optado, pues, con suficiente conocimiento de causa, por no presentarse al respectivo examen, por lo que en aplicación del artículo 37° de la Ley N° 23506, a la fecha de interposición de la presente acción de amparo, ésta, había ya caducado;",4386,4306,False,False
00036-1996-AA,1997,sentencia,data\sentencia-Extract\1997\sentencia-pdf-1997.csv,,,0,0,True,False
00680-1996-AA,1997,sentencia,data\sentencia-Extract\1997\sentencia-pdf-1997.csv,"Recurso extraordinario contra la resolución de la Sala de Derecho Constitucional y Social de
la Corte Suprema, de fecha dos de julio de mil novecientos noventa y seis, que declara No Haber
Nulidad en la resolución de vista, que confirmando la apelada, declaró improcedente la Acción de
Amparo inte","Recurso extraordinario contra la resolución de la Sala de Derecho Constitucional y Social de la Corte Suprema, de fecha dos de julio de mil novecientos noventa y seis, que declara No Haber Nulidad en la resolución de vista, que confirmando la apelada, declaró improcedente la Acción de Amparo interpuesta. ANTE<7EDENTES Consorcio Textil del Pacifico SAo que absorviera a TOP KNIT SA., representada por su director ejecutivo Olaf Heinz Cristiani, interpone Acción de Amparo contra los representantes legales de la Superintendencia Nacional de Administración Tributaria y el Ministerio de Economia, por violación de sus derechos al trabajo, de propiedad y no confiscatoriedad de los tributos. Ampara su pretensión en lo dispuesto por los articulos 2°, incisos 15° y 16°, 70°, 74° Y 200°, inciso 2° de la Constitución; osi como en los articulos 1°, 2°, 3°, 24°, 26° Y 28°, inciso ]O de la ley 23506°, y sus modificatorias; y en lo dispuesto por el articulo 8° del Pacto de San José de Costa Rica. Sostiene el recu""ente que la empresa absorvida por su representada, TOP KNIT SAo dejó de pagar a la SUNAT el importe del impuesto mínimo a la renta co""espondiente al mes de diciembre de mil novecientos noventa y tres, tras haberlo efectuado durante los primeros once meses, ya que se encontraba con pérdidas económicas. Refiere que, frente a estas circunstancias de no pagar por aquello que no percibían, la SUNAT les cursó la orden de pago número 93-101-115-J-26688-01, por un importe ascendente a seis mil doscientos noventa con seis céntimos de nuevo sol, más intereses, bajo advertencia de iniciarse un proceso de ejecución coactiva. Es por ello que, con fecha diecisiete de febrero de mil novecientos noventa y cuatro, interpusieron el recurso de reclamación ante la entidad recaudadora del tributo; el mismo que fuera declarado inadmisible por resolución de intendencia número 015-4-01022, de fecha treinta de junio de mil novecientos noventa y cuatro, y notificada el veintiuno de julio del mismo año, pues para reclamar previamente tenia que pagar el integro de la deuda tributaria. Alega que la compulsión del pago de la renta que no percibe, y que efectuara la SUNAT, se ampara en el artículo 118 del decreto ley 25571°, cuyos actos de aplicación, concretamente, vulneran el derecho de propiedad, a trabajar libremente y el principio de no confiscatoriedad de los tributos. Precisa que su empresa, a la fecha de interposición de la demanda, tiene pérdidas económicas que exceden los tres millones de soles, y que por tanto su petitorio se dirige no a cuestionar la validez de la norma que crea el impuesto mínimo a la renta, sino los actos que a su amparo se han dictado. Admitida la demanda, esta es contestada por el representante legal de la Superintendencia Nacional de Administración Tributaria, solicitando se declare improcedente, en base a las siguientes razones: a) Por haber caducado el plazo para que la aclora interponga la Acción de Amparo, pues el decreto ley 25571° entró en vigencia el primero de enero de mil novecientos noventa y tres. b) Porque el impuesto mínimo a la renta no es confiscatorio, pues no absorve una parle sustancial del patrimonio o la renta. c) Porque el proceso de Amparo no procede contra normas legales, y en el caso concreto se pretende impugnar el artículo 118 del decreto ley mencionado. d) Porque la cobranza coactiva que se tenga que realizar con la demandante, no constituye una amenaza de violación de sus derechos constitucionales, pues la SUNAT procedió a emitir la correspondiente orden de pago, tras la declaración de la propia accionante del importe del impuesto que deberia de pagarse. e) Finalmente, porque la aclora no ha agotado las vias previas, ya que el Código Tributario prevé medios impugnatorios contra la determinación de los tributos, estación procesal ésta que no se ha cumplido con agotar. Asimismo, contestó la demanda el Procurador de las asuntos judiciales del Ministerio de Economia y Finanzas, cuyos fundamentos son: a) El impuesto mínimo a la renta no supone violación del principio de legalidad y tampoco es confiscatorio. b) porque el tributo que se cuestiona no constituye un impuesto al patrimonio disfrazado ni una exacción ilegítima. c) porque la Acción de Amparo no procede contra normas legales, y en el caso se pretende cuestionar la validez de la norma que establece el impuesto minimo a la renta. y, d) porque finalmente no se ha violado ningún derecho constitucional de la demandante. Con fecha doce de enero de mil novecientos noventa y cinco, el Juez del Décimo Cuarto Juzgado Especializado en lo Civil de Lima, expide resoluciÓn declarando improcedente la Acción de Amparo. Interpuesto el recurso de apelación, la Quinta Sala Civil de la Corte Superior de Lima expide resolución, con fecha diez de agosto de mil novecientos noventa y cinco, confirmando la apelada. Interpuesto el recurso de nulidad, con fecha dos de julio de mil novecientos noventa y seis, la Sala de Derecho Constitucional y Social de la Corte Suprema expide resolución declarando no haber nulidad en la resolución de vista, por lo que se interpone el recurso extraordinario, y los autos se elevan al Tribunal Constitucional.",5242,5185,False,False
00646-1996-AA,1997,sentencia,data\sentencia-Extract\1997\sentencia-pdf-1997.csv,"Fábrica de Hilados y Tejidos Santa Clara S.A. debidamente representada por su gerente general
Ernesto Ychikawa, interpone Acción de Amparo contra el Supremo Gobierno en la representación del
Superintendente Nacional de Administración Tributaria por la violación de sus derechos constitucionales
de","Fábrica de Hilados y Tejidos Santa Clara S.A. debidamente representada por su gerente general Ernesto Ychikawa, interpone Acción de Amparo contra el Supremo Gobierno en la representación del Superintendente Nacional de Administración Tributaria por la violación de sus derechos constitucionales de seguridadjuridica, libre empresa, libertad de trabajo y no confiscatoriedad de los tributos. Ampara su pretensión en lo dispuesto por los articulos 2°, incisos 15° y 16°, 3, 74° Y 200° de la Constitución; y en los numerales l°, 2°, 3°, 24°, inciso 22°, 26° Y 28°, inciso 2° de la ley 23506°. Sostiene el accionante que la Superintendencia Nacional de Administración Tributaria le ha cursado la orden de pago número 011-1-15189, a fin de que abone el importe del impuesto mínimo a la renta correspondiente al mes de marzo de mil novecientos noventa y cinco, que asciende a cinco mil novecientos noventa y seis nuevos soles, más intereses, bajo apercibimiento de iniciarse su cobro mediante el procedimiento coactivo. Alega que dicho impuesto tiene una naturaleza confiscatoria, pues su representada no produce rentas y se encuentra en estado de falencia económica. Refiere, asimismo, que no han interpuesto recurso impugnativo alguno ante la Superintendencia de Administración Tributaria, pues de conformidad con el articulo 129° del Código Tributario, primero tendrian que pagar para reclamar posteriormente; y que ello es una exigencia que no se compadece con el articulo 8° del Pacto de San José de Costa Rica. z , I Contestando la demanda, la representante legal de la Superintendencia Nacional de Administración Tributaria solicita se declare improcedente, en razón de los siguientes fundamentos: a) porque la aclora se encuentra sujeta al pago del impuesto minimo a la renta con una antigüedad de dos aftos calendarios, por lo que debió interponer el Amparo cuando se le empezó a aplicar dicho impuesto. b) porque el impuesto cuestionado no tiene naturaleza confiscatoria. c) porque el inciso 20 del articulo 2000 de la Constitución prohibe que el Amparo pueda dirigirse contra normas legales, y que en el caso concreto, ello es lo que se pretende obtener. d) porque el amparo no puede dirigirse a cuestionar la capacidad del Estado para ejercer su potestad tributaria, y e) porque la aclora no ha agotado la vía previa dispuesta por los articulos 1250 y siguientes del Código Tributario. Con fecha veinte de julio de mil novecientos noventa y cinco, el Juez del Décimo Tercer Juzgado Civil de Lima emite resolución, declarando infundada la demanda. Interpuesto el recurso de apelación, con fecha dieciocho de junio de mil novecientos noventa y seis, la Primera Sala Civil de Lima revoca la apelada, y la declara improcedente. Interpuesto el recurso extraordinario, los autos son elevados al Tribunal Constitucional.",2851,2819,False,False
00135-1995-AA,1997,sentencia,data\sentencia-Extract\1997\sentencia-pdf-1997.csv,,,0,0,True,False
00822-1996-AA,1997,sentencia,data\sentencia-Extract\1997\sentencia-pdf-1997.csv,,,0,0,True,False
00589-1996-AA,1997,sentencia,data\sentencia-Extract\1997\sentencia-pdf-1997.csv,,,0,0,True,False
00388-1996-AA,1997,sentencia,data\sentencia-Extract\1997\sentencia-pdf-1997.csv,,,0,0,True,False
00479-1996-AA,1997,sentencia,data\sentencia-Extract\1997\sentencia-pdf-1997.csv,,,0,0,True,False
00587-1996-HC,1997,sentencia,data\sentencia-Extract\1997\sentencia-pdf-1997.csv,,,0,0,True,False
00611-1996-AA,1997,sentencia,data\sentencia-Extract\1997\sentencia-pdf-1997.csv,,,0,0,True,False
00814-1996-AA,1997,sentencia,data\sentencia-Extract\1997\sentencia-pdf-1997.csv,,,0,0,True,False
00352-1996-HC,1997,sentencia,data\sentencia-Extract\1997\sentencia-pdf-1997.csv,,,0,0,True,False
00391-1996-AA,1997,sentencia,data\sentencia-Extract\1997\sentencia-pdf-1997.csv,,,0,0,True,False
00399-1996-HC,1997,sentencia,data\sentencia-Extract\1997\sentencia-pdf-1997.csv,,,0,0,True,False
00292-1996-AA,1997,sentencia,data\sentencia-Extract\1997\sentencia-pdf-1997.csv,,,0,0,True,False
00267-1996-AA,1997,sentencia,data\sentencia-Extract\1997\sentencia-pdf-1997.csv,,,0,0,True,False
00277-1996-AA,1997,sentencia,data\sentencia-Extract\1997\sentencia-pdf-1997.csv,,,0,0,True,False
00190-1995-AA,1997,sentencia,data\sentencia-Extract\1997\sentencia-pdf-1997.csv,,,0,0,True,False
00156-1995-HC,1997,sentencia,data\sentencia-Extract\1997\sentencia-pdf-1997.csv,,,0,0,True,False
00558-1996-AA,1997,sentencia,data\sentencia-Extract\1997\sentencia-pdf-1997.csv,,,0,0,True,False
00266-1996-AA,1997,sentencia,data\sentencia-Extract\1997\sentencia-pdf-1997.csv,,,0,0,True,False
00361-1996-HC,1997,sentencia,data\sentencia-Extract\1997\sentencia-pdf-1997.csv,,,0,0,True,False
00251-1995-HC,1997,sentencia,data\sentencia-Extract\1997\sentencia-pdf-1997.csv,,,0,0,True,False
00385-1996-AA,1997,sentencia,data\sentencia-Extract\1997\sentencia-pdf-1997.csv,,,0,0,True,False
00010-1996-AI,1997,sentencia,data\sentencia-Extract\1997\sentencia-pdf-1997.csv,,,0,0,True,False
00007-1996-AI,1997,sentencia,data\sentencia-Extract\1997\sentencia-pdf-1997.csv,,,0,0,True,False
00019-1996-AI,1997,sentencia,data\sentencia-Extract\1997\sentencia-pdf-1997.csv,"Con fecha diecinueve de diciembre de mil novecientos noventa y seis, el demandante
~
interpone Acción de Inconstitucionalidad/lior considerar que el artículo 1840 del Decreto
Legislativo 767, que dispone ""Para ser nombrado Juez de Menores, se requiere, además
de los requisitos señalados en el ar","Con fecha diecinueve de diciembre de mil novecientos noventa y seis, el demandante ~ interpone Acción de Inconstitucionalidad/lior considerar que el artículo 1840 del Decreto Legislativo 767, que dispone ""Para ser nombrado Juez de Menores, se requiere, además de los requisitos señalados en el artículo 183°, ser casado o viudo y tener o haber tenido @ hijos "" es inconstitucional, por contravenir el principio de igualdad reconocido en el artículo 20 inciso 2 de la Constitución Política del Estado, cuyo texto establece que toda persona tiene derecho a : ""La igualdad ante la ley. Nadie debe ser discriminado por motivo de origen , raza, sexo, idioma, religión, opinión, condición económica, o de ~l, cualquier otra índole "", especificando que el artículo materia de impugnación contiene un tratamiento diferenciado entre las personas que se encuentra carente de toda justificación y razonabilidad. El demandante solicita se corra traslado al Congreso de la República como al Poder Ejecutivo. Admitida la demanda con fecha tres de enero de mil novecientos noventa y siete se dispone correr traslado de la misma a los emplazados dentro del término de ley, habiendo sido absuelta sólo por el representante del Congreso, con fecha diecinueve de febrero de mil novecientos noventa y siete. En la contestación se niega y contradice la demanda fundamentalmente por considerar: Que el artículo 1840 de la Ley Orgánica del Poder Judicial no es inconstitucional, debido a que responde a una excepción basada en un criterio de razonabilidad justificada, que se sustenta en el interés superior del niño y de la familia, así como en el deber del Estado y la Sociedad de protegerlos; Que tiene sustento constitucional y legal en los artículos 20 inciso 1 y 40 de la Constitución, en el artículo VIII del Decreto Ley 26102, Código de los niños y de los adolescentes, en el principio 2 de la Declaración de los Derechos del Niño, así como el numeral 22.1 de las reglas mínimas de las Naciones Unidas para la Administración de Justicia de Menores, y; Que el Juez de Familia tiene que resolver aspectos que requieren de una especializacón y plenos conocimientos vivenciales. Producidos los informes orales, con fecha catorce de agosto de mil novecientos noventa y siete, se dio por vista la causa,quedando al voto",2329,2298,False,False
00540-1996-AA,1997,sentencia,data\sentencia-Extract\1997\sentencia-pdf-1997.csv,"•
Los accionantes solicitan que, por su condición de dirigentes sindicales, se les
excluya del programa de racionalización de personal y que se les proteja contra el despido
arbitrario que, ante la falta de su renuncia voluntaria, pretenda ejecutar la empresa,
situación que amenaza con violar su","• Los accionantes solicitan que, por su condición de dirigentes sindicales, se les excluya del programa de racionalización de personal y que se les proteja contra el despido arbitrario que, ante la falta de su renuncia voluntaria, pretenda ejecutar la empresa, situación que amenaza con violar sus derechos constitucionales de protección contra el despido arbitrario, de fomento a la negociación colectiva y del principio de irrenunciabilidad de los derechos reconocidos por la Constitución. • • I • • v • La demandada aduce que el programa de racionalización de personal cuenta con autorización de COPRI; que, no se trata de despido del trabajador sino de cese colectivo por causas objetivas de la empresa, previstas en el Decreto Legislativo N° 728 Y al amparo de las normas establecidas para privatización de empresas; añade que el registro del Sindicato de Empleados de Sociedad Paramonga Limitada Sociedad Anónima, ha sido cancelado mediante Resolución Directoral N° 1400-94-SD-RG, por no contar con el número mínimo de ajiliados y, aún cuando los actores estimen estar amparados por el fuero sindical, la acción de amparo no es la vía adecuada, por hallarse el fuero sindical reglado por norma ordinaria, vale decir, la Ley de Relaciones Colectivas de Trabajo. El Vigésimo Cuarto Juzgado Especializado en lo Civil de Lima, fundamentando su resolución en normas de carácter ordinario, declara fundada la demanda, estimando que ha existido violación a la Constitución. • La Quinta Sala Especializada en lo Civil, en desacuerdo con el dictamen jiscal superior, opinando se declare improcedente la acción por no haberse agotado la vía previa, en discordia, conjirma la apelada, considerando que los demandantes, en su condición de dirigentes sindicales, no pueden ser despedidos al encontrarse protegidos por • elfuero sindical, normado en los incisos 1) y 2) del artículo 28° de la Carta Magna. La Sala de Derecho Constitucional y Social de la Corte Suprema, en desacuerdo con el dictamen jiscal supremo, opinando no haber nulidad, declara haber nulidad y, en consecuencia, infundada la demanda, por estimar que su condición de dirigentes sindicales no los excluye del proceso de racionalización de personal, y que, por lo tanto, no existe vulneración a las leyes ni a la Constitución. ENTOS y fallo . Considerando: Que la resolución de cancelación de registro sindical, obrante a fojas treinta y uno, resulta irrelevante para el caso, pues los demandantes accionan a nombre propio y no eh representación del sindicato, ni avalados por éste como agrupación gremial; Que, con las cartas de invitación a la renuncia, resultado del proceso de racionalización del personal, los actores consideran amenazados sus derechos constitucionales de fomento a la negociación colectiva, de protección contra el despido arbitrario y del principio de irrenunciabilidad de derechos; Que, con las instrumentales alcanzadas por las partes, se acredita que el ejercicio de los derechos· colectivos de trabajo, al interior de la empresa, se ha seguido desarrollando normalmente, llegando incluso, el treinta de marzo de mil novecientos noventa y cinco, en Asamblea General de Trabájadores, a elegir sus nuevos representantes, como fluye de los documentos de fojas ciento setenta y ciento setenta y tres; que, si bien es cierto que los derechos a que hacen , • • , • . mención los actores en su escrito de demanda se encuentran consagrados en la Constitución Política del Estado, también lo es que, su regulación y desarrollo se encuentra normado en leyes especiales sobre la materia Que, de otro lado, se advierte que la condición de representantes de los trabajadores no los podía excluir de la ejecución del programa de racionalización de personal, puesto que el cese colectivo no obedece a causas imputables a la conducta del trabajador, lo que en todo habilitaba un despido, sino que el programa responde a causas objetivas de la empresa, traducidas en la incapacidad de la demandada de seguir contando con esos recursos humanos, por motivo de la privatización a la que ha sido sometida, previos trámites y autorizaciones administrativas, instancias que no han sido objeto de cuestionamiento oportuno, por parte de los accionantes, por lo que, no evidenciándose amenaza de vulneración a los derechos constitucionales;",4370,4303,False,False
00406-1996-AA,1997,sentencia,data\sentencia-Extract\1997\sentencia-pdf-1997.csv,,,0,0,True,False
00749-1996-AA,1997,sentencia,data\sentencia-Extract\1997\sentencia-pdf-1997.csv,,,0,0,True,False
00247-1996-HC,1997,sentencia,data\sentencia-Extract\1997\sentencia-pdf-1997.csv,,,0,0,True,False
00118-1993-AA,1997,sentencia,data\sentencia-Extract\1997\sentencia-pdf-1997.csv,,,0,0,True,False
00191-1995-HC,1997,sentencia,data\sentencia-Extract\1997\sentencia-pdf-1997.csv,,,0,0,True,False
00194-1995-AA,1997,sentencia,data\sentencia-Extract\1997\sentencia-pdf-1997.csv,,,0,0,True,False
00196-1996-HC,1997,sentencia,data\sentencia-Extract\1997\sentencia-pdf-1997.csv,,,0,0,True,False
00696-1996-AA,1997,sentencia,data\sentencia-Extract\1997\sentencia-pdf-1997.csv,,,0,0,True,False
00051-1996-HC,1997,sentencia,data\sentencia-Extract\1997\sentencia-pdf-1997.csv,,,0,0,True,False
00029-1992-HC,1997,sentencia,data\sentencia-Extract\1997\sentencia-pdf-1997.csv,,,0,0,True,False
00009-1997-AC,1997,sentencia,data\sentencia-Extract\1997\sentencia-pdf-1997.csv,,,0,0,True,False
00154-1996-AA,1997,sentencia,data\sentencia-Extract\1997\sentencia-pdf-1997.csv,,,0,0,True,False
00594-1996-AA,1997,sentencia,data\sentencia-Extract\1997\sentencia-pdf-1997.csv,"María A. Quiróz Bias interpone Acción de Amparo contra la Sociedad de
Beneficencia de Trujillo por violación de sus derechos constitucionales al trabajo y
estabilidad laboral y al debido proceso.
Alega la actora que, mediante resolución institucional N° 031-92-SBT-P, del
veinte de marzo de mil n","María A. Quiróz Bias interpone Acción de Amparo contra la Sociedad de Beneficencia de Trujillo por violación de sus derechos constitucionales al trabajo y estabilidad laboral y al debido proceso. Alega la actora que, mediante resolución institucional N° 031-92-SBT-P, del veinte de marzo de mil novecientos noventa y dos, se le abrió proceso disciplinario por la presunta responsabilidad en la pérdida de novecientos cuarenta y tres con cuarenta y cinco centavos de nuevo sol, que habían sido sustraídos de su escritorio, así como la suma de mil dólares americanos, dejados en garantía por un particular. Refiere que tras dicho proceso, el diez de junio del mismo año, mediante resolución institucional N° O7 5-92-SBT/ P, se le sancionó con dos meses de suspensión sin goce de remuneraciones, más la obligación de reponer el dinero sustraído. Asimismo, que, como consecuencia de esta sanción, se le abrió proceso penal, por el delito de hurto, ante el Sexto Juzgado Penal de Trujillo, en que se archivó todo lo actuado tras obtener una sentencia absolutoria, con'fecha veintidós de noviembre de mil novecientos noventa y dos . • , • • , , - • TRIBU NAL CONSTITUCIONAL Sostiene, que con fecha once de enero de mil novecientos noventa y tres, se le abrió un nuevo proceso disciplinario, bajo el argumento de que la actora no había cumplido con cancelar la suma sustraída de su escritorio. Señala que como consecuencia de haber interpuesto una acción judicial de impugnación de resolución administrativa, el Presidente de la entidad demandada había dispuesto que se le impida el acceso a su centro de labores. La pretensión de dicho proceso judicial, recuerda la actora, fue finalmente declarado infundado tras declarar No Haber Nulidad en la sentencia de vista por la Sala Civil de la Corte Suprema de Justicia. Precisa que dicho acto por el cual se le impide el acceso a su centro de labores es arbitrario, pues no existe resolución administrativa alguna que la destituya o suspensa en las funciones que venía desempeñando, por lo que se abría vulnerado sus derechos constitucionales al trabajo, a la estabilidad laboral y al debido proceso legal. Admitida la demanda, ésta es contestada por el Presidente del Directorio de la Sociedad de Beneficencia de Trujillo, Roberto Rodríguez Vásquez, quien solicita se declare improcedente la demanda ya que: a) si bien es verdad se le sancionó a la actora por negligencia en el cumplimiento de sus obligaciones, y que en el proceso penal a la que fue sometida se le absolvió de los ilícitos penales, ello no es óbice para que la entidad administrativa que dirige no la sancione administrativamente, pues se trata de una responsabilidad distinta de la de índole penal. b) en vista de lo anterior, y tras haberse administrativamente dispuesto que la actora restituya el dinero que se le extravió, ante su negativa, se le abrió un nuevo proceso administrativo por la falta grave de desacato y resistencia al cumplimiento de disposiciones y actos resolutivos (sic), que después de concluir en sede administrativa, fue impugnado ante la vía judicial, no logrando obtener un pronunciamiento en favor suyo. c) una de las resoluciones administrativas que fueron impugnadas en sede judicial, fue la que declaraba su destitución del cargo que venía ocupando, por lo que no se ha producido violación de derecho constitucional alguno. Seguido el proceso conforme al trámite de ley, con fecha veinte de octubre de mil novecientos noventa y cinco, el Tercer Juzgado Civil de ' Trujillo expide resolución declarando fundada la demanda. Interpuesto el recurso de apelación, con fecha treinta y uno de enero de mil novecientos noventa y seis, la Primera Sala Civil de la Corte Superior de La Libertad declara nula la apelada, dispuso y se expida nueva sentencia. En cumplimiento de dicha orden judicial, con fecha quince de marzo de mil novecientos noventa y seis, el Tercer Juzgado Civil expide resolución declarando improcedente la demanda. Interpuesto el recurso de apelación, con fecha trece de agosto de mil novecientos noventa y seis, la Primera Sala Civil de la Corte Superior de Trujillo confi1 ma la apelada. Interpuesto el recurso extraordinario, los autos son elevados al Tribunal Constitucional. • , > 3 • • • • TRIBU NAL CONSTITUCIONAL Considerando: Que, conforme se desprende del petitorio de la demanda, el objet. de ésta es que se declare nulo el acto arbitrario en virtud del cual el representante legal de la entidad accionada impide el acceso de la actora a su centro de labores, que consistiría en una orden expedida sin amparo en resolución administrativa alguna. Que, conforme es de verse de la resolución institucional número 01 0-93-SBTj P, de dos de febrero de mil novecientos noventa y tres (obrante afojas cuarenta y seis), el impedimento de acceder a las instalaciones del centro de labores de la actora no ha sido consecuencia de un acto arbitrario decretado por el Presidente de la Sociedad de Beneficencia de Trujillo, sino como consecuencia de la sanción de destitución de la que fue objeto, tras abrírsele proceso administrativo mediante resolución institucional número 001-93-SBTj P. Que, asimismo, de la resolución institucional número 038-93-SBTj P, obrante a fojas cuarenta y siete, y por la cual se declara infundado el recurso de apelación interpuesto, se desprende que: a} la actora conocía la existencia de la resolución institucional 01 0-93-SBTj P, mediante la cual se le destituía del servicio que prestaba en la entidad demandante. b} que precisamente tras conocer aquella resolución hizo ejercicio de los medios impugnatorios que la ley de procedimientos administrativos prevé, respetándose su derecho a la defensa, que se alega haber sido vulnerado. Que; siendo ello así, la destitución de la que ha sido objeto la actora, no puede considerarse como un acto arbitrario y conculcatorio de sus derechos constitucionales realizado por el Presidente de la entidad demandada, pues tan drástica medida fue tomada tras seguirse un procedimiento administrativo, en el que se respetó el contenido esencial de su derecho al debido proceso en sede administrativa. Que, sin perjuicio de todo lo ya expuesto, es de notarse que el ejercicio del derecho de acción que promoviera la actora, se realizó 3 r fuera del plazo previsto en el artículo de la ley 23506, ya que conforme se desprende del oficio número 367-93-SBTj obrante a fojas cuarenta y ocho, la GG, resolución institucional 01 0-93-SBTj P mediante la cual se destituyó a la demandante, le fue notificada el día nueve de noviembre de mil novecientos noventa y tres, mientras que la interposición de la Acción de Amparo recién la realizó con fecha catorce de setiembre de mil novecientos noventa y cinco. Que, dicho plazo de caducidad, no puede computarse desde el siete de setiembre de mil novecientos noventa y cinco, fecha en la que según la propia actora, toma conocimiento de la ejecutoria suprema de fecha seis de abril de mil novecientos noventa y cinco, obrante a fojas veintisiete, pues dicho proceso judicial tuvo por objeto que se declare la nulidad de las resoluciones administrativas números 011- 92-SBTj P y la 75-92-SBTj P, y no la que disponía la destitución de la actora que O se alega como acto lesivo de sus derechos constitucionales. Por estos fundamentos, el Tribunal Constitucional, en ejercicio de las atribuciones que la Constitución y su Ley Orgánica le confieren, • • • • • • • FALT·A Confirmando la resolución de la Primera Sala Civil de la Corte Superior de Trujillo, de fecha trece de agosto de mil novecientos noventa y seis, que confirmó la apelada, que declaró improcedente la Acción de Amparo interpuesta; dispusieron su publicación en el diario oficial El Peruano. SS. "" / c. ACOSTA SANCHEZ NUGENT DIAZ VAL VERDE GARCIA MARCELO LO QUE CERT I FICO.- - I , , i DRA. MARIA LUZ VASQU EZ DE LOP EZ SECRETARIA RELATORA • • E CM/",8019,7872,False,False
00154-1993-AA,1997,sentencia,data\sentencia-Extract\1997\sentencia-pdf-1997.csv,,,0,0,True,False
00077-1995-AA,1997,sentencia,data\sentencia-Extract\1997\sentencia-pdf-1997.csv,,,0,0,True,False
00001-1994-AA,1997,sentencia,data\sentencia-Extract\1997\sentencia-pdf-1997.csv,,,0,0,True,False
01047-1996-AA,1997,sentencia,data\sentencia-Extract\1997\sentencia-pdf-1997.csv,,,0,0,True,False
00865-1996-AA,1997,sentencia,data\sentencia-Extract\1997\sentencia-pdf-1997.csv,,,0,0,True,False
00008-1997-AA,1997,sentencia,data\sentencia-Extract\1997\sentencia-pdf-1997.csv,"El demandante plantea su acción sustentando su reclamo en el hecho de haberse
transgredido por la emplazada y bajo la forma de omisión de actos de cumplimiento
obligatorio, sus derechos a la igualdad ante la ley, al trabajo, y a la igualdad de
oportunidades sin discriminación.
Alega que no obsta","El demandante plantea su acción sustentando su reclamo en el hecho de haberse transgredido por la emplazada y bajo la forma de omisión de actos de cumplimiento obligatorio, sus derechos a la igualdad ante la ley, al trabajo, y a la igualdad de oportunidades sin discriminación. Alega que no obstante haber resultado ganador del concurso interno de personal convocado el diecinueve de octubre de mil novecientos noventa y cuatro y haber obtenido informe favorable por parte de la comisión encargada del mismo (Informe N° GRH. O1 5-94-CONC del veintidos de noviembre de mil novecientos noventa y cuatro) para cubrir la plaza de Jefe del Aeropuerto de Pucallpa, el demandado no ha cumplido con expedir su resolución de nombramiento no obstante estar obligado a hacerlo dentro de las veinticuatro horas posteriores a la terminación del concurso tal y como lo ordena el punto 12.2 de la Directiva ""Concurso Interno de Personal, Corpac"" aprobada el cuatro de octubre de mil novecientos noventa y cuatro. Señala además que el incumplimiento del demandado, además de violarle sus derechos, le causa graves perjuicios económicos, pues ha tenido que alquilar su vivienda para poder viajar a Pucallpa, su esposa renunció a su centro de trabajo para poder trasladarse conjuntamente, suspendió sus estudios de maestría en economía y realizó la venta de su automóvil para poder sufragar los gastos de instalación en su nuevo puesto. Por otra parte agrega que a diferencia de lo que le ha sucedido, a otro de los ganadores del concurso si se le nombró, lo que supone un hecho discriminatorio contra su persona. Puntualiza además que al no expedirse su resolución de nombramiento, envió a la gerencia general la Carta Notarial de fecha diez de octubre de mil novecientos noventa y cinco en la cual emplazaba a su empleadora para que expida su nombramiento legítimamente obtenido, sin embargo pese a haber transcurrido más de los treinta días establecidos en el articulo 87° del Texto Unico Ordenado de Normas Generales y Procedimientos Administrativos no se le respondió, considerando denegada su petición en virtud del silencio administrativo, situación frente a la cual interpuso Recurso de Apelación con fecha cinco de diciembre de mil novecientos noventa y cinco, el mismo que tampoco fue resuelto dentro del término de ley que venció el diecinueve de enero de mil novecientos noventa y seis, motivo por el que considero denegado dicho recurso y dio por agotada la vía administrativa. El demandante pide finalmente, que se cumpla con expedir su resolución de nombramiento, se le abone la diferencia de remuneraciones dejadas de percibir de acuerdo al cargo que gano, se individualice al responsable de la agresión y se le condene al pago de una indemnización por daños y perjuicios, cuya cantidad fija en su demanda. Admitida la acción a trámite por el Primer Juzgado Civil del Callao, se dispone el traslado de la misma a la parte emplazada, la que contesta negando los extremos de la demanda por estimar que no es cierto que se haya vulnerado el derecho al trabajo del demandante ya que éste mantiene su vínculo laboral, que el cumplimiento de actos no da lugar al reconocimiento de derechos, que la emplazada no puede expedir ninguna resolución de nombramiento del demandante porque el concurso de selección adoleció de vicios y que por ello se le declaró nulo, que incluso la gerencia administrativa con documento GAD.256-95-1, informó a la gerencia general de las irregularidades del concurso interno, que conforme al tópico 12.2 de la Directiva que normó el concurso el Gerente General debe firmar el cuadro de méritos dándose a conOCer a la Comisión dentro de las veinticuatro horas posteriores a la terminación del concurso, no habiéndose cumplido con dicha formalidad y por ello no existe proclamación alguna de ganadores ni incumplimiento de dicha Directiva. Agrega asimismo, que no se puede abonar al demandante suma alguna por un cargo que no desempeña y que los daños que aquél se ha ocasionado son de su entera responsabilidad, ya que si no hay proclamación de ganadores dentro de las veinticuatro horas de terminado el concurso, no se puede a priori, realizar contratos enajenando bienes que luego perjudiquen el bienestar. Por último especifica que el cargo otorgado al otro concursante no tiene relación con el puesto de selección ni las plazas materia de la reclamación, por lo que no hay discriminación alguna en contra del demandante. Con posterioridad a la citada contestación el demandante pone en conocimiento del Juzgado una Carta Notarial cursada por la empresa demandada con fecha seis de marzo de mil novecientos noventa y seis y a través de la cual se da por rescindido su vinculo labora y mas adelante hace llegar igualmente al Juzgado copia del Informe de la Oficina Legal W (1) 283.95.1 del veintisiete de diciembre de mil novecientos noventa y cinco, que se pronuncia en favor de su pretensión. De fojas ciento tres a ciento seis el Juzgado expide resolución declarando Fundada en parte la demanda interpuesta, principalmente por considerar: Que el accionante ha cumplido con agotar las vías previas; Que el accionante a postulado y ganado el concurso de plazas convocado por la demandada conforme a la normatividad aplicable a dicho concurso; Que en el Informe expedido por la Oficina Legal de Corpac se establece que al demandante le asiste el derecho y la razón para ser nombrado en el puesto ganado; Que la supuesta irregularidad en la realización del concurso no ha sido acreditada por la demandada y mas aún si esta basada en el incumplimiento del punto 12.2 de la Directiva de Concurso Interno de Personal que establece que el cuadro de méritos debe ser firmado por el Gerente General y dado a conocer a la Comisión dentro de las veinticuatro horas, hecho que demuestra la negativa inexcusable del demandado en otorgar el nombramiento que corresponde en clara contravención con el articulo 22 de nuestra Carta Magna; Que el o accionante ha demostrado en autos el daño económico causado por la negativa del demandado de reconocer el derecho adquirido por el demandante siendo de aplicación el articulo 110 de la ley 23506, que obliga al demandado a indemnizar por el perjuicio ocasionado, y; Que el demandado en clara señal de venganza, el mismo día en que absuelve el trámite de contestación de la demanda, en forma arbitraria cursa al accionante la carta TCCjCORPAC S.A. GGA 020-96C en la que le manifiesta la decisión de rescindirle el vínculo laboral sin expresión de causa. Apelada dicha resolución por la entidad a la cual pertenece el demandado, los autos son remitidos a la Fiscalía Superior en lo Civil del Callao a los efectos de la vista correspondiente y devueltos estos con Dictamen que se pronuncia en favor de la confirmación de la recurrida, la Sala Civil del Callao a fojas ciento treinta y cuatro, con fecha treinta de octubre de mil novecientos noventa y seis y con lo expuesto por el fiscal superior, revoca la resolución apelada y declara Improcedente la acción, básicamente por considerar: Que los hechos controvertidos referidos a un supuesto incumplimiento por parte del demandado de expedir resolución de nombramiento para el cargo ganado en concurso, no es materia de la acción de amparo, porque ésta está reservada a la tutela de los derechos de índole constitucional, que no se da en el caso de autos. Contra ésta resolución el demandante interpone recurso de nulidad, por lo que de conformidad con el articulo 410 de la Ley 26435 y entendiendo el presente recurso como ""Extraordinario"" se dispuso el envío de los autos al Tribunal Constitucional.",7693,7601,False,False
01042-1996-AA,1997,sentencia,data\sentencia-Extract\1997\sentencia-pdf-1997.csv,,,0,0,True,False
01006-1996-AA,1997,sentencia,data\sentencia-Extract\1997\sentencia-pdf-1997.csv,,,0,0,True,False
00647-1996-AA,1997,sentencia,data\sentencia-Extract\1997\sentencia-pdf-1997.csv,,,0,0,True,False
00320-1997-AA,1997,sentencia,data\sentencia-Extract\1997\sentencia-pdf-1997.csv,,,0,0,True,False
00178-1995-AA,1997,sentencia,data\sentencia-Extract\1997\sentencia-pdf-1997.csv,,,0,0,True,False
01034-1996-AA,1997,sentencia,data\sentencia-Extract\1997\sentencia-pdf-1997.csv,,,0,0,True,False
00993-1996-AA,1997,sentencia,data\sentencia-Extract\1997\sentencia-pdf-1997.csv,,,0,0,True,False
01028-1996-AA,1997,sentencia,data\sentencia-Extract\1997\sentencia-pdf-1997.csv,,,0,0,True,False
01048-1996-AA,1997,sentencia,data\sentencia-Extract\1997\sentencia-pdf-1997.csv,,,0,0,True,False
00088-1992-AA,1997,sentencia,data\sentencia-Extract\1997\sentencia-pdf-1997.csv,,,0,0,True,False
00012-1997-AA,1997,sentencia,data\sentencia-Extract\1997\sentencia-pdf-1997.csv,,,0,0,True,False
00038-1996-AA,1997,sentencia,data\sentencia-Extract\1997\sentencia-pdf-1997.csv,,,0,0,True,False
01010-1996-AA,1997,sentencia,data\sentencia-Extract\1997\sentencia-pdf-1997.csv,,,0,0,True,False
00044-1996-AA,1997,sentencia,data\sentencia-Extract\1997\sentencia-pdf-1997.csv,,,0,0,True,False
00233-1995-AA,1997,sentencia,data\sentencia-Extract\1997\sentencia-pdf-1997.csv,,,0,0,True,False
00253-1996-AA,1997,sentencia,data\sentencia-Extract\1997\sentencia-pdf-1997.csv,,,0,0,True,False
01075-1996-AA,1997,sentencia,data\sentencia-Extract\1997\sentencia-pdf-1997.csv,,,0,0,True,False
01074-1996-AA,1997,sentencia,data\sentencia-Extract\1997\sentencia-pdf-1997.csv,,,0,0,True,False
00188-1993-AA,1997,sentencia,data\sentencia-Extract\1997\sentencia-pdf-1997.csv,,,0,0,True,False
01070-1996-AA,1997,sentencia,data\sentencia-Extract\1997\sentencia-pdf-1997.csv,,,0,0,True,False
00111-1996-AA,1997,sentencia,data\sentencia-Extract\1997\sentencia-pdf-1997.csv,"El demandante interpone acción de amparo contra la Empresa
Azucarera ""El Ingenio"" S.A. Huaura, por haber sido cesado
injustificadamente mediante Carta Notaríal de fecha catorce de octubre de
mil novecientos noventa y cinco, suscrita por el Gerente General de la
Empresa. Señala que ha sido trabaj","El demandante interpone acción de amparo contra la Empresa Azucarera ""El Ingenio"" S.A. Huaura, por haber sido cesado injustificadamente mediante Carta Notaríal de fecha catorce de octubre de mil novecientos noventa y cinco, suscrita por el Gerente General de la Empresa. Señala que ha sido trabajador durante veintiuno años de la empresa en mención. Agrega, que en el mes de octubre de mir novecientos noventa y cinco solicita el periodo de vacaciones que le correspondía, de ' esta forma, el Jefe de División Administrativa, Planeamiento y Desarrollo, mediante memorándum N° 136/95 ordena que otro trabajador lo reemplace. • y El tres de octubre de mil novecientos noventa cinco, día en que - • • • • • , • . , , debía entrar de vacaciones, mediante una Carta Notarial del Vice Presidente del Directorio se le comunica que ha incurrido en la comisión de falta grave por apropiación de seis bolsas de azúcar que supuestamente había extraído de la fábrica de la empresa, en complicidad con el chofer Jorge Ocaña Gamarra. El mismo día mediante otra carta notarial se le dice que está incumplimiento el Memorándum N° 136/95 que dispone que antes de tomar sus vacaciones debía entregar el inventario físico hasta el 30 de setiembre de mismo año. Mediante una tercera Carta Notarial de la Jefatura de División Administrativa se le concede el plazo de 24 horas para que realice el inventario. Para tal efecto, el demandante solicita se le otorgue el personal técnico necesario para llevar adelante el inventario, así como la presencia de un Supervisor General, pues pendía sobre él la denuncia de apropiación ilícita. La empresa incumplió con los requerimientos solicitados para llevar adelante el inventario, razón por la cual este no se realizó. El seis de , octubre, el demandante envía una carta al jefe de personal insertando la relación de documentos y enseres del almacén que se quedaban a cargo del auxiliar del mismo. Pero por carta notarial del 07 de octubre se le comunica que ha incurrido en falta grave prevista en el inciso a) del artículo 58 del Decreto Legislativo 728, que se refiere a la reiterada resistencia a las órdenes relacionadas con las labores. De otro lado, en la investigación del Ministerio Público sobre la denuncia de apropiación en contra del demandante se concluyó con la exculpación del mismo. Ampara su demanda en los artículos 22°, 23° 26°, incisos 1, 2,3; 2°, inciso 15, y 138° de la Constitución Política. Corrido el traslado, la demanda es contestada por el apoderado de la empresa, negándola y contradiciéndola en todas sus partes. Señala que el demandante ha incurrido en la comisión de falta grave por el delito de apropiación consumada de bienes de la empresa previsto en el artículo 58° inciso c) del Decreto Legislativo N° 728, así como en la en falta grave prevista en el inciso a) del citado dispositivo, que se refiere a la reiterada ' resistencia a las órdenes relacionadas con las labores. Que el demandante debió recurrir al juez de trabajo competente para solicitar su reposición , pero que en todo caso, el plazo para solicitarlo ha caducado, conforme lo establece el artículo 69° del Decreto Legislativo 728°. A fojas veintiocho, el juez de primera instancia declara fundada la acción por considerar que el delito que se le imputa al demandante no fue probado durante la investigación efectuada por el Ministerio Público. Que la falta grave de resistencia a las órdenes relacionadas con la labor, queda desvirtuada con el contenido del memorándum cursado por el apoderado de la empresa a otro trabajador, encargándosele la jefatura de almacén mientras dure las vacaciones del ahora demandante. , • , , • , , • • • • • • A fojas ciento treinta Y ocho, la sentencia de vista revoca la apelada y la declara improcedente por considerar que el accionante fue despedido de su trabajo dentro del marco de facultades del empleador, preceptuados en el Decreto legislativo N°728°. I Contra esta resolución se interpone recurso extraordinario, siendo enviados los autos al Tribunal Constitucional.",4119,4035,False,False
00096-1996-AC,1997,sentencia,data\sentencia-Extract\1997\sentencia-pdf-1997.csv,,,0,0,True,False
00155-1997-AA,1997,sentencia,data\sentencia-Extract\1997\sentencia-pdf-1997.csv,"El demandante interpone acción de amparo contra la Municipalidad Provincial de
Casma, representada por su alcalde Julio Meléndez Soles para que se disponga el cese de las
amenazas de violación contra su derecho de propiedad de un lote ubicado en el Balneario de
Tortugas en Casma, de una extensión","El demandante interpone acción de amparo contra la Municipalidad Provincial de Casma, representada por su alcalde Julio Meléndez Soles para que se disponga el cese de las amenazas de violación contra su derecho de propiedad de un lote ubicado en el Balneario de Tortugas en Casma, de una extensión de 6, 130 m2. Señala que el Consejo Provincial de Casma le adjudicó en propiedad el lote de terreno antes mencionado, mediante Resolución Directora/ N° 010-92-DE/PEB-T, del veintinueve de diciembre de mil novecientos noventa y dos (Proyecto Especial Balneario de Tortugas). Como reconocimiento y compensación entre el municipio accionado y el accionante se determinó que éste último pagara el precio del predio con el valor de los trabajos de caminos de acceso y mejoras que había realizado y que favorecía a varios lotes para su venta futura por el municipio. Habiendo realizado obras de in.fraestruG:tura turística con grandes esfuerzos humanos y económicos en favor de la promoción turística del balneario. . •. Pero a través del acuerdo del Concejo, de fecha veintitrés de octubre de mil novecientos noventa y cinco, se le comunica que por el lote de terreno que se le ha adjudicado, para otorgarle el título de propiedad deberá abonar $0.50 dólares americanos por m2, y que si no accede a sus exigencias económicas se le despojará del terreno para ser vendido a terceros, de esta forma se está distorsionando el contenido de la Resolución Directora/ de adjudicación. A través del Acuerdo de Concejo N° 0028-96 de fecha veintiuno de febrero de mil novecientos noventa y seis, se acuerda disolver el Proyecto Especial Balneario-Tortugas y que pase a la administración directa de la Municipalidad Provincial de Casma todo lo que concierne al Proyecto antes mencionado. Ampara su petición en el inciso 20 del artículo 2 o de la Constitución Política y en el inciso 2 del artículo 28 ~ inciso 12 del artículo 24 o de la Ley 23506. La acción es contestada por Julio Meléndez Soles en representación del Concejo Provincial de Casma, señalando que se declare improcedente la acción interpuesta. Manifiesta que no es cierto que el municipio a su cargo le haya vendido al demandante el terreno sub materia, sino que la Oficina del Proyecto Especial Balneario Tortugas resolvió otorgarle el indicado bien, con cargo a que el interesado gestionara su saneamiento legal ante la oficina respectiva, obligación que no ha sido cumplida por el demandante, pese al tiempo transcurrido; que en ningún momento el municipio de Casma le ha reconocido derecho de propiedad al accionante. Que es falso que se haya dejado sin efecto la Resolución Directora/ N° 010-92- DEIPEB-Ty que no existe intención de parte de la municipalidad que representa de privar al demandante de la posesión que ejerce de hecho, sobre el área de terreno. Que, efectivamente, por Resolución Ministerial N° 010-89-VC el municipio ejerce la administración de todos los terrenos ubicados en la ensenada de Tortugas, donde se incluye el dominio del Proyecto Especial Balneario Tortugas, en tal sentido, es potestad de la administración establecer las condiciones adecuadas para el desarrollo y saneamiento legal de dicha zona y al amparo de lo establecido en la Ley Orgánica de Municipalidades N° 23853 y ampliatorias, y para ello se dicta el Acuerdo de Concejo N° 0028-96, regulando las tasaciones de los terrenos en dichas zonas, y por tanto, todas aquellas posesiones de hecho que actualmente se ejercen, sin que hayan sido saneadas física o legalmente por quienes las gozan, tienen que someterse a la disposición contenida en este acuerdo. De otro lado, la decisión establecida en la Resolución Directora/ N° 010-92-DE/PEB-T aún no está definida, pues quedó pendiente de ejecución. . Finalmente, que el demandante no ha agotado la vía administrativa, ya que está pendiente un recurso de reconsideración, el cual no ha sido resuelto aún. A fojas treinta y seis, el Juez de Primera Instancia declara improcedente la acción interpuesta por considerar que no existe indicios de violación o amenaza de violación de derecho de propiedad del demandante Que está pendiente de resolver el recurso de reconsideración, por lo tanto, no ha agotado la vía. A fC?ias setenta y tres, la Sala Mixta de Casma col?firma la sentencia apelada porque no se ha agotado la vía previa. Contra esta resolución se interpone recurso extraordinario, siendo enviados los autos al Tribunal Constitucional.",4484,4430,False,False
00619-1996-AA,1997,sentencia,data\sentencia-Extract\1997\sentencia-pdf-1997.csv,,,0,0,True,False
00998-1996-AC,1997,sentencia,data\sentencia-Extract\1997\sentencia-pdf-1997.csv,,,0,0,True,False
00119-1995-AA,1997,sentencia,data\sentencia-Extract\1997\sentencia-pdf-1997.csv,,,0,0,True,False
00238-1996-AA,1997,sentencia,data\sentencia-Extract\1997\sentencia-pdf-1997.csv,,,0,0,True,False
00843-1996-AA,1997,sentencia,data\sentencia-Extract\1997\sentencia-pdf-1997.csv,,,0,0,True,False
00236-1993-AA,1997,sentencia,data\sentencia-Extract\1997\sentencia-pdf-1997.csv,,,0,0,True,False
00912-1996-AA,1997,sentencia,data\sentencia-Extract\1997\sentencia-pdf-1997.csv,,,0,0,True,False
00040-1996-AA,1997,sentencia,data\sentencia-Extract\1997\sentencia-pdf-1997.csv,,,0,0,True,False
00392-1993-AA,1997,sentencia,data\sentencia-Extract\1997\sentencia-pdf-1997.csv,,,0,0,True,False
00078-1997-AA,1997,sentencia,data\sentencia-Extract\1997\sentencia-pdf-1997.csv,,,0,0,True,False
00928-1996-AA,1997,sentencia,data\sentencia-Extract\1997\sentencia-pdf-1997.csv,,,0,0,True,False
00347-1997-AA,1997,sentencia,data\sentencia-Extract\1997\sentencia-pdf-1997.csv,,,0,0,True,False
00272-1997-AA,1997,sentencia,data\sentencia-Extract\1997\sentencia-pdf-1997.csv,,,0,0,True,False
00198-1997-AA,1997,sentencia,data\sentencia-Extract\1997\sentencia-pdf-1997.csv,,,0,0,True,False
00221-1996-AA,1997,sentencia,data\sentencia-Extract\1997\sentencia-pdf-1997.csv,,,0,0,True,False
00001-1997-CC,1997,sentencia,data\sentencia-Extract\1997\sentencia-pdf-1997.csv,"El registro Nacional de Identificación y Estado Civil por intermedio de su
Jefe Nacional interpone Demanda sobre Conflícto de Competencia con fecha
doce de febrero de mil novecientos noventa y siete.
Alega el demandante que de conformidad con el artículo 1770 de la
Constitución Política del Esta","El registro Nacional de Identificación y Estado Civil por intermedio de su Jefe Nacional interpone Demanda sobre Conflícto de Competencia con fecha doce de febrero de mil novecientos noventa y siete. Alega el demandante que de conformidad con el artículo 1770 de la Constitución Política del Estado, el sistema electoral, se conforma por tres entes autónomos que mantienen relaciones de coordinación; el Jurado Nacional de Elecciones (JNE) , la Oficina Nacional de Procesos Electorales (ONPE) y el Registro Nacional de Identificación y Estado Civil (REGISTRO). El JNE fiscaliza los procesos electorales, mantiene y custodia el Registro de Organizaciones Políticas, administra justicia electoral y proclama los candidatos elegidos, siendo sus resoluciones en materia electoral, de referéndum o de otro tipo de consultas populares definitivas y no revisables; la ONPE organiza los procesos electorales, los de referéndum y los de otros tipos de consulta popular, incluido su presupuesto, elabora y diseña la cédula de sufragio, entrega actas y material para los escrutinios, difunde resultados e informa sobre los cómputos; y el REGISTRO tiene a su cargo los registros civiles y personales, emite las constancias correspondientes, emite el padrón para cada proceso electoral conforme al Registro Unico de Identificación y Estado Civil, proporciona al JNE y la ONPE información para el cumplimiento de sus funciones y emite documentos que acreditan la identidad. Agrega que las respectivas atribuciones, se reflejan en las leyes orgánicas de cada ente, teniéndose como puntos en común: a). Que el JNE fiscaliza los procesos que ejecuta la ONPE y la elaboración de los padrones electorales del REGISTRO así como el uso de los mismos; b). Que la ONPE organiza los procesos que fiscaliza el JNE y coordina con el REGISTRO la elaboración de los padrones a cargo de éste último; c). Que el REGISTRO prepara el padrón para cada proceso desde el Registro Unico de Identificación y Estado Civil en coordinación con la ONPE y bajo fiscalización del JNE. En consecuencia, si nos atenemos a la norma constitucional y las leyes orgánicas respectivas no puede existir duda en las competencias respecto de la verificación de firmas en las listas de adherentes, pues éstas pertenecen al REGISTRO al haber asumido las funciones del Registro Electoral del Perú contempladas en la ley vigente y entre las cuales se encuentra precisamente la señalada. Puntualiza además que dentro de las atribuciones establecidas por los artículos 176° y 183° de la Constitución se encuentra la de mantener, custodiar y organizar el Registro Único de identificación de las personas y el archivo centralizado del Registro Unico de Identificación y Estado Civil. Que al haberse aprobado la Ley N° 26300 que regula el ejercicio de los derechos de Participación y Control Ciudadanos, dentro de los cuales se encuentra la Revocatoria, se ha dejado establecido que las solicitudes de procedimiento para iniciativas de participación o control se acompañan con las listas de adherentes que las respalden, los que por otra parte deberán estar identificados para que la autoridad electoral que inicia el procedimiento verifique el cumplimiento del número mínimo de adherentes validos. La misma ley además señala que a los promotores del procedimiento les asiste el derecho de designar personeros ante cada órgano electoral, lo que su pone que el procedimiento no es exclusivo de alguno de ellos. Y en el caso del REGISTRO la función se inicia con el procedimiento de entrega de formatos firmados y la identificación de los adherentes mediante el Cotejo de Registro de Archivo Centralizado del Registro Unico de Identificación y Estado Civil. De esta forma las certificaciones del REGISTRO se anexarán a las listas de adherentes a fin de que la ONPE verifique el cumplimiento por parte de los solicitantes del número mínimo exigido por ley. Que dentro de este panorama la ONPE, ha pretendido que se le remita información en medios magnéticos y digitalizados de las inscripciones electorales, firmas y huellas digitales, copias de boletas de inscripción y demás información interna, a fin de ""verificar"" la autenticidad de las firmas de adherentes a una iniciativa de revocatoria, sin embargo pretende ignorar que el REGISTRO no puede entregarle la referida información debido a que el actual archivo central que contiene la inscripción en el ex-Registro Electoral, no está aún depurado ni computarizado, requiriéndose por otra parte, de una aprobación del Ejecutivo a fin de contar con los recursos necesarios destinados a la digitalización de las boletas de inscripción y dichos recursos no se los han entregado. Por último, de conformidad con el inciso e) del artículo 7° de la Ley Orgánica del Registro (Ley N° 26497) tiene éste por función proporcionar al JNE y a la ONPE la información necesaria para el cumplimiento de sus funciones, de manera que la función es exclusiva y excluyente del REGISTRO. Con fecha trece de marzo de mil novecientos noventa y siete el Tribunal Constitucional resuelve admitir la demanda, disponiendo el traslado de la misma a la ONPE. ~! Contestada la demanda, con fecha cinco de Mayo de mil novecientos noventa y siete, por el Jefe de la Oficina Nacional de Procesos Electorales, es negada ésta en todos sus extremos, principalmente por considerar: Que el sistema electoral esta compuesto por tres entes autónomos que mantienen relaciones de coordinación, dentro de los cuales la ONPE se ocupa, entre otras cosas, de verificar el cumplimiento de los requisitos formales exigidos, lo que evidencia que en éste como en otros aspectos las funciones están perfectamente delimitadas, no obstante lo cual el RENIEC pretende confundir al Tribunal señalando que a dicho organismo le corresponde la verificación de los requisitos formales para ejercer los derechos de participación y control ciudadanos, y entre ellos, la verificación de firmas en las listas de adherentes. Especifica que de acuerdo con la Constitución y la Ley Orgánica de la ONPE N° 26487, corresponde a ésta la verificación de todos los requisitos formales para la inscripción de candidatos y opciones en procesos electorales, de referéndum y demás que tenga a su cargo, e incluso la Ley N° 26591 -que precisa a la Ley Orgánica de la ONPE- advierte que la función de la Oficina Nacional de Procesos Electorales comprende el diseño, impresión y expedición de los formatos requeridos para la inscripción de candidatos independientes a elecciones y opciones en procesos de referéndum u otras consultas populares, así como la verificación del cumplimiento de los requisitos formales exigidos por ella y la remisión al Jurado Nacional de Elecciones de la información respectiva. Que por consiguiente queda claro que el REGISTRO pretende asumir funciones que no le corresponden y que son propias de la ONPE ya que en ninguna ley consta que le corresponda al citado organismo la verificación de firmas de las listas de adherentes. El doce de mayo de mil novecientos noventa y siete y llevada a efecto la Audiencia Oral con la presencia de los Abogados de las partes la causa se dejó al voto, variando sin embargo y con fecha posterior la conformación del / Tribunal, por lo que a petición del REGISTRO y la ONPE, se dispuso dejar /1 sin efecto la referida vista señalándose nueva fecha para el diecinueve de junio de mil novecientos noventa y siete. Llevada a cabo nueva Audiencia Oral y producido el informe de los Abogados de las partes se dejo la causa al voto, llegando el momento de sentenciar.",7647,7538,False,False
00903-1996-AA,1997,sentencia,data\sentencia-Extract\1997\sentencia-pdf-1997.csv,,,0,0,True,False
00011-1997-AA,1997,sentencia,data\sentencia-Extract\1997\sentencia-pdf-1997.csv,,,0,0,True,False
00954-1996-AA,1997,sentencia,data\sentencia-Extract\1997\sentencia-pdf-1997.csv,,,0,0,True,False
00255-1993-AA,1997,sentencia,data\sentencia-Extract\1997\sentencia-pdf-1997.csv,,,0,0,True,False
00152-1995-AA,1997,sentencia,data\sentencia-Extract\1997\sentencia-pdf-1997.csv,,,0,0,True,False
00376-1997-HC,1997,sentencia,data\sentencia-Extract\1997\sentencia-pdf-1997.csv,,,0,0,True,False
00117-1996-AA,1997,sentencia,data\sentencia-Extract\1997\sentencia-pdf-1997.csv,,,0,0,True,False
00239-1996-AA,1997,sentencia,data\sentencia-Extract\1997\sentencia-pdf-1997.csv,"El recurrente interpone demanda de amparo para que se declare la inaplicabilidad
y se deje sin efecto la Notificación N° 300-FCC-95 de ocho de setiembre de mil novecientos
noventa y cinco, por la que se le conmina para que paralice las obras que viene
realizando en el local de su propiedad y efec","El recurrente interpone demanda de amparo para que se declare la inaplicabilidad y se deje sin efecto la Notificación N° 300-FCC-95 de ocho de setiembre de mil novecientos noventa y cinco, por la que se le conmina para que paralice las obras que viene realizando en el local de su propiedad y efectúe las reparaciones del predio colindante, ubicado en la calle Port"" debido a que la edificación que está construyendo, han dañado la estructura del mismo, manifiesta que se le amenaza con anular su licencia de construcción; actos que se convierten en una amenaza a su libertad de trabajo y a la de iniciativa privada de una economía social de mercado que constitucionalmente se encuentran tutelados. ., La Municipalidad demandada contesta la demanda indicando que el conflicto al cual hace referencia el demandante debió haberse agotado previamente en otra vía, no habiéndolo hecho; que, asímismo, toda persona tiene derecho a ejercer y a elegir libremente su trabajo pero con sujeción a la ley, la misma que da las limitaciones a este derecho; que la Municipalidad sólo ha preservado el derecho de las personas que se han visto amenazadas con los trabajos de construcción efectuados por el recurrente. El Primer Juzgado por resolución de veinte de noviembre de mil novecientos noventa y cinco declara fundada la demanda, entiendiendo que el mandato contenido en la notificación cuestionada transgrede el derecho al trabajo ya la libertad de contratación del demandante. La Sala Civil de Lima, con fecha seis de mayo de mil novecientos noventa y seis, revoca la sentencia apelada de veinte de noviembre de mil novecientos noventa y cinco que declara fundada la demanda y reformándola declara improcedente la acción de amparo interpuesta. FUNDAMENTOS: CONSIDERANDO: que conforme se aprecia de autos, la notificación que impugna la parte demandante surge a raíz de una serie de actos administrativos efectuados en mérito a las reclamaciones de los vecinos y a la de su obligación de velar por el bienestar de la comuna; Que, la Ley No. 23853, Orgánica de Municipalidades en su artículo 65° inciso 11) señala la facultad que tienen las Municipalidades del control y supervisión de las construcciones, siendo esto así la notificación que se cuestiona fue emitida en ejercicio de dichas funciones, no encontrando en ello actos que v~olen o amenacen los derechos constitucionales del demandante, por lo que no es de aplicación al r caso el artículo de la ley 23506. Por estos fundamentos, el Tribunal Constitucional, en ejercicio de las facultades que la Constitución y su Ley Orgánica le otorgan, j'",2630,2593,False,False
00304-1996-AA,1997,sentencia,data\sentencia-Extract\1997\sentencia-pdf-1997.csv,"El actor interpone acción de amparo para que cese la violación a su de.recho a ser
tratado con igualdad ante la ley, a su derecho a no ser discriminado e impedido a seguir
cursando su carrera universitaria y solicita que se deje sin efecto la resolución del Consejo de
Facultad de Estudios General","El actor interpone acción de amparo para que cese la violación a su de.recho a ser tratado con igualdad ante la ley, a su derecho a no ser discriminado e impedido a seguir cursando su carrera universitaria y solicita que se deje sin efecto la resolución del Consejo de Facultad de Estudios Generales Ciencias N° 102, mediante la cual se deniega su reincorporación a la facultad Señala que es alumno de la Universidad Católica del Perú, desde el año 1987, II semestre. En el semestre 1994-// fue eliminado de la Facultad de Estudios Generales Ciencias por haber sido reprobado en el único curso en el que se habia matriculado. Este hecho se produjo en diciembre de 1994, tiempo en el cual se encontraba vigente la resolución 083/85, la cual fue modificada en los meses de enero y febrero de 1995, con lo cual se varió sustancialmente el procedimiento ante la Comisión Permanente de Matrícula, al que se podía recurrir en tercera instancia. Que el Decano de la Facultad de Estudios Generales Ciencia, le manifestó desde el principio que su caso sería denegado, aún sin ser evaluado, porque se trataba de una tercera carta de permanencia para matrícula en la Universidad, sin embargo existen casos donde se ha concedido dicha tercera carta de permanencia. Que los motivos que lo llevaron a dicha situación escaparon totalmente a su control, que primero fue una enfermedad y posteriormente, un atentado que sufrió su madre, razón por la cual le • , • ,- , concedieron las dos cartas de permanencia anteriores; no obstante, que para esta tercera oportunidad los motivos estaban acreditados, la universidad se negó, alegando que sus promedios eran bajos. Ampara su acción en los artículos 1 2 inciso 2 139 inciso 3 de la ~ o ~ o o Constitución Política del Estado; asimismo, en los artículos 17 0 Y inciso 2 0 de la ley 24~ , 23506. A fojas noventa y seis, fue contestada la acción por Carlos Lozada Legrand, representante de la Pontificia Universidad Católica del Perú, negándola y contradiciéndola en todas sus partes. Señala que el señor Helbert Sodevilla Romero fue eliminado en una primera oportunidad de la Universidad, al concluir el segundo semestre del año 1989, al no haber aprobado ninguno de los cursos en los que se había matriculado en dicho semestre. La sumatoria de los dos últimos semestres no alcanzaba a dieciocho, es decir, a tenor de lo establecido en el artículo 50 numeral a) del Reglamento de Estudios Generales Ciencias, por ~ lo que perdió la calidad de alumno. Sin embargo, como excepción el artículo citado establece, que el Consejo de Facultad podrá autorizar a continuar estudios a pesar de no alcanzar dicha sumatoria. En atención a ello, luego de presentada la solicitud por el señor Soldevilla, se aceptó su reingreso. Luego de su reincorporación, el alumno incurrió, en 1990-1, en una nueva causal de separación, establecida en el artículo 51 del Reglamento anteriormente citado, el cual o establece que perderán su condición de alumnos aquellos que hayan desaprobado un curso por tercera vez, tal como ocurrió con el accionante. En esta ocasión, el alumno presentó su solicitud de permanencia por cuarta matrícula, la misma que de manera excepcional, creyendo en los múltiples problemas que decía atravesar, dado que su promedio general apenas alcanzaba a 10.2, el Consejo Universitario decidió autorizar su reincorporación en enero de 1991, luego de haber permanecido nueve semestres en la Facultad de Estudios Generales Ciencias, lo normal de acuerdo al Plan Curricular es cuatro. En el décimo semestre es desaprobado nuevamernte con lo cual incurre por segunda vez en la causal de separación de la facultad por sumatoria y por tercera vez en causal de separación en general No es cierto que se haya vulnerado su derecho al trato igualitario, ya que es una potestad del Consejo de Facultad autorizar a un alumno que se matricule pese a haber incurrido en la causal de separación. No se puede afirmar que existe un trato discriminatorio cuando ya se habían aceptado con anterioridad dos reincorporaciones, basándose en un criterio de discrecionalidad en función del rendimiento académico y lo expresado por el alumno en su pedido de permanencia. La potestad que tiene la universidad de decidir qué alumnos permanecen en ella, no es arbitraria, está reglamentada y forma parte de su autonomía, la cual ha permitido a la Universidad mantener el prestigio con el que cuenta. Asimismo, no es verdad que se atente contra el derecho a la educación del accionante , ya que las condiciones de permanencia en la universidad son de conocimiento de todos los alumnos y está igualmente, debidamente reglamentado. Por otro lado, el actor no ha cumplido con agotar la vía previa, ya que corresponde al Consejo de Asuntos Contenciosos de la Asamblea Nacional de Rectores, conocer en última instancia las resoluciones universitarias que desconozcan derechos legalmente reconocidos a profesores y alumnos, tal como lo establece el artículo 95 o • de la Ley Universitaria. A fojas ciento veinticinco, la juez del Veintitres Juzgado Civil emite sentencia declarando improcedente la acción de amparo por considerar que no se ha agotado la vía , • • , previ•a . A fojas ciento setenta la Tercera Sala Civil confirma la sentencia apelada por los mismos argumentos de la apelada. Contra esta resolución se interpone recurso extraordinario, siendo enviados los autos al",5455,5375,False,False
00131-1993-AA,1997,sentencia,data\sentencia-Extract\1997\sentencia-pdf-1997.csv,,,0,0,True,False
00160-1995-AA,1997,sentencia,data\sentencia-Extract\1997\sentencia-pdf-1997.csv,,,0,0,True,False
00978-1996-AA,1997,sentencia,data\sentencia-Extract\1997\sentencia-pdf-1997.csv,,,0,0,True,False
00120-1996-AC,1997,sentencia,data\sentencia-Extract\1997\sentencia-pdf-1997.csv,,,0,0,True,False
00226-1993-AA,1997,sentencia,data\sentencia-Extract\1997\sentencia-pdf-1997.csv,,,0,0,True,False
00114-1992-AA,1997,sentencia,data\sentencia-Extract\1997\sentencia-pdf-1997.csv,,,0,0,True,False
00273-1997-AA,1997,sentencia,data\sentencia-Extract\1997\sentencia-pdf-1997.csv,,,0,0,True,False
00951-1996-AA,1997,sentencia,data\sentencia-Extract\1997\sentencia-pdf-1997.csv,,,0,0,True,False
01021-1996-AA,1997,sentencia,data\sentencia-Extract\1997\sentencia-pdf-1997.csv,,,0,0,True,False
00953-1996-AA,1997,sentencia,data\sentencia-Extract\1997\sentencia-pdf-1997.csv,,,0,0,True,False
00377-1997-AA,1997,sentencia,data\sentencia-Extract\1997\sentencia-pdf-1997.csv,,,0,0,True,False
01066-1996-AA,1997,sentencia,data\sentencia-Extract\1997\sentencia-pdf-1997.csv,,,0,0,True,False
00199-1993-AA,1997,sentencia,data\sentencia-Extract\1997\sentencia-pdf-1997.csv,,,0,0,True,False
00133-1997-AA,1997,sentencia,data\sentencia-Extract\1997\sentencia-pdf-1997.csv,,,0,0,True,False
00161-1993-AA,1997,sentencia,data\sentencia-Extract\1997\sentencia-pdf-1997.csv,,,0,0,True,False
00119-1993-AA,1997,sentencia,data\sentencia-Extract\1997\sentencia-pdf-1997.csv,,,0,0,True,False
01063-1996-AA,1997,sentencia,data\sentencia-Extract\1997\sentencia-pdf-1997.csv,,,0,0,True,False
00167-1996-AA,1997,sentencia,data\sentencia-Extract\1997\sentencia-pdf-1997.csv,,,0,0,True,False
00034-1997-AC,1997,sentencia,data\sentencia-Extract\1997\sentencia-pdf-1997.csv,,,0,0,True,False
01056-1996-AA,1997,sentencia,data\sentencia-Extract\1997\sentencia-pdf-1997.csv,,,0,0,True,False
00127-1996-AA,1997,sentencia,data\sentencia-Extract\1997\sentencia-pdf-1997.csv,,,0,0,True,False
00211-1996-AC,1997,sentencia,data\sentencia-Extract\1997\sentencia-pdf-1997.csv,"La demandante Zoila Rosa Vásquez Vda. de Sotomayor en su condición de viuda de un servidor cesante de
la Municipalidad Provincial de lea, interpone Acción de Cumplimiento contra la Gerencia General de
EMAPICA, a efectos de que ésta cumpla con respetar la Resolución N° 602-83 , de fecha quince de a","La demandante Zoila Rosa Vásquez Vda. de Sotomayor en su condición de viuda de un servidor cesante de la Municipalidad Provincial de lea, interpone Acción de Cumplimiento contra la Gerencia General de EMAPICA, a efectos de que ésta cumpla con respetar la Resolución N° 602-83 , de fecha quince de agosto de núl novecientos ochenta y tres, expedida por la citada Municipalidad y, por virtud de la cual se exonera del pago del suministro de agua apotable y alcantarillado a los trabajadores cesantes y jubilados de la Municipalidad Provincial de lea. Sostiene la accionante que mediante la Resolución N° 602-83 a los trabajadores cesantes y jubilados de la mencionada entidad se les exonero""del pago, en el orden del cien por ciento, del suministro de agua potable y alcantarillado. Sin embargo, y no obstante encontrarse vigente esta resolución, con fecha primero de marzo de mil novecientos noventa y cinco, la Gerencia General de la entidad demandada ha dispuesto que se giren los recibos respectivos y se cobre el servicio prestado. Precisa que como consecuencia de estos hechos, inicio"" un procedimiento administrativo signado con el Expediente N° 0935, al que sin embargo no se le ha dado el trámite señalado por la ley. En tal sentido y en • • • • , • • • 1 la medida en que se segura expidiendo recibos por consumo de agua potable y alcantarillado, se vio obligado a cursarle hasta dos Cartas Notariales sucesivas a la emplazada (Expedientes N° 1095 Y N° 2552) sin obtener mayor respuesta. Admitida la demanda por el Primer Juzgado Especializado en lo Civil de lea se dispone el traslado de la misma a la entidad demandada sin que ésta se apersone a la instancia dentro del término de ley por lo que de fojas treinta a treinta y dos y con fecha treinta y uno de octubre de mil novecientos noventa y cinco el Juez del Primer Juzgado Especializado en lo Civil de lca expide resolución declarando fundada la demanda. Interpuesto recurso de apelación por la Gerencia de la entidad demandada la Sala Civil de la Corte Superior de lea con fecha quince de febrero de mil novecientos noventa y seis y a fojas sesenta y uno y sesenta y dos, expide sentencia, revocando la apelada y declarando improcedente la acción principalmente por considerar que la Empresa Municipal de Agua Potable y Alcantarillado de lca (EMAPICA) es una entidad distinta de la Municipalidad Provincial de lea, Que los beneficios otorgados por la Resolución N° 602-83 fueron otorgados por la Municipalidad Provincial de lea a su personal retirado y; Que de autos no aparece que la demandada tenga la obligación de otorgar el beneficio que motiva la acción. Contra esta resolución la demandante interpone Recurso de Nulidad por lo que de conformidad con el artículo 41 ° de la Ley N° 26435, y entendiendo el presente recurso como ""Extraordinario"" se dispuso el envío de los autos al Tribunal Constitucional.",2911,2876,False,False
00134-1996-AA,1997,sentencia,data\sentencia-Extract\1997\sentencia-pdf-1997.csv,,,0,0,True,False
00019-1997-AA,1997,sentencia,data\sentencia-Extract\1997\sentencia-pdf-1997.csv,,,0,0,True,False
00204-1996-AA,1997,sentencia,data\sentencia-Extract\1997\sentencia-pdf-1997.csv,,,0,0,True,False
00078-1996-AA,1997,sentencia,data\sentencia-Extract\1997\sentencia-pdf-1997.csv,,,0,0,True,False
00855-1996-AA,1997,sentencia,data\sentencia-Extract\1997\sentencia-pdf-1997.csv,,,0,0,True,False
00077-1996-AA,1997,sentencia,data\sentencia-Extract\1997\sentencia-pdf-1997.csv,,,0,0,True,False
00081-1996-AC,1997,sentencia,data\sentencia-Extract\1997\sentencia-pdf-1997.csv,"El demandante Orlando Chang Angulo interpone Acción de Cumplimiento contra la Gerente General de
EMAPICA, doña María Peña Peña a efectos de que ésta cumpla con respetar la Resolución N° 602-83 , de
fecha quince de agosto de mil novecientos ochenta y tres, expedida por la Municipalidad Provincial d","El demandante Orlando Chang Angulo interpone Acción de Cumplimiento contra la Gerente General de EMAPICA, doña María Peña Peña a efectos de que ésta cumpla con respetar la Resolución N° 602-83 , de fecha quince de agosto de mil novecientos ochenta y tres, expedida por la Municipalidad Provincial de Ica, por virtud de la cual se exonera del pago del suministro de agu apotable y alcantarillado a los trabajadores cesantes y jubilados de la Municipalidad Provincial de lea. Sostiene el accionante que mediante la Resolución N° 602-83 a los trabajadores cesantes y jubilados de la mencionada entidad se les exoneró'd el pago, en el orden del cien por ciento, del suministro de agua potable y alcantarillado. Sin embargo, y no obstante encontrarse vigente esta resolución, con fecha primero de marzo de mil novecientos noventa y cinco, la Gerente General de la entidad demandada ha dispuesto que se giren los recibos respectivos y se cobre el servicio prestado. Precisa que como consecuencia de estos hechos,. inició un procedimiento administrativo signado con el E,.,:pediente N° 0674, al que sin embargo no se le ha dado el trámite señalado por la ley. En tal sentido y en la medida en que se seguía expidiendo recibos por consumo de agua potable y alcantarillado, se vio obligado a cursarle una Carta Notarial a la emplazada, sin obtener mayor respuesta. • , ,- , • • Admitida la demanda por el Primer Juzgado Especializado en lo Civil de lea se dispone el traslado de la • misma a la emplazada quien la contesta solicitando se declare improcedente la acción fundamentalmente por considerar: Que la Resolución N° 602-83 del quince de agosto de mil novecientos ochenta y tres corresponde a la Municipalidad Provincial de lea cuando en la misma funcionaba la División de Agua Potable y Alcantarillado, mas no puede ser aplicada a su representada ya que la citada resolución tiene validez y eficacia jurídica para los servidores del Concejo Provincial sujetos a la Ley de Bases de la Carrera Administrativa pero no dentro del régimen laboral de los trabajadores de EMAPICA que se encuentran comprendidos en el régimen laboral de la actividad privada conforme la Ley Empresarial del Estado N° 24948. Agrega que la empresa EMAPICA en virtud de su autonomía procedió a suspender dicho beneficio por contraponerse a la referida Ley Empresarial del Estado ya que de ninguna manera se podía seguir exonerando de los servicios de agua potable y alcantarillado, porque los derechos nacieron del Error Juris, siendo nulos Ipso Jure, no siendo necesaria una resolución que así lo declare, además de que el Estado no puede trabajar wipé'Ididas económicas. Por último,especifica que la Carta Notarial que se le cursó' fue suscrita por Rolando Rocca León y en ningún momento por el demandante. , De fojas oCftenta y cuatro a ochenta y ocho y con fecha seis de octubre de mil novecientos noventa y cinco., el Juez del1:e.i<-ce.t:..Juzgado Especializado en lo Civil de lea)expide resolución declarando fundada la demanda. recurso de apelación, la Sala Civil de la Corte Superior de lea con fecha doce de diciembre de Interpuest~ mil novecientos noventa y cinco y a fojas ciento veinticinco y ciento veintiséis, expide sentencia, revocando la apelada y declarando improcedente la acción principalmente por considerar que la Empresa Municipal de Agua Potable y Alcantarillado de lea 'ICA) es una entidad distinta de la Municipalidad Provincial de lea, Que los beneficios otorgados por la Resolución N° 602-83 fueron otorgados por la Municipalidad Provincial de lea sin la participación de EMAPICA y; Que el derecho que se reclama tendría que exigirse a la entidad que expidió la resolución . • Contra esta resolución el demandante interpone Recurso de Nulidad por lo que de conformidad con el articulo 41° de la Ley N° 26435, Y entendiendo el presente recurso como ""Extraordinario"" se dispuso el envío de los autos al Tribunal Constitucional.",3972,3923,False,False
00361-1997-AA,1997,sentencia,data\sentencia-Extract\1997\sentencia-pdf-1997.csv,,,0,0,True,False
01008-1996-AA,1997,sentencia,data\sentencia-Extract\1997\sentencia-pdf-1997.csv,,,0,0,True,False
00616-1996-AA,1997,sentencia,data\sentencia-Extract\1997\sentencia-pdf-1997.csv,"El demandante sustenta su reclamo en la transgresión de sus derechos constitucionales de asociación y
libertad de trabajo por parte de la emplazada.
Alega que con fecha cuatro de marzo de mil. novecientos noventa y seis, el accionista y socio de la Empresa
de Transporte Señor de los Milagros, don","El demandante sustenta su reclamo en la transgresión de sus derechos constitucionales de asociación y libertad de trabajo por parte de la emplazada. Alega que con fecha cuatro de marzo de mil. novecientos noventa y seis, el accionista y socio de la Empresa de Transporte Señor de los Milagros, don Cesar López Mosto le vendió una acción nominal de SI. 2,200.00 la misma que representa parte del capital de la referida empresa. En mérito de ello el demandante cursa una Carta Notarial al Presidente del Directorio de la Empresa con fecha veintidós de marzo de mil novecientos noventa y seis a los efectos de que se programe tumos de trabajo a su unidad vehicular, sin obtener respuesta. Posteriormente y con fecha veintinueve de marzo de mil novecientos noventa y seis, nuevamente insiste solicitando se le considere como socio y es así que con fecha tres de abril de mil novecientos noventa y seis (recepcionada el día diez del mismo mes y año), su petición es absuelta por el · . representante de la demandada, quien no obstante, le manifiesta que la persona que le vendió la acción nunca fue autorizada por la empresa no teniendo por tanto valor alguno, la compra realizada, ni reconocimiento como socio. El demandante en consecuencia, considera que al no reconocerse los derechos que le otorga la Ley General de Sociedades y los Estatutos de la Empresa, se han agotado las vías previas, por lo que acude a la vía judicial a través del amparo, solicitando su reconocimiento como acciOlústa, la transferencia de la acción a su nombre y la autorización para que trabaje su unidad vehicular en la ruta de la empresa. Ad 'Tl\ j ti da la. demanda por el Tercer Juzgado en lo Civil de Trujillo, se dispone el traslado de la misma a la demandada quien la contesta, por un lado deduciendo excepción de falta de legitinúdad del demandante. y por el otro, negándola en todos sus extremos. Mientras que la excepción deducida se sustenta en que el demandante no forma parte de la empresa y no tiene derechos como socio, sino una tercera persona, la contradicción a la demanda se fundamenta en que el socio César López Mosto ha hecho una transacción a espaldas de la empresa sin tener la autorización de su directorio, por lo que ha sorprendido al demandante. Especifica además que la autorización que la empresa otorga a sus socios para que vendan sus acciones, debe ser escrita y fomlal y siempre y cuando la misma empresa no pueda adquirir las acciones. Por otra parte agrega que la empresa tiene calidad de cerrada y que a:iJ só'¡o se puede transferir la acción a personas que tengan la condición de transportistas, no siendo esa la situación del presunto adquiriente, por lo que la transferencia realizada es antiestatutaria e ilegal, y el demandante, al no tener la condición de socio, no tiene derecho a reclamar ni facultades de exigir. De fojas sesenta y seis a sesenta y ocho y con. fecha veinte de mayo de mil novecientos noventa y seis,el Juzgado emite resolución declarando Infundada la excepción de falta de legitinúdad para obrar y Fundada la acción principalmente por considerar: Que en cuanto a la excepción deducida la oferta de transferencia de la acción se Júzo en primer lugar a la empresa demandada en la persona de su Presidente de Directorio; Que si bien la demandada tiene a salvo su derecho para pedir se declare la nulidad de la transferencia, en tanto ello no suceda, la venta de la acción es válida; Que si el amparista acreditó que don Adolfo López Mosto, le transfirió una acción de la empresa demandada tiene derecho a lo prescrito en el artículo 40 de los Estatutos de la Empresa, es decir, el ser transportista de la empresa con una unidad operativa no perteneciente a ella, sino al socio o a un tercero; Que al haberse negado al amparista el ingreso para que labore con su unidad vehicular se ha violado su derecho a la libertad de trabajo. Interpuesto recurso de apelación por la demandada los autos son puestos a disposición de la Primera Fiscalía Superior en lo Civil para los efectos de la vista correspondiente y devueltos estos con dictámen que se pronuncia por la revocatoria de la apelada y la improcedencia de la acción, la Primera Sala Civil de la Corte Superior de la Libertad, a fojas noventa y cuatro y noventa y cinco y con fecha veintiséis de julio de mil novecientos noventa y seis, revoca la resolución apelada y reformándola declara Fundada la excepción de falta de legitinúdad e Infundada la acción, fundamentalmente por considerar: Que en el presente caso no se da el presupuesto establecido por el artículo 10 de la Ley 23506; Que del núsmo escrito de demanda se observa que si bien el amparista peticiona que la empresa demandada le perllÚta ingresar a laborar con su unidad veJúcular en su calidad de accio,Ri<;ta de la misma y en mérito de un contrato de compra-venta realizado con el anterior accionista don Cesar López Mosto, en ninguna de las cláusulas de dicho documento se consigna el hecho de que al pagar el precio de la acción nominal, el adquiriente se convierta en accionista de la empresa demandada, máxime si en la cláusula cuarta se consigna expresamente que el transferente se obliga a firmar el registro de acciones y transferencias de la sociedad a fin de formalizar la transferencia, conforme lo disponen los Estatutos y la Ley General de Sociedades; y Que no existe en autos acreditación de que la transferencia ha sido fonnalizada el'l favor del amparista confonne el artículo 107° de la Ley General de Sociedades que establece que se reputará propietario a quien aparezca como tal en el Libro de Registro de Acciones. Contra ésta resolución el demandante interpone Recurso Extraordinario, por lo que de confonnidad con el artículo 41 ° de la Ley 26435°, se dispuso el enVÍo de los autos al Tribunal Constitucional.",5841,5782,False,False
01035-1996-AA,1997,sentencia,data\sentencia-Extract\1997\sentencia-pdf-1997.csv,,,0,0,True,False
00215-1993-AA,1997,sentencia,data\sentencia-Extract\1997\sentencia-pdf-1997.csv,,,0,0,True,False
00087-1996-AA,1997,sentencia,data\sentencia-Extract\1997\sentencia-pdf-1997.csv,,,0,0,True,False
00962-1996-AA,1997,sentencia,data\sentencia-Extract\1997\sentencia-pdf-1997.csv,"El demandante interpone acción de amparo con fecha quince de julio de mil
novecientos noventa y seis, contra el Instituto Peruano de Seguridad Social, representada por
su Gerente Departamental de Moquegua, Ciro Gutierrez Rodríguez, para que se declare
inaplicable y sin efecto la Resolución W 080-","El demandante interpone acción de amparo con fecha quince de julio de mil novecientos noventa y seis, contra el Instituto Peruano de Seguridad Social, representada por su Gerente Departamental de Moquegua, Ciro Gutierrez Rodríguez, para que se declare inaplicable y sin efecto la Resolución W 080-96-GoNC-IPSS, de fecha diecisiete de abril de mil novecientos noventa y seis, por medio de la cual se le impone una sanción de 9 meses de suspensión, sin goce de remuneraciones, en su puesto de trabajo. Señala que dicha resolución no tiene sustento legal, ya que según los artículos 155° y 15r del 0.S.005-90, la sanción de suspensión sin goce de haberes puede aplicarse hasta un máximo de 30 días. Señala que se está atentando contra su libertad de contratación, libertad de trabajo, atentando contra su dignidad de trabajador y amenaza de despido arbitrario por suspensión indebida. Solicita que se le restablezca en su puesto de trabajo y se le abonen sus haberes dejados de percibir desde la afectación de sus derechos constitucionales. Fundamenta su demanda en el artículo 24°, incisos 5 y 10, de la Ley 25398, artículo 2°, inciso 14 y 15 Y en los artículos 23° y 2r de la Constitución. El accionante como médico desempeña el cargo de Jefe Quirúrgico del Hospital de 110. Señala que ha sido suspendido de su puesto de trabajo por el Gerente emplazado. Agrega que haciendo uso del derecho de contratación y libertad de trabajo, utilizando sus días libres celebró un contrato de servicios profesionales con Carlos Carrillo Brañez, para que le preste atención médica y quirúrgica y lo traslade en el viaje de las ciudades de 110 a Lima para internarlo en el hospital de la Policía. Mediante contrato se estableció como monto de sus servicios la suma de SI 5,590 soles, tal como consta en su recibo de honorarios. Asimismo, se le sanciona porque se le acusa por no haber prestado sus servicios al paciente del IPSS, Edson Montejo García, y que lo tuvo durante 28 horas en emergencia antes de ser intervenido. En su defensa manifiesta que el paciente fue atendido por otro médico que se encontraba de servicio ese día, ya que él se encontraba de descanso, tal como aparece en la constancia de personal, y que fue enterado de esta situación al día siguiente cuando entró a laborar, y que para mayor éxito de la intervención quirúrgica coordinó una Junta Médica, y por eso fue que demoró la operación al paciente. La demanda es contestada por Luis Alberto Arrisueño Lovón, apoderado del IPSS, negando y contradiciendo la demanda. Señala que es falso que se haya atentado contra los derechos del demandante, por cuanto la sanción impuesta es consecuencia de las investigaciones realizadas por el Organo Intemo de Control y que concluyó con el informe N° 001-96-IPSS, emitido por Inspectoría Regional del Sur, el mismo que constituye prueba pre constituida, tal como lo establece el inciso f) del artículo 16° del Decreto Ley W 26162. Igualmente, debe tenerse en cuenta la Carta W 003-CPPAD-GDMO-IPSS-96, mediante la cual una Comisión de Procesos Administrativos, recomienda la sanción de 9 meses de cese temporal del demandante por haber realizado cobros indebidos en perjuicio de un paciente del IPSS y a negarse a atender a otro menor de edad. Esta sanción es aplicada de conformidad con el Decreto Legislativo N° 276 Y el Decreto Supremo W 005-90-PCM. Agrega la parte demandada que no se ha agotado la vía previa. A fojas ciento ochenta y dos, de fecha trece de agosto de mil novecientos noventa y seis, el Juez Especializado en lo Civil de 110 declara improcedente la acción de amparo por considerar que se ha probado en autos que efectivamente el demandante no cumplió con sus funciones, al hacer cobros indebidos a un paciente y,a otro no atenderlo adecuadamente. Asimismo que existe todavía un proceso administrativo que no ha sido resuelto. A fojas trescientos dieciséis, con fecha catorce de octubre de mil novecientos noventa y seis, la Sala Civil de Tacna confirma la apelada por no agotar la vía previa. Contra esta resolución se interpone recurso extraordinario, siendo enviados los autos al Tribunal Constitucional.",4171,4123,False,False
01053-1996-AA,1997,sentencia,data\sentencia-Extract\1997\sentencia-pdf-1997.csv,"La acción de amparo es interpuesta el veintiocho de diciembre de mil novecientos noventa y
tres, por Santos Eisa Femández Lara de Farfán, Segundo Alfredo Farfán Bocanegra, Hays Miguel
Vásquez Chinchay, José Francisco Lluncor Moloche, Juan Manuel Horna Velásquez contra el Instituto
Peruano de Segu","La acción de amparo es interpuesta el veintiocho de diciembre de mil novecientos noventa y tres, por Santos Eisa Femández Lara de Farfán, Segundo Alfredo Farfán Bocanegra, Hays Miguel Vásquez Chinchay, José Francisco Lluncor Moloche, Juan Manuel Horna Velásquez contra el Instituto Peruano de Seguridad Social-Hospital Nacional ""Almanzor Aguinaga Asenjo"" de Chiclayo. Solicitan que se deje sin efecto la Resolución N° 0704-DG-HNAAA-IPSS-92 a través de la cual fueron cesados ilegalmente con fecha treinta de noviembre de mil novecientos noventa y dos, y además, que se les restituya en sus puestos de trabajo y se les pague lo dejado de percibir desde la afectación de sus derechos laborales. Agregan que se ha violado su derecho a la libertad de trabajo, la estabilidad laboral y a la irrenunciabilidad de derechos adquiridos. Aducen los demandantes; que la parte demandada, en aplicación del Decreto Ley W 25636 se ordena la racionalización del personal administrativo del Hospital Nacional ""Almanzor Aguinaga Asenjo"". y que fueron cesados por no haberse presentado al examen de selección y calificación del día quince de noviembre de mil novecientos noventa y dos, sin tener en consideración que demostraron plenamente que no fueron notificados en forma escrita y personal, tal como lo disponía la Directiva W 039-DE-IPSS-92 en el numeral 3.2, por lo que no pudieron tener conocimiento de dicho examen, ya que unos se encontraban de vacaciones, otros estaban con descanso médico. Que han interpuesto los correspondientes recursos impugnativos. La acción es contestada por José Antonio Barrantes Alva, en su condición de Gerente General del Hospital Nacional en mención, negándola y contradiciéndola en todos sus extremos. Argumenta que el Decreto Ley 25636 autorizó al Instituto Peruano de Seguridad Social a llevar a cabo un proceso de racionalización de su personal administrativo, para lo cual consideró un programa de retiro voluntario con incentivos y otro mediante pruebas de selección y calificación. Los demandantes conocieron que se encontraban incursos en la relación de personal que debían rendir esta última prueba, y que no se presentaron por propia voluntad, por lo tanto, el hospital no es responsable de esta inasistencia. Que los demandantes no están incursos dentro de los casos de excepción que se estableció para exonerarlos del examen, como sí se hizo con el personal que estuvo hospitalizado en las dependencias del IPSS. A fojas trescientos cincuenta y siete, con fecha quince de mayo de mil novecientos noventa y cinco, el Juez del Quinto Juzgado Civil de Chiclayo declara fundada la acción por considerar que existía una Directiva mediante la cual el examen de calificación debía hacerse mediante comunicación escrita a cada servidor, hecho que no ha cumplido la institución emplazada con los demandantes, y que estos últimos han acreditado que se encontraban imposibilitados de concurrir a rendir dicho examen. A fojas cuatrocientos treinta y cinco, con fecha veinte de noviembre de mil novecientos noventa y cinco, la Segunda Sala Civil Laboral Agraria de Chiclayo, revoca la sentencia apelada y la declara improcedente, ya que los demandantes en su condición de personal administrativo no se presentaron voluntariamente a rendir la prueba de selección y calificación alegando fútiles pretextos. Que en el interín de este proceso, la Gerencia General del IPSS mediante Resoluciones Generales declaró fundados los recursos impugnativos interpuestos por los demandantes y dispuso que éstos rindan nuevo examen de selección, para lo cual se presentaron todos los demandantes, habiendo aprobado sólo dos, por lo tanto, se ha operado la sustracción de la materia. Interpuesto el recurso de nulidad, con fecha veintiocho de agosto de mil novecientos noventa y seis, la Sala de Derecho Constitucional y Social de la Corte Suprema de Justicia declara no haber nulidad en la sentencia de vista, por los argumentos de la recurrida. Contra esta resolución se interpone recurso extraordinario, siendo enviados los autos al Tribunal Constitucional.",4109,4065,False,False
00061-1993-AA,1997,sentencia,data\sentencia-Extract\1997\sentencia-pdf-1997.csv,,,0,0,True,False
00036-1995-AA,1997,sentencia,data\sentencia-Extract\1997\sentencia-pdf-1997.csv,,,0,0,True,False
00162-1996-AA,1997,sentencia,data\sentencia-Extract\1997\sentencia-pdf-1997.csv,,,0,0,True,False
00163-1996-AA,1997,sentencia,data\sentencia-Extract\1997\sentencia-pdf-1997.csv,"La empresa demandante, al amparo del artículo 24, incisos 10 Y 13, Y los
artículos 28° y 29° de la ley 23506, solicita que HIDRANDINA, le reponga el
suministro de energía eléctrica, la misma que, sostiene la entidad accionante, ha
sido indebidamente cortada por una deuda inexistente. Refiere que ","La empresa demandante, al amparo del artículo 24, incisos 10 Y 13, Y los artículos 28° y 29° de la ley 23506, solicita que HIDRANDINA, le reponga el suministro de energía eléctrica, la misma que, sostiene la entidad accionante, ha sido indebidamente cortada por una deuda inexistente. Refiere que dicha deuda que la demandada alega como incumplida, se originó a partir de una defectuosa lectura de diferentes medidores. 2. TRIBUNA.L CONSTITUCIONA.L Alega, también que HIDRANDINA no le ha pennitido hacer su reclamación bajo las normas del Decreto Supremo 006-SC y el D.L. 26111, nonnas administrativas bajo las cuales debería seguirse su reclamo. Admitida la demanda, ésta es contestada por la entidad accionada, quien solicita que la demanda sea declarada improcedente toda vez flue no se ha cumplido con agotar la vía previa como indica la ley. Refiere, aSImismo, que la demandante planteó su reclamo invocando el D.L.26111, Ley de Nonnas General de Procedimientos Administrativos, la misma que no le alcanza, pues la que corresponde es el decreto ley 25844, su Reglamento y demás nonnas conexas, que establecen claramente el procedimiento a seguir para la atención de un reclamo del usuario de Hidrandina S.A. Con fecha 28 de diciembre de 1994, el Juez del Segundo Juzgado Especializado de la Provincia de Santa, declara improcedente la Acción de Amparo, tras considerar que la entidad demandante no ha cumplido con expresar, en forma clara, el derecho constitucional violado, habiendo debido accionar en la vía legal correspondiente a fin de que se le restituya el suministro de energía eléctrica, que alega el ha sido cortado arbitrariamente. Interpuesto el recurso de apelación, con fecha 20 de febrero de 1995, la Sala Mixta Descentralizada de Chimbote, expide resolución, refonnando la sentencia apelada, para declararla Fundada, tras considerar que el reclamo planteado por la recurrente en base al decreto ley 26111 no puede ser cuestionado, pues son normas de orden público y de obligatorio cumplimiento cuya inaplicación constituye violación al debido proceso, y violación a los derechos amparados por los incisos 10 Y 13 del artículo 24° de la ley 23506. Interpuesto el recurso de nulidad, los autos se elevan a la Sala Constitucional y Social de laC.o-rTe 5u!yerr¡t¿ la cual declara Haber Nulidad en la resolución de vista, tras no haberse agotado la vía previa. Interpuesto el recurso de casación, que debe entenderse como extraordinario, los autos son elevados al Tribunal Constitucional.",2540,2504,False,False
00165-1996-AA,1997,sentencia,data\sentencia-Extract\1997\sentencia-pdf-1997.csv,"Clever Portillo Manrique, en representación de Minero Pataz EPS en su
condición de Gerente General, interpone Acción de Amparo contra el Registro
Público de Minería, Felix Santillán Pacheco y Norma-n SGntiUán Masa por amenaza
de su patrimonio empresarial, y violación de su libertad de contratació","Clever Portillo Manrique, en representación de Minero Pataz EPS en su condición de Gerente General, interpone Acción de Amparo contra el Registro Público de Minería, Felix Santillán Pacheco y Norma-n SGntiUán Masa por amenaza de su patrimonio empresarial, y violación de su libertad de contratación con terceros. Sostiene el actor que, con fecha ocho de noviembre de mil novecientos noventa y tres, el Registro Público de Minería inscribió en la Ficha 16143, asientos 27,28,29 y 30, como apoderados de la empresa de su propiedad Minero Pataz EPS, a personas ajenas a ella, lo que pone en peligro su patrimonio empresarial, ya que al amparo de la buena fé registral pueden hacerse de su patrimonio (sic) al celebrar contratos con los seudos apoderados. Refiere que dicha inscripción es violatoria de una serie de normas jurídicas, que acarrearían la nulidad de los asientos registra les ya citados, como es el caso ... . . 2 · de: a) Se ha inscrito un título ingresado con fecha posterior al por ellos presentado, que data del quince de enero de mil novecientos noventa y tres, y que, a su juicio, fuera objeto de observaciones ilegales, por lo que interpusieron una acción contenciosa administrativa, b) Se inscribió como representantes de la empresa Minero Pataz EPS a personas absolutamente ajenas a ésta, ya que no contaban con los dos años de antigüedad que exige el artículo 50, inciso d) del decreto ley 20598. c) S e ha aceptado la inscripción como representantes de la empresa a los señores Norman Santillán Masa y Félix Santillán Pacheco, transgrediéndose el artículo 50, inciso b) y el artículo 60, inciso c) del decreto ley ya referido, que prohibe ser integrante del Comité Directivo a los parientes dentro del cuarto grado de consaguinidad, d) No se inscribier~n los poderes de los ·· referidos nuevos representantes en el registro correspondiente de la Oficina Nacional de los Registros Públicos (hoy Dirección de Registros Públicos). Admitida la demanda, ésta es contestada por el representante del Registro Público de Minería, quiJn solicita se declare improcedente la demanda, ya que: a) las inscripciones realizadas en los registros públicos no suponen amenaza o violación de algún derecho constitucional, y que de pretenderse impugnar la validez de alguna inscripción, ésta deberá de realizarse a través de la vía ordinaria, b) de conformidad con los asientos referidos por el actor, éste no tiene facultades inscritas en el Registro Público para representar a Minero Pataz EPS. c) no hay irregularidad en haberse inscrito un título como el que se pretende impugnar, pues, el que presentara el actor fue observado, e impugnado que fuera, por senda resolución N° 1 04-93-EM/ CM, de fecha treinta y uno de agosto de mil novecientos noventa y tres, se declaró infundado el recurso de revisión. formulado. Precisa que, de conformidad con el artícul054 del decreto supremo 027-82- EM/ RPM, la prórroga del plazo de un título opera cuando, dentro de los siete días siguientes al vencimiento del plazo para la interposición de la acción contenciosa administrativa, ésta se anote en el Registro. Con fecha veinte de julio de mil novecientos noventa y cuatro, el Juez del Octavo Juzgado Civil de Lima expide resolución declarando improcedente la Acción de Amparo. Interpuesto el recurso de apelación, la Cuarta Sala Civil de Lima expide resolución, con fecha veintinueve de noviembre de mil novecientos noventa y cuatro, confirmando la apelada. Interpuesto el recurso de nulidad, la Sala de Derecho Constitucional y Social de la Corte Suprema confirma la resolución de vista. Interpuesto el recurso extraordinario, los autos son elevados al Tribunal Constitucional.",3726,3675,False,False
00145-1996-AA,1997,sentencia,data\sentencia-Extract\1997\sentencia-pdf-1997.csv,,,0,0,True,False
00111-1995-AA,1997,sentencia,data\sentencia-Extract\1997\sentencia-pdf-1997.csv,,,0,0,True,False
00250-1996-AA,1997,sentencia,data\sentencia-Extract\1997\sentencia-pdf-1997.csv,,,0,0,True,False
01033-1996-AA,1997,sentencia,data\sentencia-Extract\1997\sentencia-pdf-1997.csv,,,0,0,True,False
00228-1997-HC,1997,sentencia,data\sentencia-Extract\1997\sentencia-pdf-1997.csv,,,0,0,True,False
00069-1997-HC,1997,sentencia,data\sentencia-Extract\1997\sentencia-pdf-1997.csv,,,0,0,True,False
00068-1996-AA,1997,sentencia,data\sentencia-Extract\1997\sentencia-pdf-1997.csv,,,0,0,True,False
00929-1996-AA,1997,sentencia,data\sentencia-Extract\1997\sentencia-pdf-1997.csv,,,0,0,True,False
00485-1996-AA,1997,sentencia,data\sentencia-Extract\1997\sentencia-pdf-1997.csv,"Consorcio Textíl del Pacífico S.A., interpone Acción de Amparo contra la Superintendencia
Nacional de Administración Tributaria y el Ministerio de Economía y Finanzas, con el objeto de quejas
entidades accionadas se abstengan de aplicar los artículos 109° al 115° del b.ecreto Legislativo 774°, que","Consorcio Textíl del Pacífico S.A., interpone Acción de Amparo contra la Superintendencia Nacional de Administración Tributaria y el Ministerio de Economía y Finanzas, con el objeto de quejas entidades accionadas se abstengan de aplicar los artículos 109° al 115° del b.ecreto Legislativo 774°, que crea el impuesto mínimo a la renta; tras vulnerar sus derechos constitucionales a la libertad de empresa ya la no confiscatoriedad de los tributos, entre otros límites previstos en el artículo 74° de la Constitución. Admitida la demanda, Úta es contestada por el Procurador Público encargado de los !ltsuntos Judiciales del Ministerio de Economía y Finanzas, solicitando se declare improcedente la demanda, ya que: a) el impuesto mínimo a la renta no es confiscatorio, y b) el plazo para interponer la acción de garantía caducó. El Juez del Décimo Sétimo Juzgado Civil de Lima expidió resolución, con fecha once de octubre de mil novecientos noventa y cuatro, en la que declaró fundada la demanda. Interpuesto el recurso de apelación, la Primera Sala Civil de la Corte Superior de Lima expide resolución revocando la apelada, y reformándola, la declara infundada. Interpuesto el recurso de nulidad, con fecha veintitrés de mayo de mil novecientos noventa y seis, la sala de Derecho Constitucional y Social declara No Haber Nulidad. Interpuesto el recurso extraordinario, los autos son elevados al Tribunal Constitucional.",1434,1420,False,False
01023-1996-AA,1997,sentencia,data\sentencia-Extract\1997\sentencia-pdf-1997.csv,"Compañía Textíl El Progreso S.A., interpone Acción de Amparo contra el Supremo
Gobierno en la persona del Superintendente de la Superintendencia Nacional de
Administración Tributaria con el objeto de que la entidad demandada se abstenga de
aplicar los artículos 1090 y siguientes del Decreto Legis","Compañía Textíl El Progreso S.A., interpone Acción de Amparo contra el Supremo Gobierno en la persona del Superintendente de la Superintendencia Nacional de Administración Tributaria con el objeto de que la entidad demandada se abstenga de aplicar los artículos 1090 y siguientes del Decreto Legislativo 774°, que crea el impuesto mínimo a la renta; tras vulnerar sus derechos constitucionales a la libertad de empresa, la no cOf?fiscatoriedad de los tributos, la libertad de trabajo y a la seguridad jurídica. Admitida la demanda, ésta es contestada por la representante legal de la Superintendencia Nacional de Administración Tributaria, solicitando se declare improcedente la demanda, ya que: a) se solicita se disponga la suspensión de las medidas de cobranza, sin tener en cuenta que las mismas derivan de un proceso regular emitidas .... por su representada en el ejercIcIo de sus funciones, b) los actos administrativos tributarios no pueden ser impugnados a través de la Acción de Amparo, pues de admitirse ello, se estaría desnaturalizando este tipo de proceso constitucional, que tiene por objeto la defensa de los derechos constitucionales. c) que se ampare la pretensión, supondría que se vulnere el principio de igualdad en materia tributaria, pues se exoneraría de su pago a un mal contribuyente en perjuicio de los miles que sí cumplen con su pago. d) realmente se pretende, a través del Amparo, discutir no la indebida actuación de la administración tributaria, sino la validez de una norma, que debe realizarse a través de la Acción de Inconstitucionalidad. e) el impuesto mínimo a la renta no es confiscatorio, pues no absorve una parte sustancial del patrimonio o de la renta, que, en todo caso, requiere el tránsito de una estación tributaria, donde se realice un análisis riguroso. El Juez del Sexto Juzgado Civil de Lima expidió resolución, con fecha veinticuatro de mayo de mil novecientos noventa y seis, declarando improcedente la demanda. Interpuesto el recurso de apelación, la Sala Especializada de Derecho Público de la Corte Superior de Lima, con fecha veintitrés de octubre de mil novecientos noventa y seis expide resolución cO'1firmando la apelada. Interpuesto el recurso extraordinario, los autos son elevados al Tribunal Constitucional.",2299,2271,False,False
00935-1996-AA,1997,sentencia,data\sentencia-Extract\1997\sentencia-pdf-1997.csv,,,0,0,True,False
00744-1996-AA,1997,sentencia,data\sentencia-Extract\1997\sentencia-pdf-1997.csv,"El demandante fundamenta su reclamo en la transgresión de sus derechos constitucionales de propiedad y de
petición por parte de las autoridades emplazadas al negarse a dar cumplimiento a la Resolución de Conce~jo
N° 065 expedida por el Con~jo Metropolitano de Lima con fecha treinta de junio de mil","El demandante fundamenta su reclamo en la transgresión de sus derechos constitucionales de propiedad y de petición por parte de las autoridades emplazadas al negarse a dar cumplimiento a la Resolución de Conce~jo N° 065 expedida por el Con~jo Metropolitano de Lima con fecha treinta de junio de mil novecientos noventa y tres. Alega que por ante el Vigésimo Juzgado Civil de Lima viene tramitando una acción reinvindicatoria contra Leandro Ramos Villafuerte, Cesar Torres Zamudio y Alvaro Quevedo Flores, entre otros, a fin de que se le restituya los quince mil novecientos noventa y nueve metros cuadrados ubicados en la Urbanización Los Olivos que ilícitamente se apropió el primero de los citados; sin embargo pese a la exístencia de dicho · . proceso y el conocimiento que del mismo tienen las autoridades municipales de Lima Metropolitana y de Santiago de Surco, se venía procediendo a la venta y edificación de los mencionados terrenos, situación por la que tuvo que iníciar el Expediente N° 105436 en el COl1('ejo de Lima Metropolitana que culminó con la e.\:pedición de la Resolución de Concejo W 065, por la que se resolvió en favor de la intangibilidad del bien materia de litis a la espera de la solución judicial respectiva. Puntualiza además. . que la antes citada Resolución de Concejo declaró nula la Resolución de Alcaldia N° 1483, por la cual se autorizaba la venta libre de lotes, restaurando la vigencia de la Resolución N° 369 en la cual se estableció la reserva de venta de los lotes referidos. Además de ello, la misma Resolución N° 065, ordena que la Secretaá~ de Desarrollo Urbano de la Municipalidad de Lima, expida un informe técníco para determinar la extensión y características de la Urbanización Los Olivos por existir hasta nueve planos diferentes sobre el mismo autorizados por funcionarios ediles. Señala por último que a pesar que la Resolución de Concejo N° 065 es de conocimiento de las autoridades munícipales de Surco, por habérles informado de la misma el demandante con fecha catorce de junío de mil novecientos noventa y tres, la misma no es puesta en práctica por dichas autoridades, vulnerándose de éste modo sus derechos al continuar las ventas y edificaciones ilegales sobre la Urbanización Los Olivos con el rie~go de que la violación se convierta en irreparable al no haber terreno que reclamar. Admitida la acción a trámite por el Tercer Juzgado Civil de Lima, se dispone el traslado de la misma a las autoridades emplazadas, apersonándose al proceso el Alcalde de la Municipalidad de Santiago de Surco, quien contesta la demanda negándola y contradiciéndola, por cUanto no existe violación alguna de derechos ya que la Munícipalidad, sus funcionarios y trabajadores ciñen su accionar a la Constitución y las leyes;',Que.l no es falso que hayan incumplido la Resolución 065 ya que hasta la fecha no ha sido puesta oficialmente en su conocimiento por parte de la Municipalidad de Lima Metropolitana; Que""no obstante desde el catorce de julio de mil novecientos noventa y tres en que se puso extraoficialmente en su conocimiento tal resolución, se han abstenido de otorgar licencias o autorizaciones en la Urbanización Los Olivos; Que,hasta antes de tal fecha han actuado al amparo de la Resolución de Alcaldía N° 1483 del ocho de noviembre de mil novecientos noventa y uno que levanijÍla reserva para la libre venta de los lotes~i uesta por la Resolución de Alcaldía N° 369 del veintiuno de junío de mil novecientos setenta y siete; Que el cumplimiento de la Resolución de Concejo está supeditada a la elaboración por la Secretaría Munícipa de Desarrollo Urbano de un informe técnico que determine la extensión y características del terreno materia del Expediente N° 105436 promovido por la demandante ante la Municipalidad de Lima; Que, finalmente la actora no ha precisado ~tJ¡es son los derechos constitucionales supuestamente violados, reconociendo mas bien la existencia de hasta nueve planos diferentes haciéndose por consiguiente necesaria la ernísión del referido infonne. De fojas cincuenta a cincuenta y cuatro y con fecha treinta y uno de enero de mil novecientos noventa y cuatro el Tercer Juzgado en lo Civil de Lima expide sentencia declarando fundada en parte la demanda fundamentalmente por considerar: Que, por resolución de Concejo N° 065 del treinta de junio de mil novecientos noventa y tres, el Concejo Metropolitano de Lima declarg la pulidad de la Resolución de Alcaldía N° 1483 del ocho de noviembre de mil novecientos noventa y uno, restituyendo la reserva para la libre venta de los lotes dd área útil de la Urbanización Los Olivos del Distrito de Surco establecido por la Resolución de Alcaldía N° 369 del veintiuno de junio de mil novecientos setenta y siete hasta el pronunciarníento del poder judicial ~encarga a la Secretaría Municipal de Desarrollo Urbano la elaboración de un informe técnico que determine la extensión y características exactas del terreno materia del procedirníento; Que.,por la declaración de nulidad el acto resulta inexistente y. por tanto no surten efectos jurídicos los actos derivados de aquel declarado nulo; Que.. . si bien la Resoluci~n de Concejo N° 065 no ha · . sido oficialmente puesta en conocimiento de la Municipalidad de Santiago de Surco también lo es que la emplazada acepta conocerla debido a que la accionante la adjunt~ a su escrito del catorce de julio de mil novecientos noventa y tres surgiendo con ello la obligación de cumplirla; Qu~si bien la emplazada alega que a raíz que la emplazante le comunicó extraoficialmente dicha Resolución se ha abstenido de otorgar nuevas licencias, también lo es que la nulidad decretada va más allá, y debió además anular las licencias otorgadas al amparo de la Resolución de Alcaldía W 1483 declarada nula por la Resolución N° 065; Quc,si de ello / tuviera dudas estaba la emplazada en la obligación de solicitar los informes respectivos del Concejo de Lima Metropolitana como acto de cumplimiento debido en razón que con anterioridad la comuna no se había pronunciado respecto de la legitimidad de los terrenos de la Urbanización los Olivos; Que, si bien los. actuales ocupantes de los lotes de terreno en la Urbanización 'los Olivos no han intervenido en el expediente a..dministrativo ni en la presente acción ello no significa que no tengan su derecho para hacerlo valer con arreglo a ley; Que,.no resulta exigible vía previa alguna por no encontrarse regulada; Qu(.,es al Alcalde como representante de la comuna a quien corresponde hacer cumplir las resoluciones siendo el Director de Desarrollo Urbano una instancia inferior no decisiva para ello; por lo que la acción no procede contra éste último. . Interpuesto recurso de apelación por la Municipalidad de Santiago de Surco los autos son remitidos a la Tercera Fiscalía Superior en lo Civil para efectos de la vista correspondíente siendo devueltos estos con díctamen que se pronuncia porque se confirme la apelada, excepto en el extremo en que se ordena la paralización de obras que se iniciaron con las licencias expedidas al amparo de la resolución N° 1483, por ser un pedido no formulado por la accionante. Posteriormente se apersona a la instancia la Compañía Constructora Atlas S.AJa través de su Gerente, Alvaro Quevedo Flores alegando legítimo interés y solicitando se declare improcedente la acción fundamentalmente en atención a que .el Juzgado ha resuelto en su peIjuicio no obstanteJconocer de su existencia y saber que no habían intervenido ni en el proceso administrativo ni habían sido citados en la acción de amparo a efectos de ejercer su derecho de defensa. De fojas doscientos cuarenta y dos a doscientos cuarenta y tres y con fecha díecisiete de abril de mil novecientos noventa y cinco, la Tercera Sala Civil·de conformidad en parte con el Dictamen Fiscal, confinna la sentencia recurrida, considerando adicionalmente: Qtif,si' bien no se ha demostrado que la Municipalidad de Lima Metropolitana hubiera cumplido con notificar a la Municipalidad demandada de la Resolución N° 065, también lo es, como lo reconoce la emplazada, que de ella ha tomado conocimiento desde el catorce de julio de mil novecientos noventa y tres, estando por ello obligada a cumplir con dicha Resolución, hecho que sin embargo no ha acreditado con actos administrativos emitidos por su despacho que pongan de manifiesto que viene cumpliendo con la Resolución materia de la presente acción. Interpuesto recurso de nulidad por la demandada y al que se adhiere posteriormente la Compaflía Constructora Atlas S.A los autos son remitidos a la Fiscalía Suprema en lo Contencioso Administrativo para efectos de la vista correspondiente y devueltos éstos con Dictamen que se pronuncia porque se declare que hay nulidad en la resolución recurrida y reformándola se le declare improcedente~ la Sala de Derecho Constitucional y Social de la Corte Suprema de la República con fecha veintiséis de abril de mil novecientos noventa y seis declara Haber Nulidad en la resolución de vista por lo que reformando ésta y revocando la apelada declararon improcedente la acción, principalmente por considerar: Que}a demandante ha accedido a la vía ordinaria, donde se determina$"" en definitiva a quien pertenecen los terrenos materia de juicio, siendo aplicable al caso el inciso 3 del artículo 6° de la Ley N° 23506. Contra ésta resoLuciónJla demandante interpone recurso extraordinario por lo que de confonnidad con el artículo 41 ° de la Ley N° 26435 se dispuso el envío de los autos al Tribunal Constitucional.",9607,9507,False,False
00068-1997-HC,1997,sentencia,data\sentencia-Extract\1997\sentencia-pdf-1997.csv,,,0,0,True,False
00082-1995-AA,1997,sentencia,data\sentencia-Extract\1997\sentencia-pdf-1997.csv,,,0,0,True,False
00013-1996-AA,1997,sentencia,data\sentencia-Extract\1997\sentencia-pdf-1997.csv,,,0,0,True,False
00217-1996-AA,1997,sentencia,data\sentencia-Extract\1997\sentencia-pdf-1997.csv,"El demandante interpone acción de amparo seflalando que se ha violentado su derecho a la
libertad de trabajo y de estabilidad laboral, al haber sido cesado del Ministerio de Trabajo
mediante Resolución Ministerial N° 119-94-TR publicada el veinticuatro de agosto de mil
novecientos noventicuatro, ","El demandante interpone acción de amparo seflalando que se ha violentado su derecho a la libertad de trabajo y de estabilidad laboral, al haber sido cesado del Ministerio de Trabajo mediante Resolución Ministerial N° 119-94-TR publicada el veinticuatro de agosto de mil novecientos noventicuatro, a raíz de una evaluación dispuesta por el Decreto Ley 26093. Indica el demandante que nunca se le hizo conocer el puntaje alcanzado y menos los indices comparativos o referenciales que permitian la evaluación. Seflala que se ha violentado su derecho de estabilidad laboral, reconocido por la Ley de Bases de la Carrera Administrativa contenido en el Decreto Legislativo 276; igualmente ·se atenta contra lo establecido en el artículo 2r de la Constitución. Ampara su demanda en el artrculo 10° de la Ley 23506. Asimismo, sostiene que presentó recursos impugnativos que fueron declarados infundados y que demuestran que se agotó la via previa. Contestada la demanda por el Procurador Público a cargo de los Asuntos Judiciales del Ministerio de Trabajo y Promoción Social, sostiene que la Resolución N° 104-94-TR que cesa al demandante, no ha violado ningún derecho constitucional, ya que su expedición está dada' dentro de los alcances y facultades contenidas en los decretos leyes 26093 y 25927. Manifiesta que la evaluación estuvo ceflida estrictamente al marco constitucional y al D.L. 26093 que el demandante no aprobó el examen de evaluación, y de acuerdo al arto 2° del cuerpo legal citado, esto es causal de excedencia. El Juez del Primer Juzgado Civil del Cuzco, resuelve declarando fundada la demanda, argumentando que el cese del actor no está previsto en la ley 11377 y el D.L. 276, en mérito de los cuales cualquier medida o acto que tenga por finalidad el cese o destitución de personal J nombrado en la Administración Pública es arbitrariamente inconstitucional sino se toman en consideración las citadas normas. La Sala Civil de la Corte Superior del Cusca revoca la sentencia apelada, y reformándola la declara INFUNDADA, teniendo en consideración que no se ha violado ningún derecho constitucional del recurrente, toda vez que no ha aprobado el examen de evaluación.",2205,2179,False,False
00110-1992-AA,1997,sentencia,data\sentencia-Extract\1997\sentencia-pdf-1997.csv,,,0,0,True,False
00003-1994-AA,1997,sentencia,data\sentencia-Extract\1997\sentencia-pdf-1997.csv,,,0,0,True,False
00035-1996-AA,1997,sentencia,data\sentencia-Extract\1997\sentencia-pdf-1997.csv,,,0,0,True,False
00035-1995-AA,1997,sentencia,data\sentencia-Extract\1997\sentencia-pdf-1997.csv,,,0,0,True,False
00085-1995-AA,1997,sentencia,data\sentencia-Extract\1997\sentencia-pdf-1997.csv,,,0,0,True,False
00227-1996-AA,1997,sentencia,data\sentencia-Extract\1997\sentencia-pdf-1997.csv,,,0,0,True,False
00460-1996-AA,1997,sentencia,data\sentencia-Extract\1997\sentencia-pdf-1997.csv,,,0,0,True,False
00763-1996-AA,1997,sentencia,data\sentencia-Extract\1997\sentencia-pdf-1997.csv,,,0,0,True,False
00943-1996-AA,1997,sentencia,data\sentencia-Extract\1997\sentencia-pdf-1997.csv,,,0,0,True,False
00057-1996-AA,1997,sentencia,data\sentencia-Extract\1997\sentencia-pdf-1997.csv,,,0,0,True,False
00213-1996-AA,1997,sentencia,data\sentencia-Extract\1997\sentencia-pdf-1997.csv,,,0,0,True,False
00742-1996-AA,1997,sentencia,data\sentencia-Extract\1997\sentencia-pdf-1997.csv,,,0,0,True,False
00322-1996-AA,1997,sentencia,data\sentencia-Extract\1997\sentencia-pdf-1997.csv,"El demandante interpone su acción sustentando su reclamo en la transgresión de sus derechos laborales al
haberse expedido la Resolución Ministerial N° 149-94-JUS por la que se le instaura proceso administrativo,
la Resolución Ministerial N° 217 -94-JUS por la que se le destituye arbitrariamente su","El demandante interpone su acción sustentando su reclamo en la transgresión de sus derechos laborales al haberse expedido la Resolución Ministerial N° 149-94-JUS por la que se le instaura proceso administrativo, la Resolución Ministerial N° 217 -94-JUS por la que se le destituye arbitrariamente su cargo y, la Resolución Ministerial N° 428-94-JUS así como la Resolución Suprema N° 129-94-JUS por las que se deniega sus recursos de reconsideración y apelación, respectivamente, recortándosele el derecho de defensa. Especifica el demandante que se ha venido desempeñando como Funcionario del Poder Judicial, acreditando tal condición con el Certificado expedido por el Director Ejecutivo de la Oficina de Escalafón del Poder Judicial a donde se le reconoce el cargo de Defensor de Oficio desde su ingreso producido el veintiocho de octubre de núl novecientos ochenta y tres, luego de su nombramiento con la Resolución Ministerial N° 309- 83-JUS. Puntualiza además que laboral, jurídica·y disciplinariamente, depende solo del Poder Judicial y es por ello que, incluso, por mandato de la Segunda Sala Civil de la Corte Superior se le repuso en su cargo mediante la Resolución Suprema N° l79-92-JUS que dejo'sin efecto la Resolución Ministerial N° 780.1.89- JUS que lo tuvo privado de sus derechos hasta el año mil novecientos noventa y dos. Agrega que es igualmente el Poder Judicial quien le abona sus remuneraciones y deduce sus aportaciones al IPSS y es en el Presupuesto Analítico del Personal del Poder Judicial donde se establece que los Defensores de Oficio Titulares de las Cortes Superiores son Funcionarios del Sector Judicial. Puntualiza igualmente el demandante que si conforme al artículo 3030 de la Ley Orgánica del Poder Judicial las Salas y los Juzgados Especializados solicitan las sanciones disciplinarias para los Defensores por el incumplímiento de sus funciones y la destitución prospera a solicitud del Consejo Ejecutivo Distrital de la Corte Superior, ello quiere decir que los ()¡efensores rentados del Poder Judicial solo pueden ser procesados administrativamente por éste y no por otro organismo ajeno al sector. Sostiene además que coincidente con tal criterio la Ley Orgánica del Poder Judicial establece en su artículo 3010 que los Defensores rentados dan cuenta de sus obligaciones ante las Salas Penales donde laboran y no así, ante el Ministerio de Justicia. Agrega también que en la anterior oportunidad que se violo' su derecho laboral fue el Quinto Tribunal Correccional quien abrió proceso disciplinario en su contra, lo que prueba que es funcionario del Poder Judicial y no del Poder Ejecutivo, situación que incluso se reconoció por el Procurador Público de Justicia en la ocasión en que interpuso acción de amparo. Admitida la acción por el Vigésimo Tercer Juzgado Especializado en lo Civil de Lima, se dispone el traslado de la misma a la Procuraduria Pública del Ministerio de Justicia, quien contesta la demanda negándola en todos sus extremos por entender que la resolución que designa al demandante ha sido expedida por el Ministerio de Justicia, resultando facultad de éste el nombrarlos o destituirlos, lo que por otra parte también está contemplado en el Decreto Ley N° 25993 o Ley Orgánica del Sector Justicia. Especifica además que el articulo 200 de la referida Ley Orgánica, dispone que la Dirección Nacional de Justicia (Organo del Ministerio) mantiene el nexo entre los Poderes Ejecutivo y Judicial y entre otras funciones promueve y coordina la defensa de oficio, facultad que es ampliada en el Reglamento de Organización y Funciones del Ministerio de Justicia, cuyo articulo 700 inciso f) dispone que es función de la Dirección Nacional de Justicia, promover, coordinar y supervisar la defensa de oficio. En todo caso, si bien los defensores de oficio dependen presupuestal y remunerativamente del Poder Judicial ello no conlleva una dependencia plena con dicho órgano al existir normas como las citadas que los supeditan administrativamente al Ministerio de Justicia. Por último y a mayor abundamiento señala que la Ley Orgánica del Poder Judicial dispone en su artículo 3000 que los Defensores de Oficio son nombrados previo concurso por el Poder Ejecutivo a través del Ministerio de Justicia, y el articulo 3030 de la misma citada nomla solo da facultades de solicitud de sanción a las Salas y Juzgados pero quien· ejecuta las mismas es el Ministerio de Justicia. De fojas cincuenta y cinco a cincuenta y nueve y con fecha diecisiete de julio de mil novecientos noventa y cinco, el Juzgado expide resolución declarando Fundada la acción principalmente por considerar: Que el demandante ha probado que figura en el escalafón del Poder Judicial en calidad de funcionario; Que la Ley N° 15119 determina la dependencia presupuestal de los Defensores de Oficio del Poder Judicial a pesar que los nombramientos los realiza el Ministerio de Justicia, pues conforme a los Decretos Supremos N° 009-83- JUS del tres de marzo de mil novecientos ochenta y tres y N° 036-83-JUS del veintidós de julio de mil novecientos ochenta y tres, en los que se determina los cargos de confianza del Ministerio de Justicia, en ninguno de ellos se comprende a los Defensores de Oficio, debiéndose por tanto resolverse ésta contradicción por lo más favorable al trabajador; Que por la forma como el defensor de oficio ha venido desempeñándose en sus labores se evidencia una constante relación de dependencia presupuestal y laboral frente al Poder Judicial; Que dentro del vínculo Servidor Administración Pública se adquiere el derecho a la estabilidad laboral, situación distinta a quienes ostentan cargos de confianza; Que en consecuencia, al expedirse la · . Resolución Ministerial con la que se da por concluída la designación del demandante, se vulnera sus derechos constitucionales, resultando de aplicación los artículos 24° inciso 10 y 22° de la Ley 23506. Apelada dicha resolución por la parte demandada se dispone el envío de los autos a la Primera Fiscalía Superior en lo Civil de Lima para efectos de la vista correspondiente y devueltos estos con Dictamen que se pronuncia por la revocatoria de la apelada, la Segunda Sala Civil de Lima a fojas noventa y con fecha veintiocho de marzo de mil novecientos noventa y seis, revoca la resolución apelada y declara Improcedente la acción estando a lo dispuesto en el artículo 300° de la Ley Orgánica del Poder Judicial, el artículo 20° de la Ley 25993 (Ley Orgánica del Sector Justicia) y el artículo 70° del Código de Procedimientos Penales. Contra ésta resolución el demandante interpone recurso de casación por lo que de conformidad con la Disposición Transitoria ~ui lita de la Ley N° 26435, Y entendiendo el presente recurso como ""Extraordinario"" se dispuso el envío de los autos al Tribunal Constitucional.",6865,6798,False,False
00781-1996-AA,1997,sentencia,data\sentencia-Extract\1997\sentencia-pdf-1997.csv,,,0,0,True,False
00219-1995-AA,1997,sentencia,data\sentencia-Extract\1997\sentencia-pdf-1997.csv,,,0,0,True,False
00106-1996-AA,1997,sentencia,data\sentencia-Extract\1997\sentencia-pdf-1997.csv,,,0,0,True,False
00204-1993-AA,1997,sentencia,data\sentencia-Extract\1997\sentencia-pdf-1997.csv,,,0,0,True,False
00161-1995-AA,1997,sentencia,data\sentencia-Extract\1997\sentencia-pdf-1997.csv,,,0,0,True,False
00058-1996-HD,1997,sentencia,data\sentencia-Extract\1997\sentencia-pdf-1997.csv,,,0,0,True,False
00908-1996-AA,1997,sentencia,data\sentencia-Extract\1997\sentencia-pdf-1997.csv,"La Compañía Importadora y Exportadora del Perú S.A. interpone
Acción de Amparo contra la Superintendencia Nacional de Administración
Tributaria (SUNAT), en la persona de su Superintendente Nacional, a fin de que se
deje sin efecto -para ella- los resultados de la aplicación del artículo 118° del","La Compañía Importadora y Exportadora del Perú S.A. interpone Acción de Amparo contra la Superintendencia Nacional de Administración Tributaria (SUNAT), en la persona de su Superintendente Nacional, a fin de que se deje sin efecto -para ella- los resultados de la aplicación del artículo 118° del Decreto Ley N° 25751, Ley de Impuesto a la Renta y consiguientemente sin efecto legal alguno el giro efectuado mediante la Orden de Pago ~ 021-1-06240, ascendente a la suma de noventitrés mil trescientos ocho nuevos soles, más intereses. Sostiene la entidad accionante que el proceso de ejecución coactiva generado por la indicada orden de pago y el inicio de las acciones de embargos derivados del proceso coactivo, son actos que constituyen violación a los derechos consagrados en la Constitución Política, como son los de no confiscatoriedad de los impuestos, propiedad, libre empresa, libertad de trabajo, y de seguridad jurídica. Alega que la orden de pago que, sobre el Impuesto Mínimo a la Renta, se ha cursado a la entidad actora, no solamente no tiene en consideración que de pagarse se afectaría sustancialmente las rentas obtenidas por ella, en f1}ás del cincuenta por cierilo sino que además, desconoce lo abonado por ella misma)conforme al régimen general, esto es, al pago realizado por el Impuesto a la Renta. Ampara su pretensión en lo dispuesto por los artículos 2°, inciso 15) y 16), 3°, 74° Y 200° de la Constitución; y los artículos ¡O, jo, 3°, 24° inciso 22), 26° Y 28° inciso 2) de la Ley N° 23506. Admitida la demanda, esta es contestada por la Superintendencia Nacional de Administración Tributaria, que la niega y contradice en todos sus extremos, solicitando se declare improcedente y/o infundada, argumentando que la norma que estableció el denominado impuesto mínimo a la renta, se aplicó a fin de establecer una presunción legal de rentabilidad mínima en función de la explotación normal y racional de los activos de una empresa, el mismo que se sustenta en el principio fundamental de que todos tienen el deber de pagar los tributos que les corresponden, para lo cual se determinó una base mínima sobre la cual debía y debe pagarse el impuesto a la renta, sin que pueda ello calificársele como violatorio de derecho constitucional alguno. Señala, además, que la Acción de Amparo ha caducado al haberse interpuesto después de los sesenta días del plazo dispuesto por la Ley N° 23506, toda vez que el artículo 118° de la Ley N° 25381, entró en vigencia el 29 de diciembre de 1991. Añade, asrmismo, que la entidad demandante pretende mediante el presente proceso de Amparo cuestionar la constitucionalidad de una norma legal, sin tener en cuenta que ella no es la vía, y que la SUNA T no hace sino aplicar los dispositivos legales vigentes como órgano administrador de tributos. El Juez del Vigésimo Cuarto Juzgado Civil de Lima, con fecha diecinueve de setiembre de mil novecientos noventa y cinco, declara improcedente la demanda, tras considerar que la Acción de Amparo no procede contra normas legales, ni contra resoluciones judiciales emanadas de un proceso judicial regular; y que el Decreto Ley N° 25751, es un dispositivo legal emanado de autoridad suficiente, de obediencia forzosa y de aplicación general dentro del territorio, concluyendo que el cobro requerido por la SUNA T, no puede ser considerado como amenaza de violación de los derechos constitucionales de la accionan te. Interpuesto el recurso de apelación, la Fiscal Superior opina porque se confirme la apelada que declara improcedente la demanda. La Quinta Sala Civil de , • la Corte Superior de Lima, remite los actuados a la Sala Especializada de Derecho Público -por ser de su competencia-, de conformidad con el artículo 1 ° de la Resolución Administrativa ]¡o 126-CME-PJ Con fecha cuatro de setiembre de mil novecientos noventa y seis, la Sala Especializada de Derecho Público expide resolución confirmando la apelada. Interpuesto el recurso extraordinario, los autos son elevados al Tribunal Constitucional.",4066,4011,False,False
00042-1997-AA,1997,sentencia,data\sentencia-Extract\1997\sentencia-pdf-1997.csv,,,0,0,True,False
00028-1993-AA,1997,sentencia,data\sentencia-Extract\1997\sentencia-pdf-1997.csv,,,0,0,True,False
00097-1996-AA,1997,sentencia,data\sentencia-Extract\1997\sentencia-pdf-1997.csv,,,0,0,True,False
00344-1996-AA,1997,sentencia,data\sentencia-Extract\1997\sentencia-pdf-1997.csv,,,0,0,True,False
00250-1997-AA,1997,sentencia,data\sentencia-Extract\1997\sentencia-pdf-1997.csv,,,0,0,True,False
00138-1997-AA,1997,sentencia,data\sentencia-Extract\1997\sentencia-pdf-1997.csv,,,0,0,True,False
00198-1995-AA,1997,sentencia,data\sentencia-Extract\1997\sentencia-pdf-1997.csv,,,0,0,True,False
00110-1996-AA,1997,sentencia,data\sentencia-Extract\1997\sentencia-pdf-1997.csv,,,0,0,True,False
00986-1996-AA,1997,sentencia,data\sentencia-Extract\1997\sentencia-pdf-1997.csv,,,0,0,True,False
00141-1996-AA,1997,sentencia,data\sentencia-Extract\1997\sentencia-pdf-1997.csv,,,0,0,True,False
00639-1996-AA,1997,sentencia,data\sentencia-Extract\1997\sentencia-pdf-1997.csv,,,0,0,True,False
00038-1995-AA,1997,sentencia,data\sentencia-Extract\1997\sentencia-pdf-1997.csv,,,0,0,True,False
00043-1996-AA,1997,sentencia,data\sentencia-Extract\1997\sentencia-pdf-1997.csv,,,0,0,True,False
00005-1994-AA,1997,sentencia,data\sentencia-Extract\1997\sentencia-pdf-1997.csv,,,0,0,True,False
00942-1996-HC,1997,sentencia,data\sentencia-Extract\1997\sentencia-pdf-1997.csv,"Los accionantes interponen hábeas corpus sustentando su reclamo en la transgresión de su libertad
individual, en la modalidad de excarcelación, por parte de la Sala Penal Especial de Terrorismo.
Alegan que no obstante haber sido procesados por delito contra el Orden y la Tranquilidad Publica
Terr","Los accionantes interponen hábeas corpus sustentando su reclamo en la transgresión de su libertad individual, en la modalidad de excarcelación, por parte de la Sala Penal Especial de Terrorismo. Alegan que no obstante haber sido procesados por delito contra el Orden y la Tranquilidad Publica Terrorismo, la emplazada, pese a emitir sentencia con fecha diecinueve de abril de mil novecientos noventa y cinco ,mediante la cual los absuelve respecto del referido ilícito de terrorismo, procede sin embargo en la misma resolución y sin tomar en cuenta que no se encontraba facultada para ello, a condenarlos por un ilícito común (delito contra la libertad-violación de la libertad personal, coacción y secuestro) situación que resulta inconstitucional por contravenir el artículo 139 inciso 3 de la Constitución Política e ilegal por desacatar lo dispuesto por el artículo 12, inciso 16, de la Ley No. 23506, el artículo 18 de la Ley No. 25398 y el artículo 329 del Código de Procedimientos Penales. Especifican además que aunque la sentencia cuestionada fue confirmada por resolución de la Corte Suprema de Justicia de la República del primero de diciembre de mil novecientos noventa y cinco, sus fundamentos son inconstitucionales ya que si bien es cierto que el artículo 300 del Código de Procedimientos Penales faculta a dicha instancia a modificar o reformar sentencia alguna, tal dispositivo sólo es pertinente cuando un proceso se hubiera ventilado de acuerdo a las normas establecidas. A fojas treinta y cinco y con fecha veinticuatro de abril de mil novecientos noventa y seis, el Décimo Nóveno Juzgado en lo Civil de Lima, declara inadmisible la acción básicamente por estimar: Que el fallo cuestionado ha sido materia de pronunciamiento por la Corte Suprema de Justicia de la República,quien ha declarado no haber nulidad elevando la pena impuesta, de donde la situación que detiene la excarcelación de los accionantes proviene de un fallo a resultas de un procedimiento penal regular que no puede ser tomado como viola torio de la libertad individual; Que no se puede detener la ejecución de una sentencia contra la parte vencida en un proceso regular mediante la acción de garantía y; Que resulta de aplicación el inciso 2 del artículo 6 de la Ley No. 23506 y los artículos 10 y 16 de la Ley No. 25398. Apelada la resolución por los accionantes, la Décima Sala Penal de la Corte Superior de Justicia de Lima , con fecha veinte de mayo de mil novecientos noventa y seis y a fojas cincuenta y cuatro, confirma la apelada por considerar que los hechos provienen de un proceso regular. Contra esta resolución los accionantes promueven recurso extraordinario remitiéndose los autos al Tribunal Constitucional; por lo que dicho Colegiado con fecha seis de agosto de mil novecientos noventa y seis y de fojas cincuenta y siete a sesenta, expide sentencia declarando nula la recurrida y ordenando que se expida nuevo pronunciamiento principalmente por considerar: Que de conformidad con el artículo 139, incisos 3 y 5 de la Constitución ninguna persona puede ser desviada de la jurisdicción predeterminada por la ley ni sometida a procedimientos distintos de los previamente establecidos, así como que las resoluciones judiciales deben mencionar no solo la ley aplicable sino los fundamentos en que se sustentan; y, Que la recurrida sólo se ha limitado a confirmar la apelada sin estimar el caso especial de los actores y sin mencionar la ley aplicable en cuya virtud se califica como ""procedimiento regular"" el que motiva la demanda. Devueltos los autos al Poder Judicial, la Sala de Derecho Público de la Corte Superior de Justica de Lima, a fojas setenta y seis y con fecha veinticinco de octubre de mil novecientos noventa y seis, expide resolución por la que revoca la apelada y declara improcedente la acción principalmente por considerar: Que si bien la observación formulada por los recurrentes es válida en cuanto a la apreciación del proceso aplicable a un delito corriún ,tal debate juridico sólo puede ser atendible en tanto no se hubiera resuelto la causa en la máxima instancia suprema y sólo en cuyo caso, este superior Colegiado pudo haber asumido adecuada competencia; Que habiéndose expedido resolución por la Corte Suprema de Justica de la República, la causa ha pasado a tener autoridad de cosa juzgada, encontrándose este Colegiado impedido de reformar la orden que emana de dicha ejecutoria suprema en atención al principio de jerarquía jurisdiccional que establece el inciso 1 del artículo 34 de la Ley Orgánica del Poder Judicial; Que debe entenderse que el presente caso, el procedimiento regular invocado por el A-quo, deviene precisamente en el impedimento proveniente del principio antes invocado, el cual no puede ser alterado por instancias inferiores. Contra esta nueva resolución los accionantes deducen apelación; por lo que de conformidad con la Disposición Transitoria Cuarta de la Ley No. 26435 y entendiendo el respectivo recurso como ""Extraordinario"" se dispuso el envío de los autos al Tribunal Constitucional.",5100,5051,False,False
00257-1996-AA,1997,sentencia,data\sentencia-Extract\1997\sentencia-pdf-1997.csv,,,0,0,True,False
00222-1996-AA,1997,sentencia,data\sentencia-Extract\1997\sentencia-pdf-1997.csv,,,0,0,True,False
00039-1993-AA,1997,sentencia,data\sentencia-Extract\1997\sentencia-pdf-1997.csv,,,0,0,True,False
00273-1996-AA,1997,sentencia,data\sentencia-Extract\1997\sentencia-pdf-1997.csv,,,0,0,True,False
00101-1997-AA,1997,sentencia,data\sentencia-Extract\1997\sentencia-pdf-1997.csv,,,0,0,True,False
00007-1997-AA,1997,sentencia,data\sentencia-Extract\1997\sentencia-pdf-1997.csv,"Don José Ernesto Evangelista Rosado interpone Acción de Amparo contra la
Superintendencia Nacional de Aduanas (SUNAD), por violación de sus derechos
constitucionales al debido proceso, legítima defensa y derecho de petición.
Sostiene el actor que con fecha veintisiete de abril de mil novecientos","Don José Ernesto Evangelista Rosado interpone Acción de Amparo contra la Superintendencia Nacional de Aduanas (SUNAD), por violación de sus derechos constitucionales al debido proceso, legítima defensa y derecho de petición. Sostiene el actor que con fecha veintisiete de abril de mil novecientos noventa y cinco, la oficina de recursos humanos de la Superintendencia Nacional de Aduanas le cursó una carta notarial a fin de que formule sus descargos en el término de seis días, por haber inc:urrido en diversos actos que conllevaban el cese de la re'lación laboral. Alega que con fecha ocho de mayo de mil novecientos noventa y cinco, formuló sus descargos, y con fecha once del mismo mes y año se le cursaba nuevamente una carta notarial, a través de la cual se daba termino al vínculo laboral que la unía con la entidad demandada, en aplicación del inciso a) del artículo 61 del decreto legislativo 728°. Refiere que con fecha veintinueve de mayo del mismo año, interpuso su recurso de reconsideración, y sin embargo, dicho medio impugnatorio no fue tramitado, aceptado ni recibido respuesta alguna, transgrediéndose el inciso 20) del artículo 2 ° de la Constitución. No obstante ello, nuevamente, esta vez con fecha treinta y uno de agosto de mil novecientos noventa y cinco, solicitó se regularice su trámite, de lo que no obtuvo respuesta, por lo que considera que se está vulnerando su derecho constitucional a la legítima defensa. Recuerda que tras no haber obtenido respuesta alguna, con fecha once de setiembre de mil novecientos noventa y cinco, interpuso recurso de apelación contra la carta notarial, no obteniendo nuevamente respuesta alguna. No obstante ello, con fecha cinco de octubre de mil novecientos noventa y cinco, la oficina de recursos humanos le remite una carta notarial por la cual se ratifica la rescisión del contrato de trabajo, y que el trámite se ha ceñido al régimen laboral privado, aplicable a los trabajadores de Aduanas. Sostiene el actor, que siendo la SUNAD una institución pública descentralizada, y encontrarse laborando en calidad de empleado públicó, tras haber sido nombrado por resolución ministerial N° 515-74-MINCOM-DIGA, con fecha veinticuatro de setiembre de mil novecientos setenta y cuatro, se encontraba sujeto a un procedimiento administrativo, y no como se ha realizado contra el actor, al sometérsele a un procedimiento de la actividad privada; no constituyendo excusa para su cumplimiento el hecho de que la Ley Orgánica de la entidad demandada prevea en sus artículos 20 y 21 que le es aplicable la ley 24514 ° y el decreto legislativo 728°, respecto de las infracciones y sanciones. Refiere que debió, en el peor de los casos, haber sido cesado mediante resolución del Superintendente Nacional de Aduana, previo proceso administrativo, y no a través de una carta notarial, pues así se prevé en el artículo 7° inciso k) del Estatuto de la referida entidad. Alude, asimismo, que de conformidad con el artículo 31 ° del mismo Estatuto, el personal de Aduanas se sujeta sin excepción al reglamento interno de trabajo, que se aprueba por resolución de Superintendencia de Aduanas, y cuyo artículo 60°, reproduce los mismos términos del ya refeddo inciso k) del artículo 7° de sus Estatutos, por lo que considera que su despid~ habría sido arbitrario, además de violatono a sus derechos constitucionales ya citados. Admitida la demanda, ésta es contestada por el Procurador Público encargado de los ~untos ltdiciales de Aduanas, quien solicita se declare improcedente la demanda, ya que: a) no se ha vulnerado su derecho de defensa, pues se le concedió un plazo de seis dias para que efectuara sus descargos antes de haberse procedido a disolver el vínculo laboral, que el actor ejercitó en forma irrestricta. b) SUNAD ha observado estrictamente el procedimiento de despido establecido por los artículos 67° y 68° del decreto legislativo 728°, por lo que no se TRrBUNAL CONSTITUCIONAL ha vulnerado su derecho al debido proceso., c) de conformidad con el artículo 60° del Estatuto de Aduanas, el despido se formalizará por resolución del Superintendente o de quien éste delegue, siendo que mediante resolución N° 000649 del dos de julio de mil novecientos noventa y dos, se facultó al Gerente de Personal de la Intendencia Nacional de Administración (ahora Jefe de la Oficina de Recursos Humanos) para que proceda a efectivizar (sic) el despido de sus trabajadores. Con fecha dieciocho de julio de mil novecientos noventa y seis, el Juez del Tercer Juzgado Civil del callao expide resolución, declarando infundada la demanda. Interpuesto el recurso de apelación, la Sala Civil de la Corte Superior del Callao confirma la apelada. Interpuesto el recurso extraordinario, los autos son elevados al Tribunal Constitucional.",4836,4771,False,False
00030-1995-AA,1997,sentencia,data\sentencia-Extract\1997\sentencia-pdf-1997.csv,,,0,0,True,False
00239-1995-AA,1997,sentencia,data\sentencia-Extract\1997\sentencia-pdf-1997.csv,,,0,0,True,False
00698-1996-AA,1997,sentencia,data\sentencia-Extract\1997\sentencia-pdf-1997.csv,,,0,0,True,False
01045-1996-AA,1997,sentencia,data\sentencia-Extract\1997\sentencia-pdf-1997.csv,,,0,0,True,False
00176-1996-AA,1997,sentencia,data\sentencia-Extract\1997\sentencia-pdf-1997.csv,,,0,0,True,False
00234-1995-AA,1997,sentencia,data\sentencia-Extract\1997\sentencia-pdf-1997.csv,,,0,0,True,False
00032-1995-AA,1997,sentencia,data\sentencia-Extract\1997\sentencia-pdf-1997.csv,,,0,0,True,False
00179-1993-AA,1997,sentencia,data\sentencia-Extract\1997\sentencia-pdf-1997.csv,,,0,0,True,False
00103-1993-AA,1997,sentencia,data\sentencia-Extract\1997\sentencia-pdf-1997.csv,,,0,0,True,False
00029-1993-AA,1997,sentencia,data\sentencia-Extract\1997\sentencia-pdf-1997.csv,,,0,0,True,False
00520-1996-AA,1997,sentencia,data\sentencia-Extract\1997\sentencia-pdf-1997.csv,,,0,0,True,False
00048-1995-AA,1997,sentencia,data\sentencia-Extract\1997\sentencia-pdf-1997.csv,,,0,0,True,False
00014-1996-AA,1997,sentencia,data\sentencia-Extract\1997\sentencia-pdf-1997.csv,,,0,0,True,False
00459-1996-AA,1997,sentencia,data\sentencia-Extract\1997\sentencia-pdf-1997.csv,,,0,0,True,False
00311-1993-AA,1997,sentencia,data\sentencia-Extract\1997\sentencia-pdf-1997.csv,,,0,0,True,False
00180-1995-AA,1997,sentencia,data\sentencia-Extract\1997\sentencia-pdf-1997.csv,,,0,0,True,False
00389-1996-AA,1997,sentencia,data\sentencia-Extract\1997\sentencia-pdf-1997.csv,"•
Empresa de Transportes Ex-Cooperativa de Transportes Señor de los
Milagros S.A., interpone Acción de Amparo contra la Municipalidad de Lima, la
Secretaria Municipal de Transporte Urbano de Lima, la Comisión Mixta encargada
la licitación las rutas de la avenida Abancay, por amenaza de violación","• Empresa de Transportes Ex-Cooperativa de Transportes Señor de los Milagros S.A., interpone Acción de Amparo contra la Municipalidad de Lima, la Secretaria Municipal de Transporte Urbano de Lima, la Comisión Mixta encargada la licitación las rutas de la avenida Abancay, por amenaza de violación de de de sus derechos constitucionales al trabajo, a la propiedad y de empresa. Solicita la entidad accionante que se declare no aplicable para ella, la prohibición de transitar por la Av. Abancay, dictada por la Municipalidad de Lima, y que regirá a partir del quince de marzo de mil novecientos noventa y cuatro; así como cualquier medida que desconozca rutas existentes y servicios a la fecha que entre en vigencia dicha medida. Refiere el representante legal de la entidad demandante que su empresa ha venido prestando de manera inintenumpida por el espacio de cuarenta y seis años, el servicio de transporte de pasajeros, primero, bajo la razón social de Empresa de • • • • • • Transporte Progreso S.A., luego como Cooperativa de Transportes Señor de los Milagros, y finalmente bajo la actual razón social. Alega que desde el año de 1993, la Municipalidad de Lima ha sacado en licitación diversas rutas, entre las que se encuentran aquellas que pasan por la Av. Abancay, pero ellos no se han presentado, toda vez que} la ruta que su representada realiza no ha salido en licitación. Alegan que la amenaza de impedírsele el tránsito por la Av. Abancay es de inminente realización, ya que con fecha dos de febrero de mil novecientos noventa y cuatro, la Secretaria Municipal de Transporte Urbano les ha notificado el oficio N° 1949-93-MLM/SMTU-DMTU, por el cual se les indica que deben de salir de la Av. Abancay para realizar una ruta que circula por la Av. Tacna. Tales hechos, refieren, ocasionaría el cierre de la empresa, que se despida a ciento ochenta trabajadores, y el peligro de que no se les pague sus beneficios sociales. Admitida la demanda, ésta es contestada por el Director Municipal de Transporte Urbano, Guido Díaz del Olmo, quien solicita se declare improcedente y / o infundada la pretensión, ya que: a) de acuerdo con la Ley 23853°, Orgánica de Municipalidades, corresponde a la Municipalidad Provincial el regular el transporte urbano y otorgar licencias o concesiones, b) mediante resolución suprema N° 029- 93-TCC, la Av. Abancay fue declarada vía de acceso restringida, encargándose a la Municipalidad, a través de su Secretaría Municipal de Transporte Urbano, la calificación de las empresas que prestarán el servicio por dicha ruta, c) mediante decreto de alcaldía N° 054-93, se aprobó el plan regulador de rutas, en el que se comprendió a la Av. Abancay, en mérito del cual se efectuó la licitación pública N° 013-93, donde la entidad demandante postuló a la ruta N-OA5, como postora N° 9, quedando descalificada por haber incul7 ido en las causales establecidas en los numerales 10.3 Y 1004 de las Bases, d) frente a esta descalificación, la entidad actora no interpuso ningún medio impugnativo contra la resolución N° 416-93- MLM/ SMTU, que otorgó la buena pro a otra empresa. Asimismo, contesta la demanda, el representante legal de la Municipalidad de Lima Metropolitana, quien solicita se declare improcedente, ya que: a) la entidad accionante no ha cumplido con agotar la vía previa, b) no se han amenazado o vulnerado los derechos constitucionales al trabajo y a la propiedad de la actora, pues la licitación pública N° 013-93 ha sido de conocimiento general, c) dicho licitación pública, realizada con el objeto de reorganizar transporte público, el se ha realizado al amparo de la Ley Orgánica Municipalidades. de Con fecha siete octubre de mil novecientos noventa y cuatro, el Juez del de Vigésimo Tercer Juzgado Civil Lima, expide resolución, declarando fundada la de demanda. Interpuesto el recurso ' de apelación, la Quinta Sala Civil de la Corte Superior de Lima, con fecha veintidós mayo de mil novecientos noventa y cinco, de revoca la apelada, y refonnándóla, la declara improcedente. Interpuesto el recurso de nulidad, la Sala de Derecho Constitucional y Social de la Corte Suprema, con .feeha dieciséis mayo de mil novecientos noven'ia y seis expide resolución, de declarando No Hnber ' e n la resolución de vista. • i • ~ I • • Interpuesto el recurso extraordinario. los autos son elevados al Tribunal , Constitucional. Que, conforme se desprende del petitorio de la demanda, el objeto de ésta es que se declare no aplicable a la actora, la prohibición de transitar por la avenida Abancay, así como cualquier otra medida que desconozca las rutas existentes, y cualquier otra medida destinada a prohibir impedir cubrir la ruta en la que, al o momento de interponerse la demanda, ésta venía realizando el servicio de transporte público de pasajeros. Que, siendo ello así, y con el objeto de que este Colegiado pueda entrar a dilucidar las cuestiones de fondo que el recurso extraordinario entraña, prima facie, se toma exigible evaluar si, en el caso de autos, la entidad accionante se encontraba obligada a agotar la vía previa, tal y conforme se ha sostenido en segunda y tercera instancia de la jurisdicción ordinaria. Que, en tal orden de consideraciones, este Colegiado estima que, efectivamente, la entidad actora no cumplió con transitar la sede administrativa, interponiendo los medios impugnatorios que allí se prevén, sin que su omisión se encuentre justificada en algunas de las causales previstas en el artículo de la 28° ley 23506°, ya que: a) si bien el objeto de la demanda no tiene por finalidad cuestionar el plan regulador de rutas previsto en el decreto de alcaldía N° 054-93, de veinticinco de mayo de mil novecientos noventa y tres, el que en dicho plan no se haya previsto que ruta EO no suponga el tránsito por la avenida Abancay, la 32 arteria en la que venía prestando sus servicios la entidad accionante, sino más bien por la avenida Tacna, ya era un inequívoco indicio de que la ruta de la entidad accionante jamás iba a ser licitada, según es de apreciarse de los documentos obrantes de fojas diecinueve a veintitrés, que disponen la inconveniencia de que la ruta de la entidad actora transite la referida avenida Abancay, que, dentro de las competencias de la Municipalidad de Lima Metropolitana, ésta se encontraba en posibilidad de efectuar, al amparo de lo previsto en el inciso del artículo 10° Y en 5° el inciso del artículo de la ley Orgánica de Municipalidades, b) en 1 ° 69° 23853°, mérito de ello, entonces, no se puede alegar que la entidad accionante haya sido excluida de la licitación pública para el tránsito por la avenida Abancay, pues la ruta que ésta venía efectuando, había sufrido una modificación no irreversible al momento de interponerse la demanda, que exigía cuando menos que se pretendiese una modificación en sede administrativa, que no realizó, no se c) obstante ello, de autos, de apreciarse que mérito de lo ya expresado en los es a items anteriores, la entidad acciQndnte se presentó a la licitación realizada al amparo de las Bases de la Liéttáeiórt Pública N° 013-93-MLM/ SMTU, en la ruta N O 45, en la que, una de las cdhforme a las cuales se tenía previsto realizar el artf!;riti~ servicio púbtioo tmrtSporte de pasajeros, circulaba por la avenida Abancay, y en ~ la que se.gÚ1il- está a la resolución de secretaria municipal N ° 416-93- MLM/ STMU, de veintitrés de diciembre de mil novecientos noventa y tres, resultó descalificada, confolme obra a fojas ciento veinticuatro, no habiendo interpuesto medio impugnatorio alguno en sede administrativa. - • • • '1 • • Por estos fundamentos, el Tribunal Constitucional, en ejercicio de las atribuciones que la Constitución y su Ley Orgánica le confieren,",7849,7710,False,False
00176-1997-AA,1997,sentencia,data\sentencia-Extract\1997\sentencia-pdf-1997.csv,,,0,0,True,False
00796-1996-AA,1997,sentencia,data\sentencia-Extract\1997\sentencia-pdf-1997.csv,,,0,0,True,False
00093-1995-AA,1997,sentencia,data\sentencia-Extract\1997\sentencia-pdf-1997.csv,,,0,0,True,False
00128-1997-AA,1997,sentencia,data\sentencia-Extract\1997\sentencia-pdf-1997.csv,,,0,0,True,False
00028-1997-AA,1997,sentencia,data\sentencia-Extract\1997\sentencia-pdf-1997.csv,,,0,0,True,False
00407-1996-AA,1997,sentencia,data\sentencia-Extract\1997\sentencia-pdf-1997.csv,,,0,0,True,False
00095-1997-AA,1997,sentencia,data\sentencia-Extract\1997\sentencia-pdf-1997.csv,"Los demandantes en su calidad de pensionistas interponen su acción sustentando su reclamo en la
transgresión de su derecho al reajuste y nivelación de sus pensiones reconocido en la Constitución de 1979
por parte de SEDAPAL.
Alegan que al haber servido al Estado y encontrarse dentro del Régimen d","Los demandantes en su calidad de pensionistas interponen su acción sustentando su reclamo en la transgresión de su derecho al reajuste y nivelación de sus pensiones reconocido en la Constitución de 1979 por parte de SEDAPAL. Alegan que al haber servido al Estado y encontrarse dentro del Régimen de Pensiones del Decreto Ley No. 20530 y la Ley No. 23495, de conformidad con el artículo 57 y la Octava Disposición Final y Transitoria de la Constitución de 1979, se debió reajustar sus haberes en armonía con quienes se mantienen en actividad, situación que no viene siendo cumplida por parte de la demandada. Puntualizan además que SEDAP AL ha sido vencida en otras acciones de amparo promovidas por otros ex-trabajadores obteniendo ejecutorias supremas favorables en el entendido de que se habían violado los derechos comprendidos en ""la Ley No. 20530 y que los mismos son irrenunciables. Por último agregan, que al haber servido por más· de treinta años, no les es aplicable el tope que disponen las legislaciones posteriores al once de julio de mil novecientos sesenta y dos. Finalmente indican los demandantes que sus derechos pensionarios se han transgredido desde el veinte de diciembre de mil novecientos noventa y cinco ya que en dicha fecha s610 se ha otorgado los reintegros de pensión homologados, diferencia de pensión y homologación, reintegros de gratificación de julio y diciembre de dicho ~ríodo y los intereses legales, a sesenta y cinco pensionistas, motivo por el que solicitan se les abone sus pensiones niveladas con las remuneraciones de los trabajadores o funcionarios en actividad y se les reintegre las sumas indebidamente retenidas. Admitida la demanda por el Décimo Sexto Juzgado en lo Civil de Lima, se dispone el traslado de la misma a la empresa demandada}.a.cUaJdlStiuce las excepciones de oscuridad en el modo de proponerla y caducidad y contesta a su vez la demanda solicitando se la declare infundada en consideración a que la acción de amparo solo procede para la defensa de los derechos constitucionales y no de los derechos reconocidos en la ley:, que los demandantes invocan el artÍCulo 57 de la Constitución de 1979 cuando dicha norma ya fue derogada por la actual Constitución¡' que aunque la Octava Disposición Transitoria de la Carta de 1979, hacia referencia a la actualización y renovación de pensiones, ello se cumplió oportunamente, no habiéndose repetido dicho dispositivo por la Carta vigente, lo que ha originado la derogatoria de la Ley No. 23495 ya que dicha norma desarrollaba el precepto constitucional en mención, que no existe relación entre la Octava Disposición Transitoria de la Constitución de 1979 y la Primera y Segunda Disposiciones Finales y Transitorias de la Constitución vigente, que la Carta de 1993 no reconoce como derecho constitucional a la pensión homologable sino el derecho al reajuste periódico que es algo diferente, pues éste último se condiciona a las previsiones presupuestarias que se destine para tales efecto. De fojas trescientos noventa a trescientos noventa y ocho y con fecha quince de abril de mil novecientos noventa y seis) el Juzgado expide resolución declarando fundada en parte la demanda, principalmente por considerar: Que, la excepción de caducidad debe desestimarse toda vez que los actos de afectación son continuados; Que, igual suerte corre la excepción de oscuridad en el modo de proponer la demanda pues el petitorio es claro y preciso; Que, del análisis de lo actuado se puede concluir que en lo que respecta a los recurrentes cuya resolución de cesantía con pensión nivelable corre de fojas doscientos veinticinco a trescientos nueve, se ha conculcado sus derechos constitucionales previstos en el artículo 57 de la Constitución Política de 1979 aplicable al presente caso en razón de haber nacido los hechos bajo su imperio y que precisa que los derechos reconocidos a los trabajadores son irrenunciables y que en la interpretación o mas duda sobre el alcance de cualquier disposición se está a lo que es favorable al trabajador, norma recogida por la actual Carta en su artículo 2~así como el derecho a la nivelación en su Primera Disposición Transitoria; Que por reiterada y uniforme jurisprudencia de la Corte Suprema de Justicia de la República se ha declarado que las pensiones otorgadas por efecto de la Ley No. 20530 deben continuar bajo el mismo régimen por principio de irretroactividad de la ley, jurisprudencia que a tenor del artículo 9 de la Ley No. 23506 es de observancia obligatoria; Que en cuanto se refiere a los recurrentes cuyas resoluciones de cese obran de fojas trescientos treinta y siete a trescientos sesenta, trescientos sesenta y cinco a trescientos sesenta y siete y trescientos ochenta y tres, no obrando en autos la resolución de pensión de cesantía nivelable, debe desestimarse la acción por no existir agresión en tales casos; Que los accionantes cuyas resoluciones de cesantía corren de fojas ""trescientos sesenta y dos a trescientos sesenta y tres. trescientos sesenta y nueve, trescientos setenta y dos a trescientos setenta y tres, trescientos setenta y seis y trescientos setenta y nueve, así como a los que se refieren las partidas de defunción corrientes a fojas trescientos cinco y trescientos siete, si bien han fallecido, ello ha ocurrido con posterioridad a la interposición de la demanda, debiéndose por lo tanto declarar:, . el derecho de éstos a efectos de que sus herederos hagan uso de su derecho. Interpuesto recurso de apelación por la demandada y parcialmente también por los demandantes, así como apersonada al proceso la interesada Eisa Tizón Vargas Machuca, quien se adhiere a ,la demanda interpuesta, los autos son remitidos a la Fiscalía Superior en lo Contencioso Administrativo para efectos de la vista correspondiente siendo devueltos estos con dictamen que se pronuncia porque se confinne la recurrida. Posterionnente y en la instancia superior, se incorpora al proceso la Oficina de Normalización Previsional quien solicita principalmente se declare improcedente la demanda interpuesta. De fojas quinientos veintiséis a quinientos veintisiete y con fecha veinte de noviembre de mil novecientos noventa y seis, la Sala Contencioso Administrativo de la Corte Superior de Lima expide resolución por la que revoca la resolución recurrida y declara improcedente la acción principalmente por considerar: Que según el artículo 2 de la Ley No. 23506 las acciones de garantía proceden en los casos en que se violen o amenacen los derechos constitucionales; Que los accionantes solicitan que se les abone sus pensiones niveladas con las remuneraciones de los cargos similares, iguales y equivalentes de los trabajadores y funcionarios en actividad, así como se les reintegre las sumas indebidamente retenidas, lo que no constituye derechos con rango constitucional que puedan ser reclamados mediante la acción de amparo; Que a través del amparo pretenden los accionantes que la empresa demandada les abone lo solicitado en su demanda, pretensión que no puede ser discutida en una acción de garantía por ser esta de carácter sumarísimo y que no pennite la actuación de medios probatorios que se requieren para sustentar la decisión a recaer; Que la acción de amparo no es la vía idónea para determinar los derechos razón por la cual los accionan tes debieron recurrir a una vía más lata, en la que se puedan actuar medios probatorios y hacer valer los derechos que no correspondan; Que se puede emitir pronunciamiento de carácter patrimonial genérico. Contra esta resolución los accionantes interponen recurso de nulidad): por lo que de confonnidad con el artículo 41 de la Ley No. 26435 y entendiendo el presente recurso como ""Extraordinario"" se dispuso el envío de los autos al Tribunal Constitucional.",7836,7758,False,False
00604-1996-AA,1997,sentencia,data\sentencia-Extract\1997\sentencia-pdf-1997.csv,,,0,0,True,False
00736-1996-AA,1997,sentencia,data\sentencia-Extract\1997\sentencia-pdf-1997.csv,,,0,0,True,False
00120-1997-AA,1997,sentencia,data\sentencia-Extract\1997\sentencia-pdf-1997.csv,,,0,0,True,False
00010-1997-AA,1997,sentencia,data\sentencia-Extract\1997\sentencia-pdf-1997.csv,"El demandante interpone acción de amparo contra el Jefe de la Oficina
Regional de los Registro Públicos de Arequipa y contra la Superintendencia
Nacional de Registros Públicos, para que se declare sin efecto legal la evaluación
realizada y la inaplicabilidad de la Resolución Jefatural No. 075-95-","El demandante interpone acción de amparo contra el Jefe de la Oficina Regional de los Registro Públicos de Arequipa y contra la Superintendencia Nacional de Registros Públicos, para que se declare sin efecto legal la evaluación realizada y la inaplicabilidad de la Resolución Jefatural No. 075-95-0NARP, por la cual se le cesa en el cargo de Jefe de la Oficina de Catastro de los Registros Públicos de Arequipa. Solicita que se le restituya en su puesto de trabajo y se le abone las remuneraciones dejadas de percibir desde su cese, así como los demás beneficios que les corresponden, pues considera que se le ha vulnerado su derecho constitucional a la estabilidad de trabajo, al derecho de defensa y a la pluralidad de instancias. Refiere el demandante, que ingreso a la Administración Pública mediante concurso público y por tanto, está sujeto a estabilidad laboral, derecho referido en los artículos 27 y 40 de la Constitución, concordante con el Decreto Legislativo 276 y su Reglamento, el Decreto Supremo No. 05-90-PCM. Argumenta, también que al pasar los Registros Públicos de Arequipa al Gobierno Regional de Arequipa, por disposición de la Ley 25022 Y el Decreto Supremo No. 071-88-PCM, fue evaluado conjuntamente con todo el personal, habiendo aprobado satisfactoriamente; por lo que no era pertinente que se le evaluara nuevamente como se hizo al amparo del Decreto de Urgencia No. 019-95, que declara en Reorganización y Reestructuración ~ Institucional a la Oficina de Registros Públicos y de la Resolución No. 054-95 que /J) aprueba las Bases del Programa de Evaluación para el personal de las oficinas ,1 ; registrales, pues su jerarquía es inferior a la Constitución y a la ley de Bases de la Carrera Administrativa. Indica, por otro lado, que en su caso, existe proceso (~¿..:f; administrativo que no ha concluído y, presume que siendo así no puede ser cesado recortado del derecho de defensa. El Jefe Regional de la Oficina de Registros Públicos, contesta la demanda manifestando que n se ha violado al demandante ninigún derecho constitucional y que su Jefatura se ha limitado a cumplir con un mandato legal en ejercicio de sus funciones, como es aplicar el Decreto de Urgencia No. 019-95 expedido por el señor Presidente de la República. Asimismo, señala que el demandante tiene un proceso administrativo pendiente al haber presentado un recurso de reconsideración contra la resolución que lo cesa en el cargo, por tanto no ha agotado la vía administrativa previa para poder plantear la acción de amparo. A fojas 105, aparece la contestación de la Procuradora a cargo de los asuntos judiciales de la Superintendencia Nacional de Registros Públicos, sosteniendo que la Oficina Registral Regional de Arequipa, debe ser directamente demandada toda vez que tiene autonomía con personería propia. Aparece a fojas 223 a 230, la resolución del Juez, mediante la cual declara fundada la acción de amparo interpuesta, ya que considera que está probada la violación del derecho constitucional del demandante al no haberse aplicado en su caso el Decreto Legislativo 276 y su Reglamento, que son los dispositivos que le alcanzaban para proceder a su cese. sentencia de la Primera Sala Civil de la Corte Superior de Justicia de __.. .J1I..Io.Ia. . Arequipa que aparece a fojas 457, considera que la evaluación en la cual el accionante resultó desaprobado fue llevada a cabo de conformidad con la ley, no existiendo ningún derecho constitucional violado; por lo que declararon improcedente la acción de amparo planteada. El voto adjunto del Magistrado Miranda Malina, es porque se declare fundada la demanda de amparo, porque considera, que al aplicarse el Decreto de Urgencia No. 19-95, se coliciona con la Constitución pues la facultad otorgada al Presidente de la República era para legislar sólo en materia económica y financiera y no referido al cese de personal; por lo que el despido practicado bajo su amparo carece de respaldo legal y deviene en violatorio de la Constitución.",4046,3991,False,False
00089-1995-AA,1997,sentencia,data\sentencia-Extract\1997\sentencia-pdf-1997.csv,,,0,0,True,False
00623-1996-AA,1997,sentencia,data\sentencia-Extract\1997\sentencia-pdf-1997.csv,,,0,0,True,False
00172-1995-AA,1997,sentencia,data\sentencia-Extract\1997\sentencia-pdf-1997.csv,"El Sindicato demandante interpone su acción sustentando su reclamo en la transgresión de sus derechos constitucionales a
percibir una remuneración equitativa y a la vigencia de los convenios colectivos, por parte de la Contraloría General de la
República y la Sociedad de Beneficencia de Trujillo.","El Sindicato demandante interpone su acción sustentando su reclamo en la transgresión de sus derechos constitucionales a percibir una remuneración equitativa y a la vigencia de los convenios colectivos, por parte de la Contraloría General de la República y la Sociedad de Beneficencia de Trujillo. Alega que a pesar que mediante las Actas de Conciliación y Trato Directo suscritas con fecha veinte de enero y doce de agosto de mil novecientos noventa y dos se reconoció la Bonificación por Productividad en favor del personal de la Beneficencia, lo que supone que dicho beneficio se amparo en el derecho a celebrar Pactos Colectivos y adicionalmente, en observancia del inciso c) del artículo 64 de la Ley No. 25388 o Ley de Presupuesto de la República para 1992 que habilitó la procedencia de bonificaciones derivadas de pactos colectivos previstos en el presupuesto correspondiente, criterio que además se volvió a ratificar por el inciso c) del artículo 17 de la Ley No. 25986 o Ley de Presupuesto para 1993, la Sociedad de Beneficencia, de manera unilateral y dando cumplimiento a una orden de la Contraloría, suspendió definitivamente el otorgamiento de la citada bonificación desde el quince de enero de mil novecientos noventa y cinco, habiéndosele comunicado de tal decisión el veintiocho de febrero del mismo año. Puntualiza además que el referido beneficio se les ha otorgado a los trabajadores durante tres años consecutivos por lo que formaba parte de la remuneración permanente de cada trabajador, que por principio tiende a ser ascendente y nunca descendente. Por consiguiente solicita se deje sin efecto la orden de suspensión del beneficio que se les venía otorgándo. Admitida la acción a tramite por el Cuarto Juzgado Especializado Civil de Trujillo se dispone su traslado a los emplazados de acuerdo a ley, siendo absuelta preliminarmente por el Presidente de la Sociedad de Beneficencia de Trujillo, quien contradice la demanda por considerar: Que si bien la bonificación por productividad es resultado de una negociación colectiva entre su despacho y la representación de los trabajadores activos y al amparo de las disposiciones vigentes, no ha transgredido unilateralmente ninguna Convención Colectiva, puesto que su representada cumplidora de las disposiciones superiores y en base a la orden de suspensión del otorgamiento del beneficio reclamado por parte de la Contraloría les comunicó a los amparistas la imposibilidad de seguirles pagando la referida bonificación, lo que no supone violación de normas legales o constitucionales. Así mismo es absuelta la demanda por el Procurador encargado de los Asuntos de la Contraloría General de la República, quien la niega y contradice por estimar: Que la Contraloría actúo de conformidad con sus atribuciones constitucionales y legales y que en ejercicio de las mismas detectó que la Sociedad de Beneficencia había incrementado indebidamente las remuneraciones bajo la denominación de Bonificación por rendimientos y aportes a la productividad y por permanencia fuera del horario normal de trabajo, habiéndose por ello recomendado dejar sin efecto dichos beneficios por ser contrarios a las leyes presupuestarias de austeridad en el gasto público de 1992, 1993 y 1994. Que además, la excepcionalidad a la que se refiere la Ley de Presupuesto es solo para negociar condiciones generales de trabajo, que son las que facilitan la actividad del trabajador y que pueden cubrirse con recursos presupuestales existentes, no pudiéndose considerar en ningún caso, las que impliquen partidas presupuestales adicionales como se dio en los pactos celebrados que son por ello nulos de pleno derecho. De fojas ciento noventa y nueve a doscientos dos y con fecha diecisiete de mayo de mil novecientos noventa y cinco, el Cuarto Juzgado Especializado en lo Civil de Trujillo expide resolución declarando improcedente la acción fundamentalmente por considerar: Que según el Oficio No. 011­95­BET/P es el Directorio de la Sociedad de Beneficencia quien acordó dejar sin efecto el pago de la Bonificación reclamada por haber sido observada por la Contraloría; Que no se constata en los autos que la Contraloría General de la República haya ordenado dejar sin efecto el pago de dicha bonificación, sino únicamente la recomendación de su suspensión; Que el referido conflícto de intereses, no corresponde ventilarse en la vía del amparo, ya que la parte agraviada debe previamente agotar la vía administrativa antes de interponer su demanda y, en todo caso, acudir a la vía ordinaria del fuero de trabajo para efectuar su reclamación, siendo de aplicación el artículo 27 de la Ley No. 23506. Interpuesto recurso de apelación por el Sindicato demandante, los autos son remitidos a la Segunda Fiscalía Superior en lo Civil de la Libertad para efectos de la vista correspondiente y devueltos estos con dictamen que se pronuncia por la revocatoria de la apelada, la Segunda Sala de la Corte Superior de la Libertad, a fojas doscientos setenta y cuatro y con fecha catorce de agosto de mil novecientos noventa y cinco, confirma la resolución apelada considerando, que el derecho reclamado en la presente acción es uno de carácter administrativo, que debe hacerse valer en las instancias internas de la Beneficencia Publica de Trujillo y no ante el Organo Jurisdiccional. Contra esta resolución el Sindicato demandante interpone recurso de nulidad, por lo que de conformidad con el artículo 41 de la Ley No 26435 y entendiendo el referido recurso como ""Extraordinario"" se dispuso el envío de los autos al Tribunal Constitucional.",5621,5572,False,False
00301-1996-AA,1997,sentencia,data\sentencia-Extract\1997\sentencia-pdf-1997.csv,,,0,0,True,False
00048-1992-AA,1997,sentencia,data\sentencia-Extract\1997\sentencia-pdf-1997.csv,"La Compañía demandante representada por su Gerente General, Leonelo Salinas Ruiz Cornejo interpone
acción de amparo sustentando su reclamo en la transgresión a su derecho de propiedad reconocido por la
Constitución Política de 1979, al haberse promulgado la Ley No. 24784 que declara ""sin efecto"" l","La Compañía demandante representada por su Gerente General, Leonelo Salinas Ruiz Cornejo interpone acción de amparo sustentando su reclamo en la transgresión a su derecho de propiedad reconocido por la Constitución Política de 1979, al haberse promulgado la Ley No. 24784 que declara ""sin efecto"" la concesión por denuncio y la Licencia otorgada a la Compañía Nacional Hotelera Churín S.A. para la explotación de las fuentes minero medicinales de Churín y encarga al Concejo Distrital de Churín la administración de las mismas. Especifica la demandante que tanto el artículo 37 de la Constitución de 1933 como la Ley No. 9554 del dos de marzo de mil novecientos cuarenta y dos, declararon que el Estado es el propietario de las aguas sin excepción alguna debiendo incorporarse a su patrimonio las que hasta esa fecha eran dominio particular, situación que acontecía con los treinta y seis mil trescientos noventa y dos metros cuadrados de terreno y de las fuentes pertenecientes a la Comunidad de Churín y los seis mil metros cuadrados de terreno y fuentes pertenecientes a la Comunidad de Andajes, que precisamente y por ese motivo fueron , vía expropiación, incorporadas al Estado. Manifiesta que en el año 1955 la misma demandante solicita al Presidente de la República la explotación de los ""Baños de Churín"" y el de ""Fierro"" comprometiéndose a realizar una inversión en obras para el mejor aprovechamiento de las aguas, lo que mereció opinión favorable de parte del Ministerio de Salud. Posteriormente y Luego de formarse el Expediente de Concesión se expidió la Resolución Suprema No. 86­SNT del veintinueve de marzo de mil novecientos cincuenta y nueve por la que se dispone la inscripción de las fuentes que conforman los ""Baños de Churín"" y los ""Baños de Fierro"" en el Registro Oficial de Fuentes de propiedad del Estado y se concede su explotación a la Compañía Nacional Hotelera Churín S.A. por el término de cincuenta años, concesión que fue elevada a Escritura Pública con fecha veintidós de setiembre de mil novecientos cincuenta y ocho. En forma paralela a la citada concesión y si bien es cierto que la Comunidad de Churín recurre al Poder Judicial a través de una acción reinvindicatoria, su pretensión solo deviene fundada en parte ya que solo se le acepta el pago por lo no justispreciado, habiendo quedado materializada la cosa juzgada con fecha seis de octubre de mil novecientos cincuenta y ocho. Posteriormente sin embargo y con fecha trece de noviembre de mil novecientos sesenta y tres se expide el Decreto Supremo No. 183­STN por el que se declara ""Nula e Insubsistente"" la Resolución Suprema No. 086­STN disponiendo entre otras cosas, la restitución en pleno dominio de las Comunidades Indígenas de Churín y Andajes, sobre las fuentes y los terrenos, circunstancia frente a la cual, la demandante interpuso ante el Poder Judicial recurso de Habeas Corpus que le es favorable tanto en el Tercer Tribunal Correccional como en la Corte Suprema de Justicia de la República en la medida en que se dispone la nulidad del Decreto Supremo antes referido fundamentalmente por haberse transgredido el principio de cosa juzgada reconocido por la Constitución Política de 1933. A mérito de estos pronunciamientos la demandante nuevamente obtuvo la posesión de las fuentes hasta que mediante la Resolución Suprema No. 000109­73­SA/DS del veintitrés de mayo de mil novecientos sesenta y tres y de conformidad con el artículo 144 de la Ley General de Aguas y el artículo 131 de su Reglamento, se le otorgó la correspondiente Licencia, documento que entre otras cosas dispuso la reducción del plazo de explotación de cincuenta a treinta a años, el aumento del cánon a la concesionaria y una inversión adicional en la concesión de explotación. Con todos estos precedentes la demandante solicita, finalmente, que se declare que la Ley No. 24784 no produce efectos legales de clase alguna por ser violatoria de la Constitución. A fojas setenta y ocho y con fecha siete de marzo de mil novecientos ochenta y ocho se da por admitida la demanda por el Décimo Séptimo Juzgado en lo Civil de Lima, disponiéndose su traslado al Procurador Publico en los Asuntos de Justicia, con conocimiento del Concejo Distrital de Pachangará, de la Empresa Nacional de Turismo y del Ministerio de Salud. En el mismo auto admisorio y de conformidad con el artículo 31 de la Ley No. 23506, se dispone también, la suspensión de los efectos de la Ley No. 24784, hasta que se resuelva la acción. Posteriormente la Procuradora Pública a cargo de los Asuntos del Ministerio de Justicia se apersona al proceso y contesta la demanda negándola y contradiciéndola fundamentalmente por estimar: Que la Ley No. 24784 no es violatoria a la Constitución en lo que respecta al derecho de propiedad, ya que el Estado es el propietario de las fuentes minero medicinales de Churín, atributo normado por el artículo 37 de la Constitución de 1933, la Ley No. 9554 del dos de marzo de mil novecientos cuarenta y dos, la Ley General de Aguas o Decreto Ley No. 17752, y el artículo 118 de la Constitución de 1979, todo ello concordante con la Cláusula Primera de la Concesión de Explotación que le otorgara el Estado a la demandante el veintidós de Setiembre de mil novecientos cincuenta y ocho y la Licencia otorgada mediante Resolución Suprema No. 000109­73­SA/DS del veintidós de mayo de mil novecientos setenta y tres; Que el Estado es igualmente propietario de las instalaciones construídas en mérito a lo dispuesto por la Cláusula Quinta de la indicada Licencia corroborada con la Cláusula Séptima de la mencionada concesión, por lo que los accionantes no pueden irrogarse el título de propietarios y más aún cuando su propio representante legal, al momento de contestar la demanda de amparo que le interpusiera el Concejo Distrital de Pachangará textualmente sostuvo que ""he cumplido con entregar las fuentes minero medicinales de Churín al Concejo… para que cumpla y haga efectivo el mandato del artículo 2 de la Ley 24784…"". Finalmente la Procuradora solicita, al Juzgado que se notifique al Procurador Público a cargo de los asuntos del Ministerio de Industría, Comercio Interior, Turismo e Integración. Correlativamente y luego de notificado, el Procurador de los asuntos del Ministerio de Industría también se apersona al proceso negando la demanda y haciendo ver que su sector no tiene nada que ver con la demanda interpuesta por no haber transgredido derecho constitucional alguno y que en todo caso quien si tiene legítimo interes y por tanto debió ser emplazado, es el Concejo Distrital de Pachangará ya que es el directo beneficiario de los efectos de la ley cuestionada. Puntualiza además que actualmente existe ante el Décimo Sexto Juzgado Civil de Lima (Exp. No. 1694­88) una acción de amparo seguida por el Concejo Distrital de Pachangará contra la Compañía Nacional Hotelera Churín S.A. para el cumplimiento cabal de la Ley No. 24784 y a donde se ha ordenado a la demandada de esa causa, de conformidad con el artículo 31 de la Ley 23506, entregue al Concejo demandante, el complejo La Meseta, habiéndose incluso expedido sentencia declarando fundada la causa respectiva, por lo que la acción promovida es respuesta a la que con anterioridad le interpuso el Concejo Distrital de Pachangará. Por último afirma el Procurador que la demandante de esta causa persigue en el fondo que se declare la inconstitucionalidad de la ley cuestionada, lo que no es atribución del Poder Judicial a través del amparo sino del Tribunal de Garantías Constitucionales a través de la acción de inconstitucionalidad. De fojas ciento diecisiete a ciento dieciocho vuelta y con fecha siete de abril de mil novecientos ochenta y ocho, el Décimo Séptimo Juzgado en lo Civil de Lima expide sentencia declarando Fundada la demanda y deja sin efecto la ley cuestionada fundamentalmente por considerar: Que conforme el artículo 233 inciso 9 de la Constitución Política del Estado en concordancia con el artículo 3 de la Ley Orgánica del Poder Judicial, una de las garantías de la Administración de Justicia es la unidad y exclusividad de la función jurisdiccional; Que conforme a la Cláusula Segunda del contrato de Concesión y Explotación de Aguas Minero Medicinales del Distrito de Pachangará, celebrado entre el Supremo Gobierno y la empresa demandante el plazo de la referida concesión es de cincuenta años y que comenzó a regir a partir del quince de abril de mil novecientos cincuenta y nueve; Que conforme el artículo 1328 del Código Civil de 1936 concordante con los artículos 1361 del Código Civil vigente, los contratos son obligatorios en cuanto se haya expresado en ellos, debiendo cumplirse de acuerdo a las reglas de la buena fe y común intención de las partes; Que el acto jurídico que contiene un contrato celebrado con observancia de la ley no puede ser anulado o dejarse sin efecto a no ser mediante sentencia ejecutoriada en la que la parte vencida haya sido debidamente citada, pues de no ser así no solo se violaría las normas legales antes nombradas sino incluso el derecho de defensa que consagra la Constitución; Que el Supremo Gobierno mediante la ley 24784 en forma unilateral y sin decisión judicial alguna ha dejado sin efecto la concesión por denuncio y licencia otorgada a la accionante y a que se contrae el contrato anteriormente aludido, que se trasunta en el derecho de usufructo y posesión que le corresponde a la Compañía demandante, y que ha sido desconocido por parte del Estado; Que si el Decreto Supremo No. 183­STN del trece de noviembre de mil novecientos sesenta y tres que declaró nula la Resolución Suprema No. 86­STN fue impugnado ante el Poder Judicial a través de un Habeas Corpus siendo declarado fundado y trayendo como consecuencia la nulidad del mencionado Decreto así como recobrando validez plena el contrato de concesión, la ejecutoria respectiva tiene efectos de cosa juzgada; Que en tal sentido el Estado ha intentado revivir un proceso fenecido por el que se otorgó validez definitiva y vigencia al contrato de concesión, lo que contraviene el artículo 233 incisos 2 y 11 de la Constitución de 1979, por lo que ante las circunstancias expuestas la ley cuestionada no puede anteponerse ni ser prevalente a las normas constitucionales mencionadas teniendo en cuenta la jerarquía de normas a que se refiere el artículo 236 de la Carta Fundamental. Interpuesto recurso de apelación por los Procuradores Públicos del Ministerio de Industria Comercio Turismo e Integración y del Ministerio de Justicia, los autos son elevados a la Cuarta Fiscalía Superior en lo Civil para efectos de la vista correspondiente, y devueltos estos con dictamen que se pronuncia porque se revoque la apelada, la Cuarta Sala Civil de la Corte Superior de Justicia de Lima, a fojas doscientos nueve y doscientos nueve vuelta y con fecha diecisiete de octubre de mil novecientos ochenta y ocho revoca la resolución apelada y declara improcedente la acción fundamentalmente por considerar: Que según el testimonio del veintidós de setiembre de mil novecientos cincuenta y ocho, el Estado como propietario y la Compañía Nacional Hotelera Churín S.A. en condición de usufructuaria celebraron contrato para la explotación de las fuentes minero medicinales de Churín; Que el diecisiete de diciembre de mil novecientos ochenta y siete se expidió la Ley No. 24784 por la que se deja sin efecto la concesión y la licencia para la explotación de las fuentes en referencia; Que para el caso de autos la acción de amparo ha perdido actualidad pues conforme a lo previsto en el artículo 950 del Código Civil anterior, recogido por el artículo 1001 del Código Civil vigente, el usufructo a favor de una persona jurídica, no puede exceder de treinta años y que cualquier plazo mayor que se fije se reduce a éste; Que así mismo y de acuerdo a los artículos 943 y 1021, de los acotados, respectivamente, el usufructo se extingue al cumplimiento del plazo máximo aludido; Que de la Cláusula Segunda del contrato de concesión se advierte que la explotación fue pactada por un plazo de cincuenta años, que por aplicación de los dispositivos señalados quedó reducido a treinta años, los que vencieron el veintiuno del mes próximo pasado; Que en este orden y sin necesidad de recurrir a la Ley impugnada, el contrato de usufructo se extinguió en la mencionada fecha y mal se haría con legalizar vía amparo, la permanencia de la sociedad demandante por mas tiempo del convenido; Que por último no se percibe efecto alguno de cosa juzgada ya que la resolución judicial invocada, define una situación jurídica distinta a la que sirve de sustento a esta resolución. Interpuesto recurso de nulidad por la Compañía Nacional Hotelera Churín S.A. los autos son remitidos a la Fiscalía Suprema en lo Contencioso Administrativo para efectos de la vista correspondiente, y devueltos estos con dictamen que se pronuncia en favor de la recurrida, la Segunda Sala Civil de la Corte Suprema de Justicia de la República, con fecha veintiséis de noviembre de mil novecientos noventa y uno, de conformidad con el dictamen fiscal y por los fundamentos pertinentes de la recurrida, declara no haber nulidad en la sentencia de vista. Contra esta resolución la demandante interpone recurso de casación por lo que de conformidad con la Quinta Disposición Transitoria de la Ley No. 26435 y entendiendo dicho recurso como ""Extraordinario"", se dispuso el envío de los autos al Tribunal Constitucional.",13576,13439,False,False
00260-1997-AA,1997,sentencia,data\sentencia-Extract\1997\sentencia-pdf-1997.csv,,,0,0,True,False
00335-1996-AC,1997,sentencia,data\sentencia-Extract\1997\sentencia-pdf-1997.csv,"Abdias Jara Salas interpone Acción de Cumplimiento contra la Universidad
Nacional José Faustino Sánchez Camón, a fin de que, en cumplimiento de las
normas legales, se promueva al actor del cargo de profesor auxiliar a la calidad de
asociado, así como se ordene el pago de las remuneraciones no per","Abdias Jara Salas interpone Acción de Cumplimiento contra la Universidad Nacional José Faustino Sánchez Camón, a fin de que, en cumplimiento de las normas legales, se promueva al actor del cargo de profesor auxiliar a la calidad de asociado, así como se ordene el pago de las remuneraciones no percibidas desde el ocho de marzo de mil novecientos noventa y uno a la fecha. Sostiene el actor que el Rector de la entidad demandada es renuente a acatar lo previsto en el inciso b) del articulo 48°, el inciso b) del articulo 51 e inciso a) del articulo 52 de la Ley 23733°, Ley Universitaria, así como en lo previsto por el inciso b) del articulo 16)0, inciso c) del articulo 132° y el articulo 137° del Estatuto General de la Universidad, yen lo previsto por los articulas 23°, 24°, 25°, 26°, 27° Y 139°, incisos 2 y 3 de la Constitución Política del Estado. Alega que el ocho de marzo de mil novecientos noventa y uno, cumplió con el tiempo de servicios necesario para ser promovido a la condición de profesor asociados, así como haber obtenido el puntaje necesario en la evaluación personal . · realizada por la Comisión de Ratificación y Ascenso de la Facultad de Educación de la Universidad demandada. Refiere que el no habérsele promovido al nivel inmediato superior de 1 carrera docente, vulnera sus derechos constitucionales, pues supone discriminación en relación a aquellos docentes que sí han sido promovidos. Admitida la demanda, ésta es contestada por el representante legal de la entidad demandada, quien solicita se declare improcedente y/ o infundada la demanda, ya que: a) el actor no ha cumplido con agotar la vía previa a la que se refiere el artículo 114° del Decreto Supremo 02-94-JUS, b) las instancias que determinan la ratificación y ascenso de docentes no es la alta dirección (sic) de la Universidad, sino los Consejos de Facultad, c) el actor no alcanzó el puntaje necesario para ser admitido en el proceso de evaluación, por lo que retiró su expediente, y lo sometió al Consejo de Asuntos Contenciosos Universitarios, quien sin ser el órgano competente, le asignó un puntaje distinto al asignado por el Jurado Calificador, por lo que se sometió al Poder Judicial, quien por ejecutoria suprema, declaró nula y sin efecto legal, la resolución del Consejo de Asuntos Contenciosos Universitarios. Con fecha veintinueve de mayo de mil novecientos noventa y seis el Primer Juzgado Civil de Huacho expide resolución, declarando fundada la demanda. Interpuesto el recurso de apelación, con fecha cinco de julio de mil novecientos noventa y seis, la Sala Mixta de la Corte Superior de Huaura revoca la apelada, y reformándola, la declara improcedente, condenando al demandante al pago de las costas y costos del proceso, y disponiendo se remita al Ministerio Público copia certificada del documento obrante a fojas ciento setentinueve para que se proceda conforme a ley. Interpuesto el recurso extraordinario, los autos son elevados al Tribunal Constitucional.",3018,2976,False,False
00811-1996-AA,1997,sentencia,data\sentencia-Extract\1997\sentencia-pdf-1997.csv,,,0,0,True,False
00321-1993-AA,1997,sentencia,data\sentencia-Extract\1997\sentencia-pdf-1997.csv,,,0,0,True,False
00330-1996-AA,1997,sentencia,data\sentencia-Extract\1997\sentencia-pdf-1997.csv,,,0,0,True,False
00015-1993-AA,1997,sentencia,data\sentencia-Extract\1997\sentencia-pdf-1997.csv,,,0,0,True,False
00153-1997-AA,1997,sentencia,data\sentencia-Extract\1997\sentencia-pdf-1997.csv,,,0,0,True,False
00182-1997-AA,1997,sentencia,data\sentencia-Extract\1997\sentencia-pdf-1997.csv,"Los demandantes sustentan su acción en la transgresión a su derecho constitucional a la libertad de trabajo al
haberse expedido por la Municipalidad de Puno, la Resolución No. 794-95-MPP/A de fecha veintiséis de
diciembre de mil novecientos noventa y cinco, notificada el cuatro de enero de mil nov","Los demandantes sustentan su acción en la transgresión a su derecho constitucional a la libertad de trabajo al haberse expedido por la Municipalidad de Puno, la Resolución No. 794-95-MPP/A de fecha veintiséis de diciembre de mil novecientos noventa y cinco, notificada el cuatro de enero de mil novecientos noventa y seis, y, mediante la cual, se da por concluido su contrato de trabajo al treinta y uno de diciembre de mil novecientos noventa y .cinco .. Alegan los demandantes que son trabajadores contratados por servICIOS personales desde el año mil novecientos ochenta y seis dando inicio a sus labores como tales a mérito del Concurso Público No. 002-86- MPP y conforme consta de la Resolución No. 461-86-MPP y de los Informes de la Comisión del Concurso Público en mención No. 074-86-MPP/OPP y No. 076-86-MPP/OPP, habiendo laborado en forma ininterrumpida desde julio de mil novecientos ochenta y seis hasta el cuatro de enero de mil novecientos noventa y seis, y en obras que, dentro del Municipio demandado, son permanentes, por lo que el carácter de su trabajo también lo es. b .' Especifican además que el nueve de setiembre de mil novecientos noventa y dos, la Municipalidad suscribió el Acta de Convenio Colectivo en cuyo punto noveno sobre ""Demandas de carácter social, sindical y otros de carácter general"" se otorgó estabilidad laboral a los trabajadores de la obra ""Simón Bolivar"" y ""Contratados con más de cuatro años de servicios"" con los mismos derechos que los trabajadores nombrados por lo que no se les podia despedir sin previo proceso administrativo y mas aún si su contrato se torno indeterminado al no haberse renovado, ampliado o sustituido nuevo contrato desde mil novecientos noventa y tIDO. Por otra parte la emplazada ha reconocido los derechos de los recurrentes a través de diversos actos, como la Resolución No. 7l6-95-MPP/A, que reconoce labores permanentes al personal denominado los tigres (del cual forman parte) gozando del mismo tratamiento que los trabajadores comprendidos en la Administración Pública regulada por el Decreto Legislativo No. 276; el Infonne No. 30-90-MPP/OPP del veintitrés de abril de mil novecientos noventa, emitido por la Oficina de Presupuesto y Planificación, y a donde se precisa, que los demandantes tienen los requisitos y condiciones para ser personal nombrado siendo sus labores de carácter permanente; y, por ultimo, el propio Cuadro de Asignación de Personal de 1995, a donde figuran sus plazas como obreros pennanentes existiendo un total de veintiséis vacantes. Finalmente precisan que contra la Resolución cuestionada interpusieron recurso de reconsideración que fue resuelto negativamente motivo por el qwe interpusieron posterionnente recurso de apelación, que, sin embargo, no ha sido atendido dentro del termino de ley circunstancia que los ha llevado a interponer el amparo, para que se les restituya en sus puestos de trabajo. De fojas setenta y tres a setenta y cinco y con fecha veinticinco de marzo de mil novecientos noventa y seis, el Juzgado Especializado en lo Civil de Puno expide resolución declarando, de plano, improcedente la acción y ello en atención a: Que no se ha violado derecho alguno a la libertad de trabajo porque no se está prohibiendo a los actores el realizar una actividad laboral que hayan elegido libremente; Que en cuanto se refiere a dejar sin efecto la Resolución Municipal No. 794-95-MPP-A, no se ha agotado la vía previa teniéndose en cuenta en cuenta que los trabajadores de las Municipalidades se encuentran dentro del ámbito de la Administración Publica y por ende la vía previa se encuentra regulada en el Decreto Supremo No. 002- 94-JUS; Que en contra de la Resolución materia de pronunciamiento los demandantes han ejercitado recurso de reconsideración, el mismo que al ser resuelto en fonna negativa ha dado lugar a recurso de apelación, que a la fecha no ha sido resuelto, por no haber vencido el plazo de treinta dias que tiene la administración para pronunciarse conforme el artículo 99 del Decreto Supremo antes citado; Que en fonna simultánea se esta ejerciendo una acción judicial y otra en la vía administrativa, lo cual no es admisible; Que las pretensiones reclamadas no pueden considerarse dentro de los alcances del artículo 28 de la Ley 23506 en razón que los demandantes tuvieron contratos no personales con la entidad demandada por un plazo determinado y para diversas acciones laborales por lo que es lógico que al vencimiento de dicho periodo se ponga fin al contrato; Que por disposición del artículo 23 de la Ley No. 25398 se faculta al Juez a rechazar las pretensiones manifiestamente improcedentes. Interpuesto recurso de apelación por los demandantes los autos son remitidos a la Tercera Fiscalía Superior Mixta en lo Civil de Puno para efectos de la vista correspondiente y devueltos estos con dictamen que se pronuncia por la confirmación de la recurrida, la Tercera Sala Superior Mixta de la Corte Superior de Puno, a fojas ciento diecinueve y con fecha cuatro de junio de mil novecientos noventa y seis, revoca la resolución apelada disponiendo que el juez de la causa admita a trámite la demanda, por considerar: Que de colúormidad con el artículo 28 de la Ley No. 23506 y su ampliatoria No. 25398, no es necesario agotar las vías previas si estas pueden ocasionar grave perjuicio al accionante cuyos derechos han sido conculcados, y; Que será en la sentencia donde deberá determinarse la procedencia o improcedencia de la acción de amparo. Devueltos los autos al Primer Juzgado Mixto de Puno, y admitida a tramite la demanda se dispone su traslado a la emplazada quien se apersona al proceso contradiciéndola en todos sus extremos por entender: Que si bien es cierto que los demandantes fueron contratados lo fue para obras determinadas transcurridas las cuales se contrataba a otras personas por lo que no hubo labores ininterrumpidas; Que el concurso público fue para tomar sus servicios pero ello no implica que se hallen dentro de la carrera administrativa; Que si bien la Municipalidad suscribe el Acta del Convenio Colectivo, no fue ello en los términos que interpretan los demandantes, ya que la estabilidad laboral que se les reconoce solo es en lo que les resulta aplicable no debiendo confundirse servidor contratado con servidor de carrera; Que no es cierto que los contratos se hayan convertido en indetenninados; Que la Resolución de Alcaldía No. 716-95-MPP/A del veintiséis de octubre de núl novecientos noventa y cinco es nula por contravenir normas de orden público conforme al artículo 28 del Decreto Supremo No. 005-90-PCM y el articulo 2 de sus mismas Disposiciones Complementarias, Transitorias y Conexas; Que el informe al que se refieren los demandantes no tiene valor porque solo se trata de lID documento para justificar los gastos de las contribuciones; Que el Cuadro de Asignación de Personal solo seftala plazas provisionales las mismas que no se hayan presupuestadas y con la austeridad que dispone la Ley No. 26553 no es posible tener personal de dicha magIútud como nombrados. De fojas ciento cincuenta y tres a ciento cincuenta y siete y con fecha veintiuno de agosto de mil novecientos noventa y seis, el Primer Juzgado Mix10 de Puno expide sentencia declarando improcedente la demanda principalmente por considerar: Que los demandantes se encuentran protegidos por el artículo l de la Ley No. 23506, por cuanto el Concejo Provincial de Puno ha reconocido que aquellos ingresaron a laborar a la Municipalidad por concurso público y como contratados para una detemÚDada obra, dándoseles trato igualitario con los trabajadores nombrados en lo que respecta a sus remuneraciones, goce de vacaciones y estabilidad en el trabajo, habiendo superado los mismos actores el plazo de un año ininterrumpido bajo la dependencia de la demandada, gozando de todos los derechos y beneficios que corresponde al servidor público de carrera motivo por el que incluso, se encontraban cronogramados en el rol para hacer uso fisico de sus vacaciones en el afto mil novecientos ochenta y seis; Que sin embargo y de acuerdo al Informe enútido por la Jefatura de Remuneraciones y Pensiones de la Municipalidad de Puno adjuntado por la demandada a los autos se establece que los accionantes en su totalidad aparecen laborando en la obra de pavimentación y asfalto de vías y dentro de las planillas de mayo y julio de mil novecientos noventa y seis, por lo que producida la agresión inconstitucional y reclamada la misma, durante el curso del presente proceso ha cesado la agresión que motivo el reclamo resultando de aplicación el inciso l del artículo 6 de la Ley 23506. Interpuesto recurso de apelación por los demandantes los autos son remitidos a la Tercera Fiscalía Superior Mixta de Puno para efectos de la vista correspondiente y devueltos estos con dictamen que se pronuncia porque se confirme la recurrida, la Tercera Sala Superior Mixta de Puno, a fojas ciento noventa y con fecha cinco de noviembre de mil novecientos noventa y seis, confirma la resolución apelada y declara improcedente la acción por considerar: Que se ha verificado la inexistencia de agresión constitucional demandada o por lo menos, la desaparición de tal situación. Contra esta resolución los demandantes interponen recurso extraordinario, por lo que de conformidad con el artículo 41 de la Ley No. 26435, se dispuso el envío de los autos al Tribunal Constitucional.",9497,9403,False,False
00181-1997-AA,1997,sentencia,data\sentencia-Extract\1997\sentencia-pdf-1997.csv,"Recurso extraordinario interpuesto contra la resolución de la Segunda Sala Civil de la Corte Superior de
Justicia de Arequipa, de fecha seis de diciembre de mil novecientos noventa y seis, que, confirmando en
parte la resolución apelada del diecinueve de setiembre de mil novecientos noventa y seis","Recurso extraordinario interpuesto contra la resolución de la Segunda Sala Civil de la Corte Superior de Justicia de Arequipa, de fecha seis de diciembre de mil novecientos noventa y seis, que, confirmando en parte la resolución apelada del diecinueve de setiembre de mil novecientos noventa y seis, declara Improcedente la acción de amparo interpuesta por doña Julia María Alicia Toranzo Chávez, contra Emilio Francisco Frisancho Calderón, Jefe Departamental de la Oficina de Normalización Previsional de Arequipa y doña Aida Amézaga Menéndez, representante Legal y Gerente General de la Oficina de Normalización Previsional de Lima. ANTECEDENTES: La demandante doña Julia Maria Alicia Toranzo Chávez, interpone la presente acción amparo contra las autoridades emplazadas de la Oficina de Normalización Previsional (ONP), antes Instituto Peruano de Seguridad Social (IPSS), sustentando su reclamo, en la transgresión de sus derechos a la seguridad social y a las prestaciones de pensiones así como en la amenaza de sus derechos a la vida y a la integridad física, atributos todos ellos reconocidos por la Constitución Política del Estado. Alega que la ONP ha procedido ilegalmente en la via administrativa, desconociendo el Decreto Ley No. 19990, la Ley No. 24705 Y la Constitución Política, por cuanto a pesar de haber presentado su solicitud de reconocimiento de pensión con fecha nueve de setiembre de mil .novecientos noventa y dos, en el entendido .' de tener más de cinco años de aportaciones y más de cincuenta y cinco años de edad, ésta resulta denegada mediante la Resolución No. 22334-93-IPSS que se apoya en el Decreto Ley No. 25967, que es inaplicable para su caso, por ser de fecha posterior a su referida solicitud. Admitida la demanda por el Segundo Juzgado Especializado en 10 Civil de Arequipa, se dispone su traslado a los demandados, siendo absuelta por Mario Solari Zerpa, en representación de la ONP, quien previamente deduce las excepciones de caducidad y falta de agotamiento de la vía previa, ya que mientras por un lado, la demandante interpuso recurso de reconsideración contra la resolución que cuestiona, dejando transcurrir un plazo aproximado de tres años para recién interponer el amparo; por otro lado, dejó en abandono la vía administrativa luego de promover el referido recurso de reconsideración sin dar curso, dentro de los plazos legales, a los otros mecanismos impugnatorios previstos por el Texto Unico de Normas Generales y Procedimientos Administrativos aprobado por D.S. 02-94-JUS. Complementariamente la demandada niega y contradice la demanda por estimar: Que la vía a través de la cual se debe impugnar la Resolución No. 22334-93-IPSS es la contencioso-administrativo y no la constitucional; Que si 10 que se pretende impugnar es el Decreto Ley No. 25967, se debe optar por la acción de inconstitucionalidad; Que la acción de amparo no genera derechos ya que si bien el texto constitucional reconoce el derecho a la seguridad social, aquél sólo recae sobre las personas que se hallen incluídas dentro de dicho régimen y que cumplan con los requisitos para percibir tal derecho; Que, el Decreto Ley No. 25967 modifica el régimen de pensiones de jubilación que otorga el IPSS incluyendo a todos los regímenes especiales del Decreto Ley 19990 y el de las amas de casa; Que si bien el referido Decreto Ley No. 25967 se promulgó el diecinueve de diciembre de mil novecientos noventa y dos, su aplicación incluyó a todos los expedientes que se encontraran en trámite al momento de entrar éste en vigencia, y; Que la demanda de amparo es improcedente por establecerlo así el artÍCulo 10 del citado Decreto Ley No. 25967. De fojas sesenta a sesenta y dos y con fecha diecinueve de setiembre de mil novecientos noventa y seis, el Juzgago expide resolución declarando Improcedentes las excepciones formuladas así como Improcedente la acción fundamentalmente por considerar: Que ,no procede alegar caducidad por cuanto la actora interpuso oportunamente recurso de reconsideración; Que, tampoco cabe alegar el no agotamiento de las vías previas por cuanto la actora interpuso los recursos de reconsideración, apelación y revisión en contra de la resolución administrativa impugnada; Que, sin embargo y conforme la Disposición Transitoria Unica del Decreto Ley No. 25967 las solicitudes en trámite a la fecha de su entrada en vigencia se ciñen a las normas que éste prescribe, por 10 que habiendo presentado la actora su solicitud de pensión de jubilación con fecha nueve de 'setiembre de mil novecientos noventa y dos, a la fecha de promulgación del citado Decreto, el siete de diciembre de mil novecientos noventa y dos, su solicitud se encontraba en trámite y debe por tanto regir dicha norma; Que consecuentemente la Resolución No 22334-93 se encuentra expedida con arreglo a ley. Apelada dicha resolución por la demandante, los autos son remitidos a la Segunda Fiscalía Superior en lo Civil de Arequipa para efectos de la vista correspondiente, y devueltos éstos con dictamen que se pronuncia porque se confirme la apelada, la Segunda Sala Civil de la Corte Superior de Justicia de Arequipa, con fecha seis de diciembre de mil novecientos noventa y seis y a fojas noventa y uno y noventa y dos, revoca la resolución apelada en el extremo que declara improcedentes las excepciones planteadas, las que a su vez declara fundadas, y, confirma la misma resolución apelada en el e:\. .t remo en que declara improcedente la acción, principalmente por considerar: Que, si bien se interpuso reconsideración contra la Resolución No. 22334-93, al operar silencio administrativo negativo, debió interponerse el recurso correspondiente dentro del término de ley; Que, los recursos de apelación y revisión interpuestos después de tres años no surten ningún efecto por lo que la acción de amparo interpuesta el veintidós de agosto de mil novecientos noventa y seis ha caducado, no habiéndose agotado además la vía administrativa; Que, la acción de amparo no es idónea para el reconocimiento de un derecho sino para hacer valer un derecho reconocido que. haya sido conculcado o amenace serlo. Contra esta resolución la demandante interpone recurso extraordinario, de conformidad con el artículo 41 de la Ley No. 26435, por lo que se dispone la remisión de los autos al Tribunal Constitucional. FUNDAMENTOS: Que ,conforme se aprecia de los autos, frente a la Resolución No 22334-93 expedida por la División de Pensiones del Instituto Peruano de Seguridad Social con fecha cuatro de mayo de mil novecientos noventa y tres (fojas dos), la demandante interpuso Recurso de Reconsideración con fecha dieciocho de mayo de mil novecientos noventa y tres (cinco), hecho que supone, que en efecto, se dio inicio a la vía previa correspondiente. Que ,sin embargo, ha sido la misma demandante quien no obstante haber reclamado mediante el recurso administrativo antes citado, permitió deliberadamente que ante la presencia de un evidente silencio administrativo, se entendiera su reclamo como abandono, pues no puede interpretarse de otro modo, el hecho de que haya esperado prácticamente tres años, para recién promover su Recurso de Apelación con fecha once de abril de mil novecientos noventa y seis (fojas seis y siete) y posteriormente su Recurso de Revisión con fecha catorce de mayo de mil novecientos noventa y seis (fojas ocho y nueve). Que, por consiguiente, el amparo que promueve la demandante con fecha primero de julio de mil novecientos noventa y seis, no puede prosperar dentro de las circunstancias descritas puesto que, de no ser así, se presentarian excesos evidentes al momento de transitarse por las vías previas, no debiendo ignorarse en cualquier circunstancia que es el quejoso el primer obligado a reparar en la correcta tramitacion de sus reclamos administrativos, cuando menos en lo que respecta al cumplimiento de los plazos que, de acuerdo a ley, tiene para promover sus recursos, así como para esperar el pronunciamiento respecto de los mismos. Que, en éste orden de ideas puede ser razonable que el silencio administrativo habilite para interponer el amparo dentro de un plazo prudencial, y obviamente por entenderse que no se resuelve el reclamo administrativo dentro del término de ley, pero que semejante período de tiempo llegue a los extremos que ha tenido en el presente caso, es algo que no se puede aceptar, pues quebraría con la lógica expeditiva y urgente que caracteriza a las acciones de garantía. Que, en consecuencia, y sin que éste Colegiado tenga por qué pronunciarse sobre el fondo del reclamo de la demandante, que puede ser o no legitimo, entiende que la presente vía procesal constitucional, no es en éste caso especifico, la adecuada, sino la contencioso-administrativa. Que, por último y si bien no resulta de aplicación al caso de autos el artículo 37 de la Ley No. 23506, dada la naturaleza del acto que se reclama, si es de aplicación el artículo 27 de la misma norma por haber quedado paralizada la vía administrativa, por evidente omisión de la demandante. Por estos fundamentos, el Tribunal Constitucional, en uso de las atribuciones conferidas por la Constitución, su Ley Orgánica No. 26435 y la Ley modificatoria No. 26801 - .. .. . ,",9305,9205,False,False
00299-1993-AA,1997,sentencia,data\sentencia-Extract\1997\sentencia-pdf-1997.csv,,,0,0,True,False
00024-1997-AA,1997,sentencia,data\sentencia-Extract\1997\sentencia-pdf-1997.csv,,,0,0,True,False
00241-1996-AA,1997,sentencia,data\sentencia-Extract\1997\sentencia-pdf-1997.csv,,,0,0,True,False
00090-1996-AA,1997,sentencia,data\sentencia-Extract\1997\sentencia-pdf-1997.csv,,,0,0,True,False
00150-1997-AA,1997,sentencia,data\sentencia-Extract\1997\sentencia-pdf-1997.csv,,,0,0,True,False
00866-1996-AA,1997,sentencia,data\sentencia-Extract\1997\sentencia-pdf-1997.csv,,,0,0,True,False
00238-1997-AA,1997,sentencia,data\sentencia-Extract\1997\sentencia-pdf-1997.csv,"La Federación de Trabajadores Municipales del Perú y Otros interpone Acción de Amparo contra la
Mw1icipalidad Provincial de Maynas Departamento Loreto, por violación de sus derechos constitucionales
fundamentales al haber sido despedidos arbitrariamente al haberse expedido la Resolución de Alcaldi","La Federación de Trabajadores Municipales del Perú y Otros interpone Acción de Amparo contra la Mw1icipalidad Provincial de Maynas Departamento Loreto, por violación de sus derechos constitucionales fundamentales al haber sido despedidos arbitrariamente al haberse expedido la Resolución de Alcaldia N° 718-96-A-MPM de treintiuno de juJio de mil novecientos noventiséis que los cesa por aplicación del Decreto Ley N° 26039 Y Octava Disposición Transitoria y Final de la Ley N° 26553. Sostienen los accionan tes que, al haberse expedido por parte de la Municipalidad Provincial de Maynas la precitada Resolución de Alcaldia han sido despedidos intempestivamente, mediante cartas de cese de fecha treinta de julio de mil novecientos noventiséis en la cual se les comunica que han sido declarados excedentes y que solamente laboraban hasta el treintiuno julio de mil novecientos noventiséis y que los resultados del proceso de evaluación semestral fueron publicados el primero de agosto de mil novecientos noventiséis y , se efectuaron sin someterlos a un proceso previo despojándoseles de sus cargos de trabajadores por apreciaciones subjetivas e inmotivadas. .< .\..\CAOf~ Alegan además que su primera evaluación se efectuó el dos de febrero de mil novecientos noventiséis y que no han transcurrido los seis meses de la misma y que de acuerdo al artículo 28° de la Ley N° 23506 no le son exigibles el agotamiento de la via previa en virtud que se ha ejecutado la resolución antes de vencerse el plazo para que quede consentida y de ser así el daño seria irreparable. Admitida la demanda, ésta es contestada por el apoderado de la Municipalidad Provincial de Maynas quien acredita su representación con copia legalizada de la Escritura Pública del Poder para Litigar vigente, quien solicita se declare infundada la misma, ya que : a) la evaluación del personal obrero y émpleados de la Municipalidad Provincial de Maynas y el cese por causa de excedencia de quienes no aprobaron el examen se realizó en estricto cumplimiento de las normas legales vigentes, b) mediante Resolución de Alcaldía Resolución N° 647-96-A-MPM de fecha tres de julio de mil novecientos noventiséis se aprobó el Reglamento de Evaluación Semestral del Personal de la Municipalidad Provincial de Maynas , en el cual se detennino los parámetros de calificación, c) por Resolución de Alcaldía N° 7l8-96-A-MPM de fecha treintiuno de julio de mil novecientos noventiséis se aprobaron los resultados del proceso de evaluación semestral del personal de la precitada Municipalidad Con fecha veintiuno de noviembre de mil novecientos noventiséis, el Juez del Primer Juzgado Especializado en lo Civil de Maynas expide resolución, declarando improcedente la demanda. Interpuesto el recurso de apelación, con fecha dos de diciembre de mil novecientos noventiséis , la Sala Civil de la Corte Superior de Justicia de Maynas, expide resolución confirmando la apelada, declarándola improcedente. Interpuesto el recurso extraordinario, los autos son elevados al Tribunal Constitucional.",3072,3040,False,False
00195-1997-AA,1997,sentencia,data\sentencia-Extract\1997\sentencia-pdf-1997.csv,"Don Leonidas Medina Morán interpone Acción de Amparo contra la
Municipalidad Provincial de Arequipa por violación de sus derechos
constitucionales a la estabilidad en el trabajo, igualdad ante la ley y el debido
proceso administrativo.
Sostiene el actor que con fecha quince de febrero de mil nov","Don Leonidas Medina Morán interpone Acción de Amparo contra la Municipalidad Provincial de Arequipa por violación de sus derechos constitucionales a la estabilidad en el trabajo, igualdad ante la ley y el debido proceso administrativo. Sostiene el actor que con fecha quince de febrero de mil novecientos ochenta y ocho ingresó a laborar a la entidad demandada, prestando servicios en forma ininterrumpida hasta que, mediante resolución municipal N° 155-0, de fecha veintidós de julio de mil novecientos noventa, se le nombró como trabajador titular (sic). Alega que no obstante ello, tres años después sorpresivamente se dicta la resolución municipal N° 811-E, por la que se declara nulo su nombramiento y se le desconoce la condición de trabajador titular, para revertirlo a la situación de trabajador contratado. Refiere que tras coordinaciones con el representante de la entidad demandada, se dictó la resolución municipal N° 858-E, de fecha nueve de diciembre de mil novecientos noventa y dos, mediante la cual se les restituyó la calidad de trabajadores nombrados. Precisa que no obstante ello, la misma entidad demandada volvió a revertirle la condición de trabajador contratado mediante resolución municipal N° 102-E, de fecha veintisiete de abril de mil novecientos noventa y tres, por lo que interpuso su recurso de apelación. Aduce que con fecha seis de junio de mil novecientos noventa y seis, se le notifica de la resolución municipal N° 20-0-96, por la que se declara improcedente su recurso. Admitida la demanda, ésta es contestada por la representante legal de la Municipalidad Provincial de Arequipa, solicitando se declare sin lugar (sic), ya que la resolución municipal de transacción es ilegal y fue dejada sin efecto, pues se emitió sin revestir las fonnalidades de ley y fue celebrada por autoridades incompetentes. Con fecha once de octubre de mil novecientos noventa y seis, el Juez del Segundo Juzgado Civil de Arequipa expide resolución declarando fundada la demanda. Interpuesto el recurso de apelación, la Segunda Sala Civil de la Corte Superior de Justicia de Arequipa expide resolución revocando la apelada, y refonnándola la declara improcedente, en aplicación del artículo 3r de la ley 23506°. Interpuesto el recurso extraordinario, los autos son elevados al tribunal Constitucional.",2350,2315,False,False
00316-1997-AA,1997,sentencia,data\sentencia-Extract\1997\sentencia-pdf-1997.csv,,,0,0,True,False
00286-1997-AA,1997,sentencia,data\sentencia-Extract\1997\sentencia-pdf-1997.csv,,,0,0,True,False
00165-1997-AA,1997,sentencia,data\sentencia-Extract\1997\sentencia-pdf-1997.csv,,,0,0,True,False
00162-1997-AA,1997,sentencia,data\sentencia-Extract\1997\sentencia-pdf-1997.csv,,,0,0,True,False
00936-1996-AA,1997,sentencia,data\sentencia-Extract\1997\sentencia-pdf-1997.csv,"Don Manuel Lozano Ponce, Gerente de la sucursal en Trujillo de la Línea
Internacional de Transportes Perú S.A. interpone acción de amparo contra el Alcalde de la
Municipalidad Provincial de Trujillo, ingeniero José Murgia Zannier y los señores Víctor
Chávez Quiróz y Teófilo Moreno Avila, Secretar","Don Manuel Lozano Ponce, Gerente de la sucursal en Trujillo de la Línea Internacional de Transportes Perú S.A. interpone acción de amparo contra el Alcalde de la Municipalidad Provincial de Trujillo, ingeniero José Murgia Zannier y los señores Víctor Chávez Quiróz y Teófilo Moreno Avila, Secretario Coactivo y Director de Transporte Urbano y Tránsito de la referida municipalidad, respectivamente. Alega la entidad accionante que el Alcalde de la Municipalidad Provincial de TrujilIo, en forma arbitraria e ilegal, ha dictado el Decreto de Alcaldía ~ 14-96-MPT, en cuyo artículo primero establece que después de notificados públicamente los propietarios de vehículos que adeuden papeletas de tránsito, ""tendrán como pena el internamiento del TRIBUNAL CONSl'ITUCIONAL vehículo en el depósito oficial de vehículos, hasta que se produzca la cancelación de las papeletas impagas"". Agrega la actora que los artículos 4° y 5° del referido decreto de alcaldía encarga a la Policía Nacional del Perú dar apoyo a los secretarios y auxiliares coactivos para dar cumplimiento a lo ordenado por el artículo primero, así como a la Oficina General de Rentas y de Cobranzas Coactivas. Refiere que dicho procedimiento no se encuentra de acuerdo con el Decreto Supremo N° 17-94-MPT, la Ley 26191 y el Decreto Ley 17355 ,tampoco con el Decreto de Alcaldía ~ 10-96-MPT. Recuerda que aún antes de la entrada en vigencia del decreto de alcaldía cuestionado, el Secretario Coactivo de la Municipalidad Provincial de Trujillo procedió a efectuar de manera ilegal una notificación pública de diez días y con fecha veintisiete de mayo de mil novecientos noventa y seis, sin que haya vencido el término de la referida notificación, el Director de Transporte Urbano y Tránsito de la municipalidad emplazada remitió a la Policía Nacional del Perú la relación de infractores para su intervención. Añade que ello se ha realizado al margen de lo previsto por el Decreto Ley 17355, que encarga al ejecutor coactivo a iniciar el procedimiento del caso, lo que no ha ocurrido con respecto a la entidad accionante; por lo que, entiende, que se estaría violando sus derechos constitucionales de igualdad, al libre tránsito, de trabajo y el derecho de defensa. Admitida la demanda, ésta es contestada por los co-demandados, quienes solicitan se rechace la demanda, ya que no obstante haber interpuesto recurso de reclamación a la Resolución de Alcaldía O1 4-96-MPT, la entidad accionante ha acudido a la vía del amparo, por 10 que no ha agotado la vía previa. Con fecha veinticuatro de junio de mil novecientos noventa y seis, el Juez del Cuarto Juzgado Civil de Trujillo expide resolución declarando improcedente la demanda. Interpuesto el recurso de apelación, la Primera Sala Civil de la Corte Superior de Justicia de La Libertad confirma la apelada. Interpuesto el recurso extraordinario, los autos son elevados al Tribunal Constitucional.",2945,2907,False,False
00103-1992-AA,1997,sentencia,data\sentencia-Extract\1997\sentencia-pdf-1997.csv,,,0,0,True,False
00183-1997-AA,1997,sentencia,data\sentencia-Extract\1997\sentencia-pdf-1997.csv,"Sebastían Rojas Paredes interpone Acción de Amparo contra el
representante de la Oficina Departamental de Normalización Previsional de
Arequipa, la Oficina de Pensiones de la Oficina de Normalización Previsional de
Arequipa y contra la representante legal de la Oficina de Normalización Previonál","Sebastían Rojas Paredes interpone Acción de Amparo contra el representante de la Oficina Departamental de Normalización Previsional de Arequipa, la Oficina de Pensiones de la Oficina de Normalización Previsional de Arequipa y contra la representante legal de la Oficina de Normalización Previonál de Lima, por violación de sus derechos constitucionales a la seguridad social, a la vida y a la integridad ftsica. Sostiene el actor que la División de Pensiones del IPSS, hoy Oficina de Normalización Previsional, no obstante haberle reconocido diez años de aportaciones al seguro social, expidió la resolución N° 22579-93 por la cual le denegó su pensión de jubilación. Refiere que contra esta resolución, interpuso su recurso de reconsideración, el mismo que, mediante resolución 27171-95, la entidad demandada resolvió declarar improcedente su medio impugnatorio. Precisa que dichas resoluciones son ilegales y le causan agravio, ya que ambas se encuentran amparadas en el artículo 1 ° del decreto ley 2596r, pues se me pretende SOtneter al régimen previsto en dicho decreto ley, cuando lo que correspondía era incorporarlo al régimen previsto en el decreto ley 19990°, dado que interpuso su solicitud de pensión el catorce de noviembre de mil novecientos noventa y dos cuando aún no se encontraba en vigencia el ya aludido decreto ley 25967°. Alega que el haberlo incorporado a un régimen que no existía al momento de presentar su solicitud, toma a las resoluciones que así lo dispusieron, en resoluciones nulas, según se esta a lo dispuesto por el inciso b) y c) del artículo 43 y siguientes del decreto supremo N° 002-94-JUS. Recuerda que en tanto sometido a un régimen especial de jubilación, tiene derecho a que se le otorgue una pensión equivalente al cincuenta por cien de la remuneración de referencia por los primeros cinco años completos de aportación, siendo exigible que éste se incremente en uno punto dos por cien, por cada año completo adicional de aportación, según se esta a lo dispuesto por los artículos 380 r y 4 del decreto ley 19990°. Admitida la demanda, ésta es contestada por el representante legal de la Oficina de Nomwlización Previsional, quien solicita se declare improcedente la demanda, ya que: a) ha caducado el derecho del actor, pues desde la expedición de la resolución que deniega su recurso de reconsideración a la fecha de presentarse la demanda, ha transcurrido con exceso el término de sesenta días, b} el actor no ha cumplido con agotar la vía administrativa, ya que si bien interpuso su recurso de reconsideración, y se le denegó en forma expresa, frente a la notificación de esta última resolución interpuso su recurso de apelación, después de más de dos meses de quedar consentida, y c) con el actor se aplicó en forma correcta el régimen previsto en el decreto ley 2596r, no constituyendo, ademas, la Acción de Amparo la vía idónea para reclamar los derechos invocados. Confecha siete de noviembre de mil novecientos noventa y seis, el Juez del Segundo Juzgado Civil de la Corte Superior de Arequipa expide resolución declarando fundada la demanda, tras considerar que no ha operado el plazo de caducidad, se ha agotado la vía previa, y estar la resolución impugnada amparada en una nonna de inferior jerarquía a la Constitución 'de mil novecientos setenta y nueve. Interpuesto el recurso de apelación, con fecha siete de febrero de mil novecientos noventa y siete, la \ Primera Sala Civil de la Corte Superior de Justicia de Arequipa, en discordia, expide resolución revocando la apelada, y reformándola, la declara improcedente. Interpuesto el recurso extraordinario, los autos son elevados al Tribunal Constitucional.",3717,3665,False,False
00429-1996-AA,1997,sentencia,data\sentencia-Extract\1997\sentencia-pdf-1997.csv,,,0,0,True,False
00359-1997-HC,1997,sentencia,data\sentencia-Extract\1997\sentencia-pdf-1997.csv,,,0,0,True,False
00919-1996-AA,1997,sentencia,data\sentencia-Extract\1997\sentencia-pdf-1997.csv,,,0,0,True,False
00224-1996-AA,1997,sentencia,data\sentencia-Extract\1997\sentencia-pdf-1997.csv,,,0,0,True,False
00275-1997-AA,1997,sentencia,data\sentencia-Extract\1997\sentencia-pdf-1997.csv,,,0,0,True,False
00306-1996-HC,1997,sentencia,data\sentencia-Extract\1997\sentencia-pdf-1997.csv,"Edilberto Gamarra Polo interpone acción de Habeas Corpus contra el Juez
Provisional del Primer Juzgado Penal del Callao] Dr. Víctor Durand Prado, por
violación de su libertad individual.
,
•
-
,
•
,
Sostiene el actor que en la fecha de interposición de la demanda, el doce de
enero de mil n","Edilberto Gamarra Polo interpone acción de Habeas Corpus contra el Juez Provisional del Primer Juzgado Penal del Callao] Dr. Víctor Durand Prado, por violación de su libertad individual. , • - , • , Sostiene el actor que en la fecha de interposición de la demanda, el doce de enero de mil novecientos noventa y seis, acudió al despacho del demandado con el objeto de que se le diera lectura a la sentencia, y de ese modo se le levantara la orden de captura que existe en su contra. Refiere que el demandado no practicó dicha diligencia aduciendo que en el proceso que se sigue ante su Juzgado, co-acusados del actor interpusieron medios impugnatorios que supusieron que el expediente sea elevado al superior jerárquico. , Recuerda que cuando se apersonó al despacho del demandado, el expediente físicamente se encontraba en el Juzgado, y aunque había perdido jurisdicción (sic) respecto de sus co-acusados, sin embargo no sucedió lo mismo con su caso, ya que respecto del actor se reservó la lectura de sentencia. Admitida la demanda, y practicada las diligencias que la ley exige, con fecha diecisiete de enero de mil novecientos noventa y seis, la Jueza Provisional del Sexto Juzgado Penal del Callao expide resolución declarando improcedente el Habeas Corpus. Interpuesto el recurso de apelación, con fecha siete de febrero de mil novecientos noventa y seis, la Segunda Sala Penal de la Corte Superior de Justicia del Callao expide resolución confi1mando la resolución apelada. Interpuesto el recurso de nulidad, que debe entenderse como extraordinario, los autos son elevados al Tribunal Constitucional . • • FUN1JAlIillí:N'l'OS 1. Que, según se está a lo dispuesto por el artículo 1 ° de la ley 23506°, el objeto del ,Habeas Corpus es el de reponer las cosas al estado anterior a la violación o amenaza de violación del derecho constitucional a la libertad individual. 2. Que, en el caso de autos, y según se está al acta de verificación practicado por el Sexto Juzgado Penal del Callao, y del documento obrante a fojas cuatro, al momento de interponerse el presente Habeas Corpus, el Juez del Segundo Juzgado Penal del Callao había perdido competencia para realizar la diligencia de lectura de sentencia contra el actor, tras haberse interpuesto, por co-acusados en el mismo expediente, un recurso de apelación. 3. Que, siendo ello así, este Colegiado estima que la violación contra el derecho constitucional a la libertad individual del actor, que se reputa estar amenazada por el Juez demandado, en realidad no es tal, pues la orden de captura que en su Op01 tunidad el Juzgador decretara contra el actor fue consecuencia de que se le declarase reo contumaz, en un proceso cuya regularidad no ha sido puesta en tela de juicio, y donde sí, por el contrario, se respetó, según se está a las manifestaciones del actor que obran en autos, el contenido esencial del derecho al debido proceso. 4. Que, ello no obstante, la resolución venida en grado a este Supremo Interprete de la Constitución, debe revocarse ya que no obstante haberse pronunciado • , • , • • • sobre el fondo de la controversia constitucional, sin e mbargo, se ha declarado improcedente el Hábeas Corpus interpuesto, cuando en realidad debió declararse infundado. Por estos fundamentos , el Tribunal Constitucional, en ejercicio de las atribuciones que la Constitución y su Ley Orgánica le confieren, Revocando la resolución de la Segunda Sala Penal de la Corte Superior de Justicia del Callao, su fecha siete de febrero de mil novecientos noventa y seis, que confirmó la apelada, que declaró improcedente el Habeas Corpus; Refol,ntándola, la declararon infundada; Displlsiel un la publicación de esta sentencia en el diario oficial El Peruano, y los devolvieron. SS. . , JI't¿..1 /"" ~ f' ¿. ACOSTA ""'--~-~..-:...--' NUGENT DIAZ VAL VERDE GARCIA MARCELO I • Lo Que O(Jrt1f1oo: ECM Dra. MARI LUZ VASQUEZ DE LOPEZ SECRETARIA - RELATORA •",3991,3907,False,False
00217-1997-AA,1997,sentencia,data\sentencia-Extract\1997\sentencia-pdf-1997.csv,"El Sindicato demandante sustenta su reclamo en una presunta amenaza de violación del derecho
constitucional a la estabilidad laboral de ciento sesenta y cinco trabajadores, entre obreros y
empleados.
Alega que por Decreto Ley No. 26093 el Gobierno impuso como deber de los Ministerios e
Instituci","El Sindicato demandante sustenta su reclamo en una presunta amenaza de violación del derecho constitucional a la estabilidad laboral de ciento sesenta y cinco trabajadores, entre obreros y empleados. Alega que por Decreto Ley No. 26093 el Gobierno impuso como deber de los Ministerios e Instituciones Públicas Descentralizadas, efectuar semestralmente programas de evaluación de personal, de acuerdo a normas que para el efecto se establezcan y con la posibilidad de resultar cesados quienes no resulten calificados, situación juridica que sin embargo no comprendió en sus inicios a los servidores de los Gobiernos Locales. Posteriormente sin embargo, y mediante la Octava Disposición Transitoria de la Ley No. 26553 (Ley del Sector Público para J996) los trabajadores municipales, son incluidos dentro de los alcances del referido decreto, sin embargo, si bien todos los organismos públicos que han implementado los citados procesos han publicado los reglamentos de evaluación, las autoridades del Municipio demandado no han dado conocimiento publico a su reglamento de evaluación por considerarlo de uso exclusivo de la Comisión Evaluadora, hecho que se configura como una amenaza contra la estabilidad laboral de los trabajadores, al desconocerse la forma en se que se les va a evaluar. Incluso, se ha inclwao a los obreros municipales contraviniéndose el Decreto Supremo No OJO-78-IN, que establece que aquellos, son servidores del Estado sujetos al régimen de la actividad privada, situaciones todas estas por la que solicita el Sindicato demandante se declare la invalidez de todo el proceso de evaluación que tiene instaurado la Municipalidad, volviendo las cosas a su estado anterior. Admitida la demanda por el Juzgado Civil de Morropón-Chulucanas, se dispone su traslado a los emplazados siendo absuelta por separado tanto por el Alcalde como por la Directora Municipal del Concejo Provincial de Morropón-Chulucanas, quienes la niegan y contradicen fundamentalmente por considerar: Que el Decreto-Ley No. 26093, en su artículo J, estableció como deber de los Ministerios e Instituciones Publicas efectuar programas de evaluación de personal, habiéndose hecho extensivo el mismo a los Gobiernos Locales mediante la Octava Disposición Transitoria de la Ley No 26553 de Presupuesto de J996; Que es falso que los demandantes no vengan siendo informados de los actos administrativos relativos al proceso de evaluación, ya que ello se ha hecho por intermedio de los diarios locales, particularmente ""El Tiempo"" del veintinueve de junio de mil novecientos noventa y seis, e incluso a través de las vitrinas, conforme lo reconocen los propios demandantes; Que el Reglamento Interno de Evaluación fue objeto no solo de conocimiento sino de exposición el día veintinueve de marzo de mil novecientos noventa y seis en el Auditorio San Agustfn, habiéndose otorgado amplias facilidades para la concurrencia de trabajadores; Que la Municipalidad demandada no hace mas que cumplir con el mandato legal contenido en los dispositivos citados, pues de no hacerlo, estarían incurriendo en responsabilidad administrativa y penal y que incluso acciones de evaluación se viene ejecutando en todos los Gobiernos Locales, no habiendo por consiguiente incurrido en ningún tipo de amenaza de derechos constitucionales. De fojas doscientos cincuenta y cinco a doscientos cincuenta y ocho y con fecha doce de diciembre de mil novecientos noventa y seis, la Jueza Civil Provisional de Morropón-Chulucanas-Piura expide resolución declarando Fundada la demanda principalmente por considerar: Que la amenaza contra la estabilidad laboral que alegan los accionantes consistente en el hecho de no haberse publicado el reglamento de evaluación, ignorando por consiguiente la forma como se les va a evaluar, se encuentra corroborada con los documentos mediante los cuales el Sindicato demandante solicita al emplazado la remisión de una copia del reglamento y la contestación que se les otorga, en el sentido de que el citado reglamento es material de trabajo de la comisión y para uso exclusivo de la misma; Que si bien es cierto que el referido reglamento iba a ser utilizado por la Comisión Evaluadora, también lo es que el mismo iba a ser aplicado a los trabajadores que como parte interesada tenían derecho a solicitar copia del mismo a efecto de conocer sus lineamientos conforme lo disponen los artículos 55 y 57 del Decreto Supremo No. 006-SC y los artículos 52 a 55 del Decreto Supremo No. 02-94-JUS; Que el artículo 54 del Decreto Supremo No. 02-94-JUS señala que ""Las informaciones verbales que se emitan por los funcionarios tendrán exclusivamente carácter ilustrativo para quienes lo soliciten y no producirán efectos procesales "", lo que significa que la supuesta exposición verbal del Reglamento, no produce efectos procesales; Que el emplazado no ha presentado instrumento fechaciente que demuestre que ha cumplido con publicar el Reglamento, mas bien remite copia de este a la Presidencia del Consejo de Ministros y a la Contraloría General, pero no al Sindicato, a pesar de ser parte interesada; Que los denunciados en aplicación equívoca del artículo 2 de la Ley No. 26093 les han hecho llegar a los demandantes una circular a donde les advierten que el personal que no califique en el proceso de evaluación ""será cesado"" por causal de excedencia, cuando la Ley solo utiliza el término ""podrá"". Interpuesto recurso de apelación por los emplazados, los autos son elevados a la Primera Fiscalía Superior Mixta de Piura para efectos de la vista correspondiente, y devueltos estos con dictamen, que se pronuncia por la revocatoria de la apelada, la Primera Sala Civil de la Corte Superior de Justicia de Piura y Tumbes de fojas cuatrocientos trece a cuatrocientos dieciséis y con fecha catorce de febrero de mil novecientos noventa y siete, revoca la resolución apelada y reformándola declara Improcedente la acción principalmente por considerar: Que la doctrina jurisprudencial refiriéndose a la libertad de trabajo ha señalado, que la terminación del vínculo por reducción de personal, permitida por la ley, no puede per se calificarse de inconstitucional; Que el Decreto Ley No. 26093, en su artículo 1, indica que los titulares de los distintos Ministerios y de las Instituciones Públicas Descentralizadas deberán cumplir semestralmente programas de evaluación de personal, prescribiendo en su artículo 2, que el personal que no califique podrá ser cesado por causal de excedencia, y posteriormente a través de la Ley No. 26553, se hizo extensivo los alcances del Decreto Ley No. 26093 a los Gobiernos Locales; Que el artículo 109 de la Constitución Política de 1993 establece que ""La leyes obligatoria desde el día siguiente de su publicación.. y en esta virtud, el Concejo Provincial de Morropon-Chulucanas ha dado cumplimiento a lo ordenado por Ley; Que mediante el Oficio No. 008-96-D-M-MPM-CH del dieciocho de marzo de mil novecientos noventa y seis la Directora Municipal le comunica al Secretario General del SITRAMUN-CH que se ha iniciado el proceso de evaluación de personal correspondiente al primer semestre de mil novecientos noventa y seis, por su parte, la Resolución de Alcaldía No. 206-96-MPM-CH del veinte de julio de mil novecientos noventa y seis autoriza la realización de la evaluación a fin de que se lleve a cabo del primero al diecinueve de julio de mil novecientos noventa y seis, conforme a la Resolución de Alcaldía No. 234-96-.MPM-CH se suspende por única vez las actividades laborales el día ocho de julio de mil novecientos noventa y seis a fin de que el personal concurra a la evaluación, y por último, según el Oficio No. 097-96-SITRAMUN Chulucanas del cuatro de julio de mil novecientos noventa y seis, dirigido por el Secretario General al Alcalde, se le expresa que se ratifican en su decisión de no presentarse al proceso de evaluación y por el contrario le comunican, la realización de un paro de veinticuatro horas para el día ocho de julio de mil novecientos noventa y seis; Que en cuanto al Reglamento Interno de Evaluación si bien los demandantes expresan desconocer su contenido, sin embargo, la Directora Municipal mediante comunicación hace de conocimiento del Secretario General del SITRAMUN CH que, la Comisión de Evaluación realizará una exposición del Reglamento el día veintinueve de marzo de mil novecientos noventa y seis, así mismo, mediante documento dirigido por la Directora Municipal al Secretario General, se le detalla el cronograma de actividades para la evaluación, dejándose establecido que la entrevista personal y la evaluación de conocimientos tenían la calidad de participación obligatoria, negándose a recibir esta comunicación el Secretario General el día tres de julio de mil novecientos noventa y seis; Que en el caso de autos no hay derecho que restaurar, toda vez que los accionan tes se han negado a participar en el proceso de evaluación establecido por la Ley; y Que conforme al artículo 9 de la Ley No. 23506 las acciones de habeas corpus y amparo sentarán jurisprudencia obligatoria cuando de ellas puedan desprenderse principios de carácter general, habiéndose declarado Infundada por el Tribunal Constitucional mediante ejecutoria del veinticuatro de diciembre de mil novecientos noventa y seis, una demanda en un caso similar al presente, por inasistencia del trabajador al exámen de calificación. Contra esta resolución los demandantes interponen Recurso Extraordinario, por lo que de conformidad con el artículo 41 de la Ley No. 26435, se dispuso el envío de los autos al Tribunal Constitucional.",9674,9570,False,False
00258-1997-AA,1997,sentencia,data\sentencia-Extract\1997\sentencia-pdf-1997.csv,,,0,0,True,False
00152-1996-AA,1997,sentencia,data\sentencia-Extract\1997\sentencia-pdf-1997.csv,,,0,0,True,False
00151-1995-AA,1997,sentencia,data\sentencia-Extract\1997\sentencia-pdf-1997.csv,,,0,0,True,False
00237-1995-AA,1997,sentencia,data\sentencia-Extract\1997\sentencia-pdf-1997.csv,,,0,0,True,False
00239-1993-AA,1997,sentencia,data\sentencia-Extract\1997\sentencia-pdf-1997.csv,,,0,0,True,False
00096-1997-AA,1997,sentencia,data\sentencia-Extract\1997\sentencia-pdf-1997.csv,"Doña llZ Consuelo Arias de Zelada, con fecha 14 de n viembre de 1995, interpone acción
de amparo contra el Instituto Peruan de E ergía N Iclear (IPEN). y solicita se le declare
inaplicable la Resoluci' n de Presidencia N° 100-95-fPENIPR, su fecha 11 de mayo de 1995,
que declaró improcedente su pe","Doña llZ Consuelo Arias de Zelada, con fecha 14 de n viembre de 1995, interpone acción de amparo contra el Instituto Peruan de E ergía N Iclear (IPEN). y solicita se le declare inaplicable la Resoluci' n de Presidencia N° 100-95-fPENIPR, su fecha 11 de mayo de 1995, que declaró improcedente su petición para que se le otorgue el inere ento de su pensión mensual a partir del mes de marzo de 1995; asimismo, s licita se le declare igualmente inaplicable la Resolución de Presidencia N° 174-95-IPENIPR, su fecha 27 de julio de 1995, que declara improcedente el recurso de apelación interpuesto por la recurrente contra la resolución antes referida; sostiene la demandante, que por Resolución de Presidencia N° 260-86-IPEN/OAJ/OA., expedida por la emplazada, fue incorporada a partir del 22 de noviembre de 1985 al régimen pensionario regulado por el Decreto Ley N° 20530; que, no obstante debiendo ser nivelada su pensión de cesantía con la remuneración de los servidores en actividad del Instituto Peruano de Energía Nuclear, sin embargo, se le recortó la homologación de su pensión de acuerdo a la nueva escala de remuneraciones que fijó el Decreto Supremo N° 51-95-EF, del 31 de marzo de 1995, para los trabajadores de la entidad emplazada. A fojas 35, el Instituto Peruano de Energía Nuclear contesta la demanda, afirmando que las resoluciones de presidencia N° 100-95-IPENIPR Y 174-95-IPENIPR, no constituyen actos unilaterales que desconocen los derechos adquiridos por la demandante si no que han sido expedidos en estricto cumplimiento del Decreto Supremo N° 51-95-EF, que fija la nueva escala de remuneraciones para el personal activo del Instituto Peruano de Energía Nuclear. A fojas 53, el Juez Provisional Especializado en lo Civil de Lima con fecha 12 de diciembre de 1995, declara fundada la acción de amparo, por considerar principalmente, que ""del análisis de lo actuado se advierte evidentemente los actos violatorios del derecho constitucional invocado por la actora en su demanda, esto es, que se ha recortado arbitrariamente el derecho adquirido a la nivelación de su pensión de cesantía y jubilación con la del servidor activo, sin que exista previa decisión judicial obtenido en un debido proceso, con lo cual han sido conculcados sus derechos y los principios que deben existir en toda relación laboral, tales como el carácter irrenunciable de los derechos reconocidos por la Constitución y la ley, y la interpretación favorable al trabajador en caso de duda insalvable sobre el sentido de una norma, los mismos que se encuentra indicados en el artículo 26° de nuestra Carta Fundamental"". A fojas 110, la Sala Contenciosa-Administrativa de la Corte Superior de Justicia de Lima con fecha 26 de diciembre de 1996, revoca la apelada que declaró fundada la acción de amparo y reformándola la declara improcedente, señalando, principalmente, que ""el otorgamiento de incrementos pensionarios es una situación que no puede ser discutida en una acción de garantía dado que ésta por ser de carácter sumarísimo, no permite la actuación de los medios probatorios que se requieren para sustentar la decisión de revocar, como son el contar con los informes de las oficinas técnicas respectivas, revisar las resoluciones de nombramiento y otorgamientos de pensiones, entre otros documentos, con el objeto de establecer la procedencia del derecho alegado por la demandante"", Interpuesto Recurso Extraordinario, los autos son elevados al Tribunal Constitucional de conformidad con el artículo 41 ° de su Ley Orgánica; FUNDAMENTOS: Que, la acción interpuesta persigue se declare la inaplicabilidad de las resoluciones de presidencia N° 100-95-IPENIPR Y 174-95-IPENIPR, que declaran improcedente el derecho de la actora a percibir una pensión nivelada con la de los servidores en actividad del Instituto Peruano de Energía Nuclear; que, examinados los autos, a fojas 2 obra la Resolución de Presidencia N° 260-86-IPEN/OA que incorpora a la actora a partir del 22 de noviembre de 1986 al régimen de Cesantía, Montepío y Jubilación que rige el Decreto Ley N° 20530, situación que es explícitamente reconocida por la entidad del Estado emplazada, ~ a fojas 35 en su escrito de contestación; que, considerando que el Decreto Supremo N° 51- 96-EF, del 31 de marzo de 1995, fijó la escala remunerativa del personal activo del . Instituto Peruano de Energía Nuclear, la emplazada omitió homologar la pensión de la actora con estos nuevos incrementos; que, debe señalarse que el régimen pensionario propiciado por el Decreto Ley N° 20530 fue consagrado por la Octava Disposición General y Transitoria de la Constitución de 1979, así como por su ley de desarrollo N° 23495, normas que establecieron el derecho a percibir una pensión de cesantía o jubilación renovable, para que haya igualdad en la remuneración que percibe el trabajador en actividad con la del trabajador cesante, en la medida que se equiparen la función o labor que desempeñó este último con la que desarrolla el primero; que, la cláusula constitucional antes citada, ha sido reafirmada por la Primera Disposición Final y Transitoria de la Constitución de 1993 en este sentido, los derechos adquiridos bajo el Decreto Ley N° 20530 no pueden ser afectados o desconocidos; que, la sentencia recurrida no tuvo en cuenta la aplicación del artículo 138 de la Constitución Política vigente, el artículo 3 de la Ley N° 23506, ni el artículo 14 del Texto Unico de la Ley Orgánica del Poder Judicial, que de modo uniforme prescriben que en el caso de que los Magistrados hallen incompatibilidad entre la Constitución y la ley, deben preferir la primera sin afectar la vigencia de la segunda; por estos fundamentos, el Tribunal Constitucional en uso de sus atribuciones conferidas por la Constitución Política del Estado y su Ley Orgánica;",5862,5793,False,False
00160-1996-AA,1997,sentencia,data\sentencia-Extract\1997\sentencia-pdf-1997.csv,,,0,0,True,False
00098-1997-AA,1997,sentencia,data\sentencia-Extract\1997\sentencia-pdf-1997.csv,,,0,0,True,False
00190-1996-AA,1997,sentencia,data\sentencia-Extract\1997\sentencia-pdf-1997.csv,,,0,0,True,False
00154-1997-AA,1997,sentencia,data\sentencia-Extract\1997\sentencia-pdf-1997.csv,,,0,0,True,False
00201-1996-AA,1997,sentencia,data\sentencia-Extract\1997\sentencia-pdf-1997.csv,,,0,0,True,False
00201-1993-AA,1997,sentencia,data\sentencia-Extract\1997\sentencia-pdf-1997.csv,,,0,0,True,False
01020-1996-AA,1997,sentencia,data\sentencia-Extract\1997\sentencia-pdf-1997.csv,,,0,0,True,False
00995-1996-AA,1997,sentencia,data\sentencia-Extract\1997\sentencia-pdf-1997.csv,"Urbano Huaynalaya Lujan interpone Acción de Amparo contra el Ministerio
del Interior, solicitando se declare nula la resolución ministerial N° 0628-95-
IN/ PNP, de fecha dieciocho de mayo de mil novecientos noventa y cinco.
Sostiene el actor que mediante resolución N° 2289-92-DGPNP/ DIPER se
dis","Urbano Huaynalaya Lujan interpone Acción de Amparo contra el Ministerio del Interior, solicitando se declare nula la resolución ministerial N° 0628-95- IN/ PNP, de fecha dieciocho de mayo de mil novecientos noventa y cinco. Sostiene el actor que mediante resolución N° 2289-92-DGPNP/ DIPER se dispuso su pase a la situación de retiro de la Policía Nacional del Perú, tras habérsele iniciado proceso administrativo. Recuerda que frente a esta resolución L interpuso su recurso de apelación, acompafíando una resolución judicial consentida por virtud de la cual se ordenó el sobreseimiento de la denuncia penal. No obstante ello, recuerda, la resolución impugnada amparándose en disposiciones meramente procesales no tomó en consideración su exculpación, y aplicó una resolución ministerial, la N° 0216-92-IN/ DM, que fuera promulgada mucho tiempo después de que ocurrieran los hechos por los que fue separado de su institución. Admitida la demanda, ésta es contestada por el Procurador Público encargado de los Asuntos Judiciales de la Policía Nacional, quien solicita se declare improcedente la demanda, ya que: a) desde la expedición de la resolución ministerial N° O6 28-9S-IN/ PNP, el dieciocho de mayo de mil novecientos noventa y cinco, a la fecha de interposición de la demanda, se ha excedido con creces el plazo previsto por el artículo 37° de la ley 23S06°, b) el actor fue pasado a la situación de retiro, tras haber sido involucrado en la comisión del delito contra el patrimonio y contra la fe pública, en agravio de Eusebio Urbano Jayo y el Estado, c) el comando policial al disponer su pase a la situación de retiro del actor, actúo de conformidad con lo previsto en el artículo 168 ° de la Constitución, y en aplicación de lo sr dispuesto por los artículos SOOy del decreto legislativo 74So, Ley de Situación del Personal de la Policía Nacional del Perú, concordante con el artículo 48 ° del decreto legislativo 371°. Con fecha catorce de marzo de mil novecientos noventa y seis, la Jueza Provisional del Vigésimo Juzgado especializado en lo Civil del Distrito Judicial de Lima, expide resolución declarando fundada la excepción de caducidad, y en consecuencia, dando por concluido el proceso. Interpuesto el recurso de apelación, con fecha catorce de octubre de mil novecientos noventa y seis, la Sala Especializada de Derecho Público de la Corte Superior de Justicia de Lima, expide resolución confirmando la apelada. Interpuesto el recurso de apelación, que se debe entender como extraordinario, los autos son elevados al Tribunal Constitucional.",2600,2564,False,False
00967-1996-AA,1997,sentencia,data\sentencia-Extract\1997\sentencia-pdf-1997.csv,,,0,0,True,False
00921-1996-AA,1997,sentencia,data\sentencia-Extract\1997\sentencia-pdf-1997.csv,,,0,0,True,False
00073-1997-AA,1997,sentencia,data\sentencia-Extract\1997\sentencia-pdf-1997.csv,,,0,0,True,False
00056-1997-AA,1997,sentencia,data\sentencia-Extract\1997\sentencia-pdf-1997.csv,,,0,0,True,False
00979-1996-AA,1997,sentencia,data\sentencia-Extract\1997\sentencia-pdf-1997.csv,,,0,0,True,False
00017-1997-AA,1997,sentencia,data\sentencia-Extract\1997\sentencia-pdf-1997.csv,,,0,0,True,False
00061-1997-AA,1997,sentencia,data\sentencia-Extract\1997\sentencia-pdf-1997.csv,,,0,0,True,False
00232-1996-AA,1997,sentencia,data\sentencia-Extract\1997\sentencia-pdf-1997.csv,,,0,0,True,False
00613-1997-AA,1997,sentencia,data\sentencia-Extract\1997\sentencia-pdf-1997.csv,,,0,0,True,False
00167-1997-AA,1997,sentencia,data\sentencia-Extract\1997\sentencia-pdf-1997.csv,"La demandante sustenta su reclamo en la transgresión de sus derechos al trabajo, a la
defensa y a la tutela jurisdiccional por parte de los emplazados.
Alega que fue incorporada como Profesora de Aula del Centro Educativo No. 38490N-P
mediante Resolución Directoral USE No. 028-Huancasancos del di","La demandante sustenta su reclamo en la transgresión de sus derechos al trabajo, a la defensa y a la tutela jurisdiccional por parte de los emplazados. Alega que fue incorporada como Profesora de Aula del Centro Educativo No. 38490N-P mediante Resolución Directoral USE No. 028-Huancasancos del diecisiete de abril de mil novecientos noventa y seis, con Nivel Magisterial 1, habiéndole concedido el propio demandado Fortunato Ga[indo VaJenzuela la posesión del cargo mediante Memorándum No. I 0-96-E.E. No. 384-90-USE-H del primero de abril de mil novecientos noventa y seis y con vigencia hasta e[ treinta y uno de diciembre del mismo año; Que a medida que iba transcurriendo e[ periodo lectivo de mil novecientos noventa y seis cumplió plenamente la demandante con sus labores, no obstante lo cual, en los últimos meses, el demandado Candelaria Arones Coro, aprovechando la autoridad que le ofrecía su cargo, pretendió que la accíonante aceptara sus proposiciones de mantener relaciones sentimentales con su persona; Que al no aceptar las propuestas deshonestas del demandado, éste en represalia expidió la Resolución Directoral USE No. 156-Huancasancos de fecha dieciocho de noviembre de mil novecientos noventa y seis, que dispone dejar sin efecto su reconocimiento como Profesora de Aula del Centro Educativo antes referido, hecho que además fue avalado por el Director del Plantel y también demandado, Fortunato Valenzuela; motivos por [os que solicita la reposición al estado anterior a la violación del derecho constitucional que reclama, la inaplicabílidad de la Resolución Directoral USE No. 156-Huancasancos y el pago de daños y pe~uicios y costas. Admitida la demanda por el Juez del Juzgado Mixto en lo Civil de Huancasancos - Ayacucho se dispone su traslado a los emplazados, quienes por separado la contestan negándola y contradiciéndola principalmente por considerar: Que la acción es infundada ya que si bien la demandante estaba laborando en el C.E. No. 38490, lo hacía en calidad de contratada, mas no de nombrada, ya que la plaza que ocupaba la accionante la había dejado transitoriamente libre su titular por encontrarse con encargatura en un area educativa de la Sede de la USE; Que es falso que a la actora no se le haya permitido defensa sobre su derecho al trabajo, por cuanto aquella no ha presentado documento alguno que pruebe haber interpuesto reconsideración, ni menos reposición a su cargo, ya que si la USE no hubiera atendido su reclamo, estaba expedita para recurrir a la instancia superior, que es la Dirección Regional de Educación de Ayacucho, motivo por el que falta agotar la vía administrativa; Que habiendo retomado el titular de la plaza que ocupaba la accionante, no tiene derecho aquella, a exigir sus reposición en dicha plaza, ya que el titular ha reasumido sus labores al no generar una encargatura, derecho definitivo alguno. De fojas cincuenta y seis a sesenta y dos y con fecha vemtlSlete de diciembre de mil novecientos noventa y seis, el Juzgado expide sentencia declarando Fundada la acción básicamente por considerar- Que al haberse aplicado de modo inmediato la Resolución Directoral No. 156-USE, es de aplicación el inciso primero del artículo 28 de la Ley 23506 que prescribe la no exigencia en el agotamiento de las vías previas cuando una resolución que no sea la última en la vía administrativa es ejecutada antes de vencerse el término para que quede consentida, y; Que al haberse cesado a la accionante en la encargatura de antes del treinta y uno de diciembre, se conculcó su derecho al trabajo y a la estabilidad laboral. Interpuesto recurso de apelación por los emplazados y en parte por la demandante, los autos son remitidos a la Primera Fiscalía Superior Mixta en lo Civil de Ayacucho para efectos de la vista correspondiente, y devueltos estos con dictamen que se pronuncia porque se revoque la apelada y se declare improcedente la acción, la Sala Civil de la Corte Superior de Ayacucho de fojas ochenta y siete a ochenta y nueve y con fecha veintisiete de enero de rnil novecientos noventa y siete, revoca la resolución apelada y declara improcedente la acción, principalmente por considerar: Que¡la accionante no ha cumplido con agotar las vías previas, y, que no se ha violentado o amenazado violar el derecho constitucional al trabajo y otros que se detallan en la demanda. Contra esta resolución la demandante plantea recurso extraordinario de conformidad con el articulo 41 de la Ley No. 26435, por lo que se dispuso el envío de los autos al Tribunal Constitucional.",4595,4541,False,False
00676-1996-AA,1997,sentencia,data\sentencia-Extract\1997\sentencia-pdf-1997.csv,,,0,0,True,False
00517-1996-AA,1997,sentencia,data\sentencia-Extract\1997\sentencia-pdf-1997.csv,,,0,0,True,False
01071-1996-AA,1997,sentencia,data\sentencia-Extract\1997\sentencia-pdf-1997.csv,,,0,0,True,False
00337-1997-AA,1997,sentencia,data\sentencia-Extract\1997\sentencia-pdf-1997.csv,,,0,0,True,False
00799-1996-AA,1997,sentencia,data\sentencia-Extract\1997\sentencia-pdf-1997.csv,,,0,0,True,False
00482-1996-AA,1997,sentencia,data\sentencia-Extract\1997\sentencia-pdf-1997.csv,"A fojas cuarentidós, doña Sonia Barreda Pérez interpone Acción de Amparo, contra
doña Dativa Beatriz Monteagudo, Directora General de Administración del Tribunal de
Garantías Constitucionales, o quien haga sus veces al momento de expedirse el fallo, para que
se declare ineficaz y sin valor alguno","A fojas cuarentidós, doña Sonia Barreda Pérez interpone Acción de Amparo, contra doña Dativa Beatriz Monteagudo, Directora General de Administración del Tribunal de Garantías Constitucionales, o quien haga sus veces al momento de expedirse el fallo, para que se declare ineficaz y sin valor alguno la Resolución Directoral N° 046-93-DIGAlTGC del siete de julio de mil novecientos noventitrés, que cesa a la actora en sus fUnciones de Asesor II del • Tribunal de Garantías Constituciones, nivel remunerativo F-6, se le reponga inmediatamente y de modo incondicional en las fUnciones que desempeñó desde el primero de abril de mil , novecientos noventidós, y se le restituya en la Planilla Unica de Pagos y Remuneraciones. • I '1 ~ • =----- . • • • La actora fundamenta su demanda, en que fue designada Asesor 11 del Tribunal de Garantías Constitucionales, mediante Resolución Administrativa N° 050-92-P-DIGAlTGC, expedida por el Presidente de dicho Organo, el primero de abril de mil novecientos noventidós; es asi, que al cesarse a los Magistrados del mismo, por Decreto Ley N° la accionan te 25422, -- solicitó a la Directora General de Administración, que se suspendiesen los efectos de la Resolución anterior, hasta que se presente la Comisión Reorganizadora que señalaba el Decreto Ley N° que aprobaba el Estatuto del Gobierno de Emergencia y Reconstrucción 25418, Nacional, lo que se resolvió mediante Resolución Directoral N° OD2-92-DIGA/ TGC del diez de abril del mismo año, expedida por la funcionaria demandada, y por la que se dejaba en suspenso la Resolución Administrativa N° 050-92-DIGAlTGC, autorizándose a la Dirección de Personal para que se le abone a la accionan te lo que le correspondía en su calidad de pensionista. Posteriormente, y al no conformarse la anteriormente citada Comisión de Reorganización, la actora solicitó se deje sin efecto la Resolución Directoral N° 002-92- DIGAlTGC, lo que se hizo mediante la Resolución N° OD5-92-DIGA/ TGC, del treinta de junio de mil novecientos noventidós, que en su parte resolutiva dejó sin efocto la referida resolución, y autorizó a la Dirección de Personal, el abono de la remuneración que le correspondía a la , accionan te, en el cargo de Asesor 11, Nivel Remunerativo F-6, a partir del primero de julio del mismo año; contra ésta última resolución, la actora interpuso Recurso de Reconsideración, por considerar que le correspondía el pago de sus remuneraciones, desde el primero de abril de mil novecientos noventidós, puesto que asistió todos los días a su centro de trabajo y registró su asistencia. Sin haberse resuelto el recurso interpuesto, la funcionaria demandada consultó al Instituto Nacional de Administración Pública - INAP, respecto a la procedencia del pago retroactivo a la accionante; dicha consulta fue absuelta por el INAP, mediante oficio N° 346-93- INAP/DPN, en el que consideran que la accionan te ""debe presentar su renuncia ante el Presidente de la República, siendo la fecha de su cese, el último día en que desempeñó efectivamente las funciones de asesora de la Alta Dirección razón por la cual fue designada en • dicho organismo. Se debe tener en cuenta además que está prohibido pagar remuneraciones a trabajadores del Sector Público Nacional por los días no laborados ""; este ofiCio fue puesto en conocimiento de la Dirección General de Presupuesto Público, el cual mediante oficio N° 099- 93-EF/ 76.10, recomendó la baja de la actora, mediante el correspondiente acto administrativo. Es en base a éstas opiniones, que la fUncionaria demandada expidió la Resolución Directoral N° 046-93-DIGAlTGC del siete de julio de mil novecientos noventitrés -cuya inaplicación se demanda-, notificada el doce del mismo mes. El ocho de julio de mil novecientos noventitrés} la actora solicitó al INAP que reconsidere su errada opinión, expidiendo dicha entidad el oficio N° 1287-93-INAP/DPN, en el que señala que jurídicamente es improcedente la baja de la actora, dispuesta por una Resolución de inferior jerarquía o rango a aquella en la que se le designó en el cargo, procediendo por ello el pago de las remuneraciones no percibidas desde la focha de su designación; esta opinión, es puesta en conocimiento de la Dirección General de Presupuesto Público quien hace suya la opinión del INAP y deja sin efecto el contenido del oficio N° 099-93- • - • • • • • • • • • EF/76.10, lo que a su vez, es comunicado a la funcionaria demandada, mediante oficio N° 227- 93-EFI76.10. Con todo lo anteriormente opinado, la actora solicitó su reposición en el cargo, no habiendo accedido la demandada a tal pretensión. El Vigésimo Juzgado Civil de Lima, declaró fUndada la acción, por considerar que el artículo 87° de la Constitución de 1979 establece que la Constitución prevalece sobre toda otra norma legal, la ley sobre otra norma de inferior jerarquía, y así sucesivamente de acuerdo a la jerarquía jurídica, por lo que la Resolución Directoral N° 005-92-D1GAlTGC, no puede derogar total o parcialmente la Resolución Administrativa N° 050-92-P-D1GA/ TGC, que designa a la actora, a partir del primero de abril de mil novecientos noventidós, Asesor 11, Nivel F-6 del Tribunal de Garantías Constitucionales, la que debe conservar sus efectos legales. La Tercera Sala Civil, al conocer la sentencia apelada, la revoca y reformándola, la declara Improcedente, por cuanto la actora no ha agotado la vía previa administrativa, tal como lo señala el artículo 27° de la Ley N° 23506; además, el cargo de asesor para el que fúe designada la actora -no nombrada-, por su naturaleza es de confianza, y no podía tener la estabilidad que s(tienen los servidores en la carrera administrativa, y señala finalmente, que la misma habría prestado asesoramiento durante ocho días naturales, por lo que no puede concederse el derecho que pretende la actora de ser repuesta como Asesora 11 del Tribunal de Garantías Constitucionales. En su oportunidad, la Sala de Derecho Constitucional y Social de la Corte Suprema, por los fUndamentos de la recurrida, declaró No Haber Nulidad en la sentencia de vista, y en ""- . consecuencia, improcedente la Acción de Amparo interpuesta. ° Interpuesto el recurso extraordinario, señalado por el artículo 41 de la Ley Orgánica del Tribunal Constitucional, Ley N° 26435, los autos son elevados a este Colegiado.",6402,6306,False,False
00944-1996-HC,1997,sentencia,data\sentencia-Extract\1997\sentencia-pdf-1997.csv,,,0,0,True,False
00440-1997-AA,1997,sentencia,data\sentencia-Extract\1997\sentencia-pdf-1997.csv,,,0,0,True,False
00611-1997-AA,1997,sentencia,data\sentencia-Extract\1997\sentencia-pdf-1997.csv,"Doña Marina Genoveva Ojeda Viuda de Cáceres, Aura Benítez Benítez,
Vilma 'Vizcarra de Borja, en representación de Jenny Vizcarra Borja, Lucila Zegarra
Orffz, Maria Valdivia Bachi, Gustavo Soto La Torre, Julio Esquivel Faerli, Ada
Esquivel Faerli y Elena Valencia Sierra interponen Acción de Amparo","Doña Marina Genoveva Ojeda Viuda de Cáceres, Aura Benítez Benítez, Vilma 'Vizcarra de Borja, en representación de Jenny Vizcarra Borja, Lucila Zegarra Orffz, Maria Valdivia Bachi, Gustavo Soto La Torre, Julio Esquivel Faerli, Ada Esquivel Faerli y Elena Valencia Sierra interponen Acción de Amparo contra el Juez del Segundo Juzgado Civil de Arequipa, por violación del derecho constitucional al debido proceso, a la legítima defensa y de propiedad. Alegan los actores que ante el Segundo Juzgado Civil de Arequipa, en la secretaria que despacha Jovita Moya Montes, se viene tramitando un proceso de reivindicación que siguen entre Maria Sánchez Llerena de Gamero contra la Municipalidad Provincial de A requipa. En dicho proceso, refieren, se pretende conseguir la desocupación de los departamentos de la Quinta Camero, de la que los actores son propietarios, tras haberlos adquirido mediante escrituras públicas y al amparo de la fe registral. Sostienen que dichos inmuebles se adquirieron a través de subasta pública, y que no obstante ello, en el proceso sobre reivindicación se pretende desalojarlos sin que los hayan emplazado judicialmente, atentando contra sus derechos constitucionales, al haberse ordenado que se efectúe el lanzamiento para el día trece de octubre de mil novecientos noventa y cinco. Admitida la demanda, ésta es contestada por Percy Bellido Tellez, en representación de María Llerena Gamero, solicitando se declare infundada la pretensión, pues: a) el proceso sobre reivindicación que siguen contra la Municipalidad Provincial de Arequipa se ha llevado observándose estrictamente las garantías del debido proceso, pues si bien se declaró ""no ha lugar"" el pedido para que los actores formen parte de él, no se interpuso medio impugnatorio alguno contra dicha resolución, b) de la notificación de aquella resolución, esto es, el veintiséis de junio de mil novecientos noventa y cuatro, a la fecha de interposición de la demanda, ha transcurrido con exceso el plazo previsto en el artículo 37 de la ley 23506°, por lo que la Acción de Amparo ha caducado. Asímismo, contesta la demanda María Llerena Sánchez de Gamero, la misma que, por resolución de quince de mayo de mil novecientos noventa y seis, se tiene por no presentada, tras haberse realizado dicho acto procesal en fonna extemporánea. Con fecha treinta de setiembre de mil novecientos noventa y seis, la Primera Sala Civil de la Corte Superior de Justicia de Arequipa expide resolución, declarando improcedente la demanda. Interpuesto el recurso de apelación, con fecha cinco de mayo de mil novecientos noventa y siete, la Sala de Derecho Constitucional y Social de la Corte Suprema de Justicia de la República expide resolución declarando No Haber Nulidad en la resolución de vista. Interpuesto el recurso extraordinario, los autos son elevados al Tribunal Constitucional.",2896,2857,False,False
00168-1997-AC,1997,sentencia,data\sentencia-Extract\1997\sentencia-pdf-1997.csv,"Empresa de Transportes ""Virgen de Chapi"" S.A. interpone Acción de
Cumplimiento contra la Alcaldesa de la Municipalidad Provincial de lca y el Asesor
Jurídico de dicho Municipio, con el objeto de que éstos cumplan con expedir las
resoluciones administrativas tendientes a resolver sus peticiones en","Empresa de Transportes ""Virgen de Chapi"" S.A. interpone Acción de Cumplimiento contra la Alcaldesa de la Municipalidad Provincial de lca y el Asesor Jurídico de dicho Municipio, con el objeto de que éstos cumplan con expedir las resoluciones administrativas tendientes a resolver sus peticiones en los expedientes N° 4370-95, 20009-94 Y 13220-94. Refiere la entidad accionante que mediante resolución de alcaldía N° 382- 93-AMPl se le concedió la concesión de la ruta lea-Santiago y caseríos aledaños, la misma que, mediante resolución de alcaldía N° 447-93-AMPl les fue ampliada. Sostiene que por mandato legal, tales concesiones, deben renovarse cada dos años, por lo que además de cumplir con efectuar el pago por derecho de paradero, promovieron el expediente N° 4370-95 a fin de obtener tal renovación. . A~únismo, recuerdan, solicitaron una modificación de su padrón vehicular, a los efectos de que se incremente su flota a un número de treinta y nueve. Sin embargo, precisan, por influencia directa del asesor jurídico de la entidad demandada, se expidió la resolución de alcaldía N° 819-95-AMPl, por la que sólo se comprende veintinueve vehículos. Además de ello, dicho decreto de alcaldía les modifica indebidamente la ruta, petición que ellos no realizaron. Precisan que la entidad demandada ha omitido con acatar las normas del procedimiento administrativo, lo que constituye el acto lesivo que vulnera sus derechos. Admitida la demanda, ésta es contestada por el representante legal del Alcalde de la Municipalidad Provincial de lea, quien solicita se declare en abandono el proceso, o en su caso, infundado y/ o improcedente, ya que: a) mediante las resoluciones del alcaldía N° 919-95-AMPI Y 920-95-AMPI, se resolvió lo solicitado por la entidad accionante, al declararse procedente su reclamo y habérsele ampliado su ruta, b) mediante resolución de alcaldía N° 039-96-AMPr. se dejó sin efecto la resolución de alcaldía N° 920-95-AMPl, Y se les fijó la ruta que venian realizando, e) no han cumplido con agotar la vía previa, esto es, el requerimiento por conducto notarial. Astmismo, contesta la demanda Victor Garda Wong, quien solicita se declare improcedente la demanda, ya que dejó de ejercer el cargo de asesor jurídico el quince de diciembre de mil novecientos noventa y cinco. Con fecha diecisiete de octubre de mil novecientos noventa y seis, el Juez del Primer Juzgado Especializado en lo Civil de Ica expide resolución, declarando improc-edente la demanda. Interpuesto el reCl.lrSO de apelación, la Sala Civil de la Corte Superior de Justicia de ka, expide resolución, con fecha diecinueve de diciembre de mil novecientos noventa y seis, confirmando la resolución apelada. Interpuesto el recurso extraordinario, los autos son remitidos al Tribu.nal Constitucional.",2827,2789,False,False
00103-1996-AA,1997,sentencia,data\sentencia-Extract\1997\sentencia-pdf-1997.csv,,,0,0,True,False
00278-1993-AA,1997,sentencia,data\sentencia-Extract\1997\sentencia-pdf-1997.csv,,,0,0,True,False
00187-1996-AA,1997,sentencia,data\sentencia-Extract\1997\sentencia-pdf-1997.csv,,,0,0,True,False
00227-1995-AA,1997,sentencia,data\sentencia-Extract\1997\sentencia-pdf-1997.csv,,,0,0,True,False
00101-1996-AA,1997,sentencia,data\sentencia-Extract\1997\sentencia-pdf-1997.csv,,,0,0,True,False
00144-1996-AA,1997,sentencia,data\sentencia-Extract\1997\sentencia-pdf-1997.csv,,,0,0,True,False
00437-1997-AA,1997,sentencia,data\sentencia-Extract\1997\sentencia-pdf-1997.csv,,,0,0,True,False
00057-1997-AA,1997,sentencia,data\sentencia-Extract\1997\sentencia-pdf-1997.csv,"El demandante sustenta su reclamo en la violación de su derecho a la estabilidad laboral como docente del
Centro Educativo No. 82012 de Caja marca, por parte de los emplazados.
Alega que su plaza de trabajo se encontraba en el Centro Educativo antes referido, la que tenía el carácter de
reservada","El demandante sustenta su reclamo en la violación de su derecho a la estabilidad laboral como docente del Centro Educativo No. 82012 de Caja marca, por parte de los emplazados. Alega que su plaza de trabajo se encontraba en el Centro Educativo antes referido, la que tenía el carácter de reservada, por encontrarse ocupando, por encargo, la dirección de la Aldea Infantil ""San Antonio""; Que posteriormente la encargatura se convirtió en designación con reserva de plaza, la cual concluyó el quince de marzo de mil novecientos noventa y seis; Que con fecha once de marzo de mil novecientos noventa y seis, la Gerencia Sub Regional IV-Cajamarca, mediante Resolución Gerencial Sub Regional No. 100-96-RENOM CAJ y conforme al Decreto Legislativo No. 276 y su reglamento, le abrió al recurrente proceso disciplinario por hechos y actos administrativos presuntamente irregulares durante su gestión de Director de la Aldea Infantil indicada, dando lugar a que posteriormente se le impusiera la medida disciplinaria de destitución mediante la Resolución Gerencial Sub Regional No. 170-96-RENOM-CAJ del veintinueve de abril de mil novecientos noventa y seis; Que sin embargo, al darse por concluí da su designación como Director de la Aldea en mención mediante Resolución Gerencial Sub Regional No. 114-96-RENOM-CAJ del quince de marzo de mil novecientos noventa y seis, se dispuso el retomo del accionante a su plaza de carrera en el Centro Educativo No. 82012; Que al apersonarse a las dependencias del Sector Educación para manifestar que estaba tramitando su derecho de defensa ante las instancias administrativas correspondientes, los demandados le indicaron que al haberse expedido la Resolución Gerencial Sub Regional que disponía su destitución se debía cumplir con la misma por orden del Gerente de la Sub Región lV-Cajamarca, Manuel Keil Rojas, y, que tal medida, comprendía su accionar como Docente del Centro Educativo al que pertenecía; Que resulta ilegal que con la sanción de destitución impuesta por su gestión dentro del ámbito de la Administración Pública se le pretenda destituir del Magisterio ya que su régimen laboral en su plaza de carrera se fundamenta en la Ley del Profesorado No. 24029 y no en el Decreto Legislativo No. 276 y su Reglamento por lo que la medida de la que fue objeto no puede ser extensiva a su puesto de Docente; Que por último, al haberse dispuesto mediante el Oficio No. 18 46-96-DISRE-IV-OOAD/JEAP-P del tres de julio de mil novecientos noventa y seis, suscrito por los demandados, la reasignación de la Docente Doris Josefina Quiróz Villanueva para que ocupe el puesto del demandante por encontrarse este vacante, ha perdido su puesto de trabajo por un acto administrativo totalmente irregular y que ha impedído que pueda ejercer sus labores desde el cuatro de julio de mil novecientos noventa y seis, situación por la que solicita el cese de la violación a su derecho y se disponga la reposición en su puesto de trabajo. Finalmente y al amparo del artículo 31 de la Ley No. 23506 solicita la medida cautelar de suspensión del acto reclamado. Admitida la acción a tramite por el Tercer Juzgado Especializado en lo Civil de Cajamarca, se dispone su traslado a los emplazados, siendo contestada en principio por Cesar Barrantes Goicochea quien la niega y contradice principalmente por considerar: Que la Resolución Gerencial Sub Regional No. 170-96 que sanciona al demandante con medida disciplinaria de destitución se fundamenta en lo que dispone el artículo 159 del Reglamento de la Carrera Administrativa (Decreto Supremo No. 005-90-PCM) que dispone que ""La destitución se aplica, previo proceso administrativo disciplinario. El servidor destituido queda inhabilitado para desempeñarse en la Administración Pública bajo cualquier forma o modalidad en un período no menor de tres ... años""; Que en el presente caso, el accionante queda inhabilitado, considerando los hechos irregulares consistentes en castigos fisicos, amedrentamiento y amenaza a los menores de la citada aldea, entre otros por los que ha sido sancionado, y que se encuentran relacionados estrechamente a las funciones docentes; Que conforme a lo establecido en los artículos 92 y 104 del Texto Unico Ordenado de la Ley de Normas Generales y Procedimientos Administrativos, aprobado por Decreto Supremo No. 02-94-JUS, las resoluciones administrativas son de ejecución inmediata y obligatoria, y la interposición de cualquier recurso no suspende la ejecución del acto impugnado, salvo que la autoridad competente lo disponga, si existiesen razones atendibles para ello; Que la presente acción es improcedente, por cuanto la vía administrativa no ha sido agotada. Posteriormente también es contestada la demanda por Manuel Roncal Torres, quien la contradice por estimar: Que el demandante acciona contra la Resolución Gerencial Sub Regional No. l70-96-RENOM-CAJ por la que se le sanciona con medida de destitución; Que sin embargo, el artículo 2 de la citada Resolución: ""Remitir copia ... a la Dirección Sub Regional de Educación para su materialización, dando cuenta a esta Gerencia""; Que la Dirección Sub Regional de Educación y el demandado como Director de la misma remitieron el Expediente Administrativo del demandante al Administrador de la Dirección Sub Regional de Educación, el co-demandado Cesar Barrantes con el objeto de dar cumplimiento a lo ordenado; Que la Dirección Sub Regional de Educación depende administrativamente de la Gerencia Sub Regional de Desarrollo de Cajamarca, siendo sus disposiciones de cumplimiento obligatorio; y; Que la acción es improcedente por no haberse agotado la vía previa. De fojas cincuenta y seis a cincuenta y ocho y con fecha nueve de agosto de mil novecientos noventa y seis, el Juzgado expide resolución declarando improcedente la acción fundamentalmente por considerar: Que el accionante ha iniciado la vía adnúnistrativa, interponiendo contra la resolución cuestionada recurso impugnatorio de apelación, recurso que al parecer aún no se resuelve; y; Que de la fecha de interposición del citado recurso, esto es, el veintiuno de mayo de mil novecientos noventa y seis, a la fecha de interposición de la demanda, esto es, el cinco de julio de mil novecientos noventa y seis, no han transcurrido aún los tres meses que señala la Ley para considerar el silencio administrativo, por lo que el recurrente debe agotar la vía adaministrativa. Interpuesto recurso de apelación por el demandante, los autos son remitidos a la Fiscalía Superior de Cajamarca para efectos de la vista correspondiente, siendo devueltos estos, con dictamen que se pronuncia por que se confirme la recurrida Con fecha veinticinco de setiembre de mil novecientos noventa y seis (fojas 104 a ciento seis), la Segunda Sala Mixta, previamente, expide resolución revocando el auto del nueve de agosto de mil novecientos noventa y seis y declarando procedente la medida cautelar solicitada por el demandante, motivo por el que dispuso la suspensión del acto que dio origen al reclamo y la correlativa restitución del demandante en su puesto de trabajo. Posteriormente sin embargo, la misma Segunda Sala Mixta de la Corte Superior de Cajamarca a fojas ciento doce y con fecha cuatro de noviembre de mil novecientos noventa y seis, confirma la resolución recurrida que declara improcente ;Ia acción principalmente por estimar: Que el actor ha interpuesto recurso de apelación en la vía administrativa, contra la resolución que viola su derecho, el núsmo que aún no se ha resuelto, por lo que no se ha agotado la vía previa. Contra esta resolución el demandante interpone recurso de nulidad por lo que de conformidad con el artículo 41 de la Ley No. 26435 y entendiendo dicho recurso como ""Extraordinario"" se dispuso el envío de los autos al Tribunal Constitucional.",7863,7784,False,False
00731-1996-AA,1997,sentencia,data\sentencia-Extract\1997\sentencia-pdf-1997.csv,"Don Eduardo Salcedo Peñarrieta interpone Acción de Amparo contra el Ministerio de Relaciones
Extetiores, por violación de sus derechos constitucionales fundamentales de respeto y protección como persona
humana, igualdad ante la ley, al honor y buenas costumbres, a la libertad personal al trabajo y","Don Eduardo Salcedo Peñarrieta interpone Acción de Amparo contra el Ministerio de Relaciones Extetiores, por violación de sus derechos constitucionales fundamentales de respeto y protección como persona humana, igualdad ante la ley, al honor y buenas costumbres, a la libertad personal al trabajo y estabilidad laboral () y al ~ebido proceso al haberse expedido la Resolución Suprema N° 453/RE-92 de veintinueve de diciembre de mil n\lyecientos noventidós que lo cesa por aplicación del Decreto Ley N° 25889. ~. Sostiene el accionante que, al haber expedido el Ministerio de Relaciones Exteriores la precitada Res,o),ución Suprema, esta se ha efectuado sin someterlo a un proceso previo despojándosele de su cargo de :Ministro en el Servicio Diplomático en situación de actividad, por apreciaciones subjetivas e inmotivadas. Alega que interpuso recurso de reconsideración con fecha veinte de enero de mil novecientos noventitrés, el cual a la fecha de interposición de la presente acción de Amparo no ha sido resuelto. Con fecha veintiocho de diciembre de mil novecientos noventicuatro, plantea recurso de petición de conformidad con el numeral díecinueve del artículo 2° de la Constitución Política de 1993, con al finalidad de obtener contestación, sin haber sido resuelto a la fecha de interponer la presente acción. Admitida la demanda, ésta es contestada por el Procurador Público a cargo de los asuntos judiciales del Ministerio de Relaciones Exteriores quien deduce la caducidad de la acción por haber sido interpuesta fuera del plazo de producida la afectación del derecho solicitando se declare improcedente la misma, ya que: a) la reorganización del Estado se viene implementado a tra,:,és de Ley del Presupuesto de los años 1990 y 1991 dentro de los cuales se encuentra inmerso el Ministerio de Relaciones Exteriores, b) la Resolución Suprema materia de la acción se encuentra enmarcada dentro de lo dispuesto en los Decretos Leyes Nros. 25418, 25889 y 26n2: Con fecha diez de julio ""de mil novecientos noventicinco, el Juez del Primer Juzgado Especializado en lo Civil de Lima expide resolució~ declarando improcedente la demanda. Interpuesto el recurso de apelación, con fecha trece de julio de mil novecientos noventicinco , la Quinta Sala Civil de la Corte Superior de Justicia de Lima, expide resolución en discordia, confinnando la apelada,ladedaró improcedente. Interpuesto el recurso extraordinario, los autos son elevados al Tribunal Constitucional.",2494,2469,False,False
00324-1997-AA,1997,sentencia,data\sentencia-Extract\1997\sentencia-pdf-1997.csv,,,0,0,True,False
00343-1997-HC,1997,sentencia,data\sentencia-Extract\1997\sentencia-pdf-1997.csv,,,0,0,True,False
00617-1997-AA,1997,sentencia,data\sentencia-Extract\1997\sentencia-pdf-1997.csv,,,0,0,True,False
00332-1997-AA,1997,sentencia,data\sentencia-Extract\1997\sentencia-pdf-1997.csv,,,0,0,True,False
01068-1996-HC,1997,sentencia,data\sentencia-Extract\1997\sentencia-pdf-1997.csv,,,0,0,True,False
00210-1996-AA,1997,sentencia,data\sentencia-Extract\1997\sentencia-pdf-1997.csv,,,0,0,True,False
01072-1996-AA,1997,sentencia,data\sentencia-Extract\1997\sentencia-pdf-1997.csv,,,0,0,True,False
00331-1996-AA,1997,sentencia,data\sentencia-Extract\1997\sentencia-pdf-1997.csv,,,0,0,True,False
00097-1997-AA,1997,sentencia,data\sentencia-Extract\1997\sentencia-pdf-1997.csv,,,0,0,True,False
00002-1997-CC,1997,sentencia,data\sentencia-Extract\1997\sentencia-pdf-1997.csv,"La Municipalidad Distrital de Paucarpata, del Departamento de Arequipa
interpone demanda de conflicto de competencia contra la Comisión de Acceso al
Mercado del Instituto Nacional de Defensa de la Competencia y de la Protección de
la Propiedad Intelectual (INDECOPI).
Sostiene la entidad actora q","La Municipalidad Distrital de Paucarpata, del Departamento de Arequipa interpone demanda de conflicto de competencia contra la Comisión de Acceso al Mercado del Instituto Nacional de Defensa de la Competencia y de la Protección de la Propiedad Intelectual (INDECOPI). Sostiene la entidad actora que la entidad demandadpretende enervar la validez jurídica de ordenanzas expedidas por la entidad actora referidas a la fijación de tasas por licencia de construcciones, al haber amparado dos medidas cautelares a favor de la empresa Telefónica del Perú S.A., mediante las cuales se otorgó licencias de construcción definitivas y ordenó la suspensión del pago de tasas. Admitida la demanda, ésta es contestada por la Comisión de Acceso al Mercado del Instituto Nacional de Defensa de la Competencia y de la Protección de la Propiedad Intelectual, quien la niega y contradice en todos sus extremos, () \\J / sosteniendo básicamente que: a) el supuesto conflicto de competencias o atribuciones constitucionales no es tal, pues para que ello se genere deben verse involucrados cuando menos un órgano constitucional, b) la materia o atribución en conflicto debe derivarse directamente de la Constitución, cuestión que no sucede en el caso de autos. Realizada la vista de la causa en audiencia pública celebrada el cuatro de setiembre de mil novecientos noventa y siete: FUNDAMENTOS: 1. Que, según se desprende del petitorio de la demanda, el objeto de ésta es que este Colegiado dirima si la Comisión de Acceso al Mercado del Instituto Nacional de Defensa de la Competencia y de la Protección de la Propiedad Intelectual (INDECOPI), se encuentra facultada para ""enervar la validez de Ordenanzas expedidas"" por la Municipalidad Distrital de Paucarpata, del Departamento de Arequipa. 2. Que, siendo ello aSÍ, y de conformidad con el artículo 50° de la Ley 26435°, Orgánica del Tribunal Constitucional, la demanda debe desestimarse, ya que: a) de conformidad con el inciso 3 ° del artículo 202 ° de la Constitución y el artículo 46° de la Ley 26435°, Orgánica del Tribunal Constitucional, este Colegiado conoce de los conflictos sobre competencias o atribuciones asignadas directamente por la Constitución o las leyes orgánicas que delimiten los ámbitos propios de los poderes del Estado, los órganos constitucionales, los gobiernos regionales o municipales. b) de conformidad con el artículo 4r de la referida Ley 26435°, el conflicto de competencias se produce cuando alguno de los poderes del Estado o entidades estatales a las que se ha hecho referencia, adopta decisiones o rehuye deliberadamente actuaciones, afectando competencias o atribuciones que la Constitución y las leyes orgánicas confieren a otro. c) en el caso de autos, si bien la entidad accionante goza de legitimidad activa, no sucede lo mismo con la entidad demandada, pues la Comisión de Acceso al Mercado del Instituto Nacional de Defensa de la Competencia y de la Protección de la Propiedad Intelectual (INDECOPI), no constituye un órgano constitucional, cuyas competencias hayan sido asignadas directamente por la Constitución o a través de leyes de desarrollo constitucional, según se está a lo dispuesto por el artículo 106 ° Y la Octava Disposición Final y Transitoria de la Constitución Política del Estado, ni tampoco tiene la naturaleza de un órgano constitucionalmente relevante, sino más bien constituye un órgano administrativo del Instituto Nacional de Defensa de la Competencia y de la Protección de la Propiedad Intelectual, éste último dependiente del Ministerio de Industria, Turismo, Integración y Negociaciones Comerciales Internacionales. 3. Que, siendo ello aSÍ, la demanda debe declararse improcedente, dejándose a salvo el derecho de la entidad actora para que lo haga valer conforme a Derecho. Por estos fundamentos, el Tribunal Constitucional, en ejercicio de las atribuciones que la Constitución y su Ley Orgánica le confieren:",3971,3913,False,False
00205-1995-AA,1997,sentencia,data\sentencia-Extract\1997\sentencia-pdf-1997.csv,,,0,0,True,False
00511-1996-AA,1997,sentencia,data\sentencia-Extract\1997\sentencia-pdf-1997.csv,"Doña Emilia Sánchez Rodas y otros interponen Acción de Amparo contra el Consejo Transitorio de
Administración Regional de la Región Nor Oriental del Marañon, por violación de sus derechos
constitucionales fundamentales, al haber sido despedidos arbitrariamente y al debido proceso al haberse
exped","Doña Emilia Sánchez Rodas y otros interponen Acción de Amparo contra el Consejo Transitorio de Administración Regional de la Región Nor Oriental del Marañon, por violación de sus derechos constitucionales fundamentales, al haber sido despedidos arbitrariamente y al debido proceso al haberse expedido la Resolución de Alcaldía N° I de veinticuatro de marzo de mil novecientos noventiclllco que declara No Ha Lugar lo solicitado por los recurrentes que resuelve el reclamo contra la Resolución Ejecutiva Regional N° 144-93-RENOM de fecha veinte de mayo de mil novecientos novenl1trés. mediante la cual los cesa por aplicación del Decreto Ley N° 26109 por causal de Reestructuración Orgáruca y Reorganización Administrativa, solicitando su reincorporación en sus labores habituales en los Centros Educativos en que fueron nombrados y el pago de sus remuneraciones con sus respectivos intereses, hasta su total reincorporación~ como el pago de las costas y la indemnización por daños y peIjuicios. Sostienen los accionantes que. al haberse expedido el Decreto Ley N° 26109 se declara en proceso de Reorganización y Reestructuración Administrativa los CJobiemos Regionales. ampliado con Resolución Ministerial N° 033-93-PRES de cuatro de marzo de mil novecientos noventitrés, se dispone en su artículo 1° "" El proceso de evaluación y selección del personal deberá iniciarse luego de la aprobación del Cuadro de Asignación del Personal (CAP)""."", sin que se haya expedido Resolución alguna aprobando el CAP de ningún centro educativo. para lo cual el Gobierno Regional emitió la Resolución Ejecutiva Regional N° 010- 93-RENOM, por la cual se designa la Comisión que se encargó de elaborar las bases. las cuales fueron aprobadas por Resolución Ejecutiva Regional W 030-93-RENOM. de fecha doce de febrero de nul novecientos noventitrés, siendo posteriormente modificadas con Resolución Ejecutiva Regional N° 088-93- RENOM de fecha veinte y seis de marzo de mil novecientos noventitrés. a escasos dias de la evaluación y sin darles a conocer el cambio de las bases, siendo injustamente cesados por Resolución Ejecutiva Regional N° 144-93-RENOM. a partir del primero de junio de mil novecientos noventitrés . Alegan además que la Resolución Ejecutiva Regional N° 144-93-RENOM nunca les fue notificada, a pesar que solicitaron copia de la misma ante el Gobierno Regional y Región de Educación. efectuando sus trámites siempre en la vía administrativa y que no se les ha efectuado pago alguno ni por indemnización o años de servicios. derecho por vacaciones, etc. Asimismo. indican los demandantes que inicialmente no fueron comprendidos en los exámenes por haber sido nombrados antes de la promulgación del Decreto Legislativo N° 276 Y por ende no considerados en la relación de aptos para ingTesar a rendir la prueba escrita. Admitida la demanda, ésta es contestada por el apoderado del Consejo Transitorio de Administración Regional de la Región Nor Oriental del Marañon, quien acredita su representación con copia fedatada de la Resolución Ejecutiva Regional N° 270-94-RENOM de seis de junio de mil novecientos noventicuatro quien solicita se declare infundada la misma: a) por haber caducado el plazo para promover esta acción de garantía constitucional, b) la evaluación del personal demandante se realizó en estricto cumplimiento de las nonnas legales vígentes, c) que los demandantes actuando consabida mente presentan un escrito con fecha dieciséis de marzo de mil novecientos noventicinco, bajo el Registro N° 4598, el cual fue recepcionado el diecisiete de marzo de mil novecientos noventicinco, en donde solicitan ser atendidos con su reposición en sus labores habituales d) los actores en su escrito demanda ex-presan haber sido cesados injustamente según Resolución Ejecutiva Regional N° 144-93RENOM a partir del primero de junio de mil novecientos noventitrés, con lo cual se establece que la acción ha caducado desde los actos violatorios hasta la interposición de la presente acción de garantía. Con fecha veintiocho de junio de mil novecientos noventlCLnCO, el Juez del Segundo Juzgado Especializado en lo Civíl de Chiclayo expide resolución, declarando improcedente la demanda. Interpuesto el recurso de apelación, con fecha cinco de julio de mil novecientos noventicinco . la Sala Civil, Agraria y Laboral de la Corte Superior de Justicia de Lambayeque, expide resolución confirmando la apelada. declarándola improcedente. Interpuesto el recurso extraordinario. los autos son elevados al Tribunal Constitucional.",4566,4520,False,False
00402-1997-AA,1997,sentencia,data\sentencia-Extract\1997\sentencia-pdf-1997.csv,,,0,0,True,False
00403-1997-AA,1997,sentencia,data\sentencia-Extract\1997\sentencia-pdf-1997.csv,,,0,0,True,False
00252-1995-AA,1997,sentencia,data\sentencia-Extract\1997\sentencia-pdf-1997.csv,,,0,0,True,False
00237-1997-AA,1997,sentencia,data\sentencia-Extract\1997\sentencia-pdf-1997.csv,,,0,0,True,False
00244-1993-AA,1997,sentencia,data\sentencia-Extract\1997\sentencia-pdf-1997.csv,,,0,0,True,False
00246-1997-HC,1997,sentencia,data\sentencia-Extract\1997\sentencia-pdf-1997.csv,,,0,0,True,False
00145-1997-AC,1997,sentencia,data\sentencia-Extract\1997\sentencia-pdf-1997.csv,"Walter Arturo Sagástegui Roncal interpone Acción de Cumplimiento contra el Presidente del
Consejo Transitorio de Administración Regional de la Región La Libertad y contra el Director Regional de
Pesquería de La Libertad, por que en estricta aplicación de la última parte de la sentencia que sobre A","Walter Arturo Sagástegui Roncal interpone Acción de Cumplimiento contra el Presidente del Consejo Transitorio de Administración Regional de la Región La Libertad y contra el Director Regional de Pesquería de La Libertad, por que en estricta aplicación de la última parte de la sentencia que sobre Acción de Amparo, contenida en la Resolución número diecisiete, su fecha doce de agosto de mil novecientos noventiséis, expedida por la Segunda Sala Civil de la Corte Superior de Justicia de La Libertad, se le pague todas y cada una de sus remuneraciones dejadas de percibir desde su cese indebido producido en noviembre de mil novecientos noventicinco a setiembre de mil novecientos noventiséis, sus bonificaciones y demás beneficios dejados de percibir que ascienden a la suma de cinco mil doscientos noventicinco y cincuentiséis nuevos soles y el pago de los intereses legales dejados de percibir desde su cese. Sostiene el accionante que, por sentencia de vista así como por el oficio emitido por el Juez del Cuarto Juzgado Especializado en lo Civil, de fecha dos de octubre de mil novecientos noventiséis el señor Director de Administración Juan Carlos Cárdenas Alegría, mediante Memorándum Nº 002-96-R-LL- CT AR/DIREPE de fecha tres de octubre de mil novecientos noventiséis, se le comunica su reposición en el cargo de Abogado IV de la DIREPE, sin ordenar el pago de sus remuneraciones devengadas dejadas de percibir. Alega además que presentó reclamo en la vía administrativa sobre el pago de estos beneficios, el cual fue ilegal y arbitrariamente denegado con el Memorándum Nº 005-96-R-LL-CT AR/DIREPE-LL de doce de novíembre de mil novecientos noventiséis. Con fecha veinte de noviembre de mil novecientos noventiséis, el Juez del Primer Juzgado Especializado en lo Laboral de Trujillo expide auto, declarando improcedente la demanda, en virtud que la competencia para dichas acciones de garantías está reservada a los Jueces Especializados en lo Civíl del lugar donde se afectó el derecho o donde se cierne la amenaza y que resulta imposible adaptar la demanda por resultar esta una vía impertinente para que en ejecución de sentencia de una Acción de Amparo por no constituir la misma mérito ejecutivo por que de la misma se desprende que debe accionarse en la vía correspondiente. Interpuesto el recurso de apelación, con fecha veintisiete de novíembre de mil novecientos noventiséis , la Sala Laboral de la Corte Superior de Justicia de La Libertad, expide resolución de fecha dieciocho de diciembre de mil novecientos noventiséis, confirmando el auto de fecha veinte de novíembre de mil novecientos noventiséis, que declara improcedente la Acción de Cumplimiento. Interpuesto el recurso extraordinario, los autos son elevados al Tribunal Constitucional.",2793,2765,False,False
00134-1997-AA,1997,sentencia,data\sentencia-Extract\1997\sentencia-pdf-1997.csv,,,0,0,True,False
00136-1997-AA,1997,sentencia,data\sentencia-Extract\1997\sentencia-pdf-1997.csv,,,0,0,True,False
00159-1996-AA,1997,sentencia,data\sentencia-Extract\1997\sentencia-pdf-1997.csv,,,0,0,True,False
00780-1996-AA,1997,sentencia,data\sentencia-Extract\1997\sentencia-pdf-1997.csv,"Duilio Cuneo y Cía. S.c.R. Ltda., debidamente representada por su apoderado don Pauto Antonio
Cuneo Alvarez interpone Acción de Amparo contra la Superintendencia Nacional de Administración
Tributaria - Oficina Regional Tacna, por violación de sus derechos constitucionales a la inmutabilidad
contr","Duilio Cuneo y Cía. S.c.R. Ltda., debidamente representada por su apoderado don Pauto Antonio Cuneo Alvarez interpone Acción de Amparo contra la Superintendencia Nacional de Administración Tributaria - Oficina Regional Tacna, por violación de sus derechos constitucionales a la inmutabilidad contractual, a que se preserven las fuentes de trabajo, el derecho de igualdad, el de propiedad y el principio de no confiscatoriedad del impuesto y se abstenga la demandada de girar liquidaciones, ordenes de pago y resoluciones de determinación o cualquier acto administrativo referido al impuesto de promoción municipal adicional establecido por el Decreto Legislativo N° 796; de exigir las declaraciones juradas y el pago del impuesto de promoción municipal adicional; de iniciar procedimientos coactivos o similares vinculados, relacionados, conexos o derivados del precitado impuesto. Sostiene la entidad accionada que, con fecha veintitrés de octubre de mil novecientos ochentinueve, suscribió con el Estado un convenio de estabilidad tributaria por virtud del cual este último se comprometía a garantizar el goce de beneficios tributarios de la accionante, relativos a la exoneración de todo tipo de impuesto creado o por crearse, inclusive de aquellos que requieran norma exoneratoria expresa, con excepción de los relativos a derechos de importación, contribuciones al Instituto Peruano de Seguridad Social, tributos municipales y contribuciones y tasas que requieran de normas exonerativas expresas o que sean administradas por los concejos municipales, provinciales o distritales. Alegan que dicho convenio de estabilidad tributaria que la accionante suscribió se realizó por tener la calidad de empresa ubicada en zona de frontera, y al amparo del artículo 1310 de la Ley General de Industrias, cuyo artículo 1310 autorizaba al Estado a celebrar este tipo de convenios. Refieren que tal convenio contractual fue aprobado por Decreto Supremo N° 021-90-ICTI-IND, de fecha veintiuno junio de mil novecientos noventa. No obstante ello, el Supremo Gobierno, con fecha treinta y uno de diciembre de mil novecientos noventicinco, promulgó el Decreto Legislativo N° 796, en el que se precisaba que, a partir del primero de enero de mil novecientos noventiséis, seria de aplicación el Impuesto de Promoción Municipal Adicional a las empresas que tengan vigentes convenios de goce de beneficios tributarios al amparo de la Ley N° 23407 Y se encuentren exonerados del Impuesto Selectivo al Consumo. Admitida la demanda, ésta es contestada por el representante de la Superintendencia Nacional de Administración Tributaria - Oficina Regional Tacna, solicitando se declare improcedente la misma, ya que: a) la accionante no ha acreditado cuáles son los derechos constitucionales que se han visto violados, y b) la Acción de Amparo no procede contra normas legales, pues la pretensión de la accionante, en el fondo, es que no se le aplique una norma con rango de Ley que considera inconstitucional, siendo el proceso válido donde poder obtener una declaración de esa naturaleza, la Acción de Inconstitucionalidad. Sin peljuicio de ello, consideran que en todo caso, ésta deberia declararse infundada, pues si, de un lado, sosteniendo que la ley le estaria violando sus derechos constitucionales en materia tributaria, su pretensión sin embargo busca que se le exonere del pago de tributos a través de la vía judicial, atentando contra el principio de legalidad recogido en el artículo 74° de la Constitución y en el artículo VI del Título Preliminar del Código Tributario. Refiere que el impuesto de promoción municipal adicional detenta la calidad de tributo municipal, al haber sido creado por ley en favor de las municipalidades de la zona, y en tanto tal, este no se encontraría comprendido dentro de lo dispuesto por el artículo 131 ° de la Ley General de Industrias, pues allí se prevé que la exoneración no alcanza al caso de los tributos municipales, entre otros. Del mismo modo, el Procurador a cargo de [os AsuntosJudiciales del Ministerio de Economía y Finanzas contesta [a demanda, solicitando se declare improcedente, pues: a) la entidad accionante no agotó las vías previas, al no haber presentado su reclamo ante la SUNAT; b) el gravámen a la entidad accionada con el '3 impuesto impugnado, no se encuentra dentro de los alcances del convenio de estabilidad tributaria, pues este constituye un impuesto municipal; c) la entidad accionada pretende que se le exonere del pago del impuesto, obteniendo un privilegio en relación con las empresas que operan en las zonas de frontera, quienes si estarían obligados a su pago, y, d) la vía pertinente para alegar la inconstitucionalidad del impuesto, que es en el fondo la pretensión, no es la que corresponde a la Acción de Amparo, sino a la Acción de Inconstitucionalidad. Con fecha seis de mayo de mil novecientos noventiséis e integrada con resolución de fecha dieciséis de mayo de mil novecientos noventiséis , el Juez del Primer Juzgado Especializado en lo Civil de Tacna expide resolución, declarando improcedente la demanda. Interpuesto el recurso de apelación, con fecha veintinueve de mayo de mil novecientos noventiséis , la Sala Civil de la Corte Superior de Justicia de Tacna y Moquegua, expide resolución, confirmando la apelada, la declaró improcedente. Interpuesto el recurso extraordinario, los autos son elevados al Tribunal Constitucional.",5460,5405,False,False
00785-1996-AA,1997,sentencia,data\sentencia-Extract\1997\sentencia-pdf-1997.csv,,,0,0,True,False
00205-1996-AA,1997,sentencia,data\sentencia-Extract\1997\sentencia-pdf-1997.csv,,,0,0,True,False
00759-1996-AA,1997,sentencia,data\sentencia-Extract\1997\sentencia-pdf-1997.csv,,,0,0,True,False
00297-1996-AA,1997,sentencia,data\sentencia-Extract\1997\sentencia-pdf-1997.csv,"Los señores: Juan José y Valentín Paniagua Corazao interponen Acción de
Amparo contra la Municipalidad Distrital de La Molina, por violación de sus
derechos constitucionales a la legalidad, igualdad tributaria, propiedad y defensa.
Sostienen los actores que a través del Edicto Municipal N° 001-94","Los señores: Juan José y Valentín Paniagua Corazao interponen Acción de Amparo contra la Municipalidad Distrital de La Molina, por violación de sus derechos constitucionales a la legalidad, igualdad tributaria, propiedad y defensa. Sostienen los actores que a través del Edicto Municipal N° 001-94 expedido por la Municipalidad Distrital de La Molina se ha dispuesto pagar, a los propietarios de inmuebles ubicados en la jurisdicción del Distrito de La Molina, y por concepto de contribución . especial, el equivalente a un dólar americano por metro cuadrado. Refieren que dicha contribución ha sido impuesta a todos los propietarios de inmuebles del Distrito de La Molina con el objeto de realizar obras de ampliación de agua potable, no obstante que los beneficios específicos no se determinan así como tampoco no guardan relación con la extensión del predio de cada persona. - '2 , , , • Alegan que la expedición del Edicto Municipal cuestionado transgrede el artículo 94 ° de la Ley Orgánica de Municipalidades, al no haber sido ratificado por el Consejo Provincial de Lima, así como el artículo 63° del decreto legislativo 776°, que exige que la contribución especial por obras públicas deba detenninarse teniendo en consideración el mayor valor de que adquiera la propiedad beneficiada por efecto de la obra municipal. Admitida la demanda, y no habiéndose contestado la misma, con fecha nueve de octubre de mil novecientos noventa y cinco, el Juez del Segundo Juzgado Especializado en lo Civil de Lima, expide resolución declarando improcedente la demanda. Interpuesto el recurso de apelación, con fecha diez de abril de mil novecientos noventa y seis, la Tercera Sala Civil de la Corte Superior de Justicia de Lima revoca la apelada, y reformándola, la declara caduca, ya que se habría interpuesto la demanda fuera del plazo previsto en el artículo 37° de la ley 23506. Interpuesto el recurso extraordinario, los autos son elevados al Tribunal Constitucional. FUN1)AMlI:NTOS 1. Que, confonne se desprende del petitorio de la demanda, el objeto de ésta es que se declare inaplicable para los actores el Edicto Municipal N° 001-94 expedido por la Municipalidad Distrital de La Molina, y en consecuencia se declare que no se encuentran obligados al pago de la contribución especial para la ejecución de obras de mejoramiento del sistema de agua potable de La Molina; así como que se deje sin efecto las acotaciones y recibos de cobro girados por la entidad demandada. 2. Que, siendo ello así, y con el objeto de que este Colegiado pueda entrar a dilucidar las cuestiones de fondo que el recurso extraordinario entraña, de manera previa se toma necesario evaluar si, confor Ine se ha sostenido en la resolución venida en alzada, el plazo de caducidad al que se refiere el artículo 3 r de la ley 23506°, debe computarse desde que se publicó en el Diario Oficial ""El Peruano"" el Edicto Municipal N° 001-94, o, en su defecto, desde que se produjo su ratificación por la Municipalidad de Lima Metropolitana. 3. Que, en ese sentido, y como en numerosas oportunidades este Supremo Intérprete de la Constitución ha tenido Op01 tunidad ya de referirse, el cómputo del plazo de caducidad al que se alude en el artículo 37° de la ley 23506°, no puede realizarse desde que se produjo su publicación en el Diario Oficial ""El Peruano"", ni, en el caso de los Edictos Municipales, desde que se produjo su ratificación por la Municipalidad de Lima Metropolitana, ya que en nuestro ordenamiento jurídico, el proceso constitucional de Amparo no prospera para impugnar, en abstracto, una norma jurídica. 4. Que, consecuentemente, el cómputo del plazo de caducidad ha de realizarse, válidamente, desde el momento en que la autoridad administrativa de carácter municipal, al amparo de la norma cuya constitucionalidad ha sido cuestionada, • • , , . 1 • , ejecutó el acto que se considera lesivo a los derechos constitucionales incoados, por lo que estando a la fecha de emisión del documento obrante a fojas cincuenta y seis, y el sello de recepción del escrito que contiene la demanda, este Colegiado estima que se encuentra en la posibilidad de poder entrar a resolver sobre el fondo de la controversia constitucional suscitada. 5. Que, en ese sentido, este Colegiado estima que si bien el Edicto 'M'unicipal N° 001-94 expedido por la Municipalidad Distrital de La Molinafue ratificado por la Municipalidad de Lima Metropolitana, a través del Acuerdo de Concejo N° 058- fecha dieciséis de marzo de mil novecientos noventa y cinco, y en 95, de consecuencia, se cumplió con la exigencia legal dispuesta por el segundo párrafo del artículo de la Ley Orgánica de Municipalidades, sin embargo, al 94° 23853°, determinarse in génere el pago de un dólar por cada metro cuadrado de cada inmueble, según se está a lo dispuesto por el artículo segundo y quinto del referido Edicto Municipal, y a lo previsto en la cláusula segunda del Convenio de Cobranza suscrito entre SEDAPAL y la Municipalidad Distrital de La Molina, obrante a fojas treinta y ocho, ésta última incumplió con la exigencia prevista en el artículo del Decreto Legislativo Ley Tributación Municipal, que 63° 776°, de consiste en el cálculo del monto que se deberá pagar en directa relación con el mayor bien que adquiera la propiedad beneficiada por efecto de la obra programada. , 6. Que, dentro de tal orden de consideraciones, la regla establecida por el artículo quinto del Edicto Municipal N° 001-94, según el cual el importe de la contribución especial por cada predio ubicado en el ¡r:>jstrito de La Molina ascenderá a la suma de un dólar americano, resulta una decisión decididamente desproporcionada adoptada por la entidad accionante, ya que no meritúa, en relación de causa a efecto, la realización de la obra programada con el incremento del valor del predio, esto es, sin ninguna base objetiva y razonable. 7. Que, de otro lado, la entidad demandada tampoco ha cumplido con lo dispuesto por el artículo del decreto legislativo que exige la comunicación, a los 65° 776°, beneficiarios con las obras públicas programadas, del monto aproximado al que ascenderá la contribución especial, comunicación que necesariamente debería de haber sido puesta en conocimiento antes que suscriba el contrato y ejecute se se la obra, según de notarse de la fecha suscripción del Convenio es de concerniente al Proyecto de Mejoramiento de los Sistemas de Agua Potable del pjstrito de La Molina, acontecido el veinticinco de abril de mil novecientos noventa, obrante de fojas treinta y cinco a treinta y siete, en contraste con la notificación N° expedida por la Junta de Determinación de Obras de 2464 Saneamientp La Molina, obrante a fojas cincuenta y cinco, fechada, sin especificar el día, en mayo de mil novecientos noventa y cinco. 8. Que, estando a lo expresado en los fundamentos jurídicos N° Y de la 5, 6 7 presente sentencia, este Colegiado estima que se ha vulnerado el segundo párrafo del artículo de la Constitución, que impone la sujeción estricta de los 74° gobiernos locales, al momento de ejercer su potestad tributaria, al principio de legalidad, que en el de autos no ha respetado. caso se • . ' • , • • , . , , • Por estos fundamentos, El Tribunal Constitucional, en ejercicio de las atribuciones que la Constitución y su Ley Orgánica le facultan, R.evqrondo lp. resolución de la Tercera Sala Civil de la Corte Superior de Justi¡:ia de • • • Lima, de fechn diez de abril de mil novecientos noventa y seis, que reoocando l-a apelada, que declaró improcedente la demanda, la reformó y la declaró caduca; Refonnándola, la declararon fundada; Dispusieron la inaplicación a los -actores del Edicto Municipal expedida por la Municipalidad Distrital de La N ° 001-94 Malina; Ordenn:ron que la entidad demandada se abstenga de cobrar el importe total de la Cont . , n Especial para la Ejecución de Obras de Mejoramiento del Sistema de , . a Potable de La Molina; dispusieron su publicación en el ti-fario qficial ''El jJe1'uanó: y los devolvieron. ., . . • , t' , ss, ACOSTA -. "" NUOENT , . • VAL VERDE .. , ( MARCELO GARCL4. , • • • • • ECM • Lo Que OertifiCO: • • Ola. REL,.TORA ~STITUCIONAL SECRE"" AR'"" TRIBUNAL CO",8345,8165,False,False
00415-1996-AA,1997,sentencia,data\sentencia-Extract\1997\sentencia-pdf-1997.csv,,,0,0,True,False
00062-1997-AA,1997,sentencia,data\sentencia-Extract\1997\sentencia-pdf-1997.csv,,,0,0,True,False
00173-1997-AA,1997,sentencia,data\sentencia-Extract\1997\sentencia-pdf-1997.csv,,,0,0,True,False
00661-1997-HC,1997,sentencia,data\sentencia-Extract\1997\sentencia-pdf-1997.csv,,,0,0,True,False
00135-1997-AA,1997,sentencia,data\sentencia-Extract\1997\sentencia-pdf-1997.csv,,,0,0,True,False
00424-1997-AA,1997,sentencia,data\sentencia-Extract\1997\sentencia-pdf-1997.csv,,,0,0,True,False
00422-1997-AA,1997,sentencia,data\sentencia-Extract\1997\sentencia-pdf-1997.csv,"Segundo Campos Salazar interpone Acción de Amparo contra Miguel Angel Bama Grosso, AJcalde
de la Municipalidad Provincial de Chiclayo. a fin de que quede sin efecto las Resoluciones Municipales Nros.
l 132-96-MPCH y I380-96-MPCH y la Resolución de Alcaldía N° 1409-96-MPCH-A de fecha catorce de
ag","Segundo Campos Salazar interpone Acción de Amparo contra Miguel Angel Bama Grosso, AJcalde de la Municipalidad Provincial de Chiclayo. a fin de que quede sin efecto las Resoluciones Municipales Nros. l 132-96-MPCH y I380-96-MPCH y la Resolución de Alcaldía N° 1409-96-MPCH-A de fecha catorce de agosto de mil novecientos noventiséis, que lo declara excedente como servidor de la Municipalidad Provincial de Chiclayo, solicitando su reingreso a su centro de trahajo, así como el pago de sus remuneraciones dejadas de percibir, bonificaciones y demás derechos. por violación de sus derechos constitucionales fundamentales al haber sido despedido arbitrariamente y al debido proceso, mediante la cual lo cesan por aplicación del Decreto Ley N° 26093 YL ey N° 26553. Sostiene el demandante que, al haberse expedido por parte la precitadas resoluciones se le ha conculcado SU derecho a la Iibenad de trabajo, despido arbitrario y vulnerado su derecho a la igualdad de oportunidades llegado el demandado a presionar a los Jefes inmediatos para rebajar tos puntajes con la finalidad que no alcancen los mismos en el proceso de evaluación. Alega además que se ha transgredido la Ley W 26553 y el Decreto Ley W 26093 al habérsele evaluado dos veces en el presente año, la primera se aprobó mediante la Resolución Municipal W l54~96- lv1J>CWA de diecinueve de febrero de mi¡- novecientos noventiséis y realizada en marzo del mismo año y posteriormente con la Resolución Municipal N° 1132-96-MPCHlA de fecha ocho de julio de mil novecientos noventiseis, la segunda evaluación en el mes de julio, por no existir directivas que aprueben los actos de evaluación de personal, resultando por ende los mismos nulos. Asimismo, indica el demandante que la prueba de selección fue única tanto para el personal técnico y auxiliar, sin tener en cuenta que como servidores municipales pertenecen a distintos grupos ocupacionales, por lo que debió tenerse en cuenta la naturaleza yel carácter del trabajo. Admitida la demanda, ésta es contestada por la apoderado de la Municipalidad Provincial de Chiclayo quien acredita su representación con copia del Testimonio de Revocatoria y Otorgamiento de Poder General y Especial de fecha cuatro de enero de mil novecientos noventiséis quien solicita se declare improcedente la misma, ya que el demandante fue declarado excedente en estricta aplicación de la Ley N° 26553 Y Decreto Ley N° 26093, sin existir lTansgresión de sus derechos constitucionales. Con fecha trece de diciembre de mil novecientos noventiséis, el Juez Provisional del Tercer Juzgado Transitorio Civil de Chiclayo expide resolución, declarando fundada la demanda. Interpuesto el recurso de apelación, con fecha veinte de diciembre de mil novecientos noventiséis , la Primera Sala Especializada en lo Civil de la Corte Superior de Justicia de Lambayeque, expide resolución revocando la apelada, declarilndola infundada la Acción de Amparo. Interpuesto el recurso extraordinario, los autos son elevados al Tribunal Constitucional.",3048,3017,False,False
00464-1996-AA,1997,sentencia,data\sentencia-Extract\1997\sentencia-pdf-1997.csv,"Embotelladora Piura SA., debidamente representada por su apoderado don Francisco Graham
Ayllón, interpone Acción de Amparo contra el Supremo Gobierno, representado por el Ministerio de
Economía y Finanzas, por violación de sus derechos constitucionales a la inmutabilidad contractual, a que
se pre","Embotelladora Piura SA., debidamente representada por su apoderado don Francisco Graham Ayllón, interpone Acción de Amparo contra el Supremo Gobierno, representado por el Ministerio de Economía y Finanzas, por violación de sus derechos constitucionales a la inmutabilidad contractual, a que se preserven las fuentes de trabajo, el derecho de igualdad, el de propiedad y el principio de no confiscatoriedad del impuesto. Sostiene la entidad accionada que, con fecha diez de agosto de mil novecientos noventa, suscribió con el Estado un Convenio de Estabilidad Tributaria por virtud del cual este último se comprometía a garantizar el goce de los beneficios tributarios de la accionante, relativos a la exoneración de todo tipo de impuesto creado o por crearse, inclusive de aquellos que requieran norma exoneratoria expresa, con excepción de los relativos a derechos de importación, contribuciones al Instituto Peruano de Seguridad Social, tributos municipales y contribuciones y tasas que requieran de normas exonerativas expresas o que sean administradas por los concejos municipales, provinciales o distritales. Alegan que dicho convenio de estabilidad tributaria que la accionante suscribió, se realizó por tener la calidad de empresa ubicada en zona de frontera, y al amparo del artículo ]3]0 de la Ley General de Industrias, cuyo artículo ]3]0 autorizaba al Estado a celebrar este tipo de convenios. Refieren que tal convenio contractual fue aprobado por D.S 021-90-ICTI-IND, de fecha veintiuno de junio de mil novecientos noventa. No obstante ello, el Supremo Gobierno, con fecha treinta y uno de diciembre de mil novecientos noventa y cinco, promulgó el Decreto Legislativo 796, en el que se precisaba que, a partir del primero de enero de mil novecientos noventa y seis, seria de aplicación el Impuesto de Promoción ~Municipal Adicional a las empresas que tengan vigentes convenios de goce de beneficios tributarios al amparo de la Ley 23407°, y se encuentren exonerados del Impuesto Selectivo al Consumo. Admitida la demanda, ésta es contestada por la representante de la Superintendencia Nacional de Administración Tributaria, solicitando se declare improcedente la demanda, ya que: a) la accionante no ha acreditado cuáles son los derechos constitucionales que se han visto violados, y b) la Acción de Amparo no procede contra normas legales, pues la pretensión de la accionante, en el fondo, es que no se le aplique una norma con rango de ley que considera inconstitucional, siendo el proceso válido donde poder obtener una declaración de esa naturaleza, la Acción de Inconstitucionalidad. Sin perjuicio de ello, consideran que en todo caso, ésta debería declararse infundada, pues si, de un lado, sosteniendo que la ley le estaría violando sus derechos constitucionales en materia tributaria, su pretensión sin embargo busca que se le exonere del pago de tributos a través de la vía judicial, atentando contra el principio de legalidad recogido en el artículo 74° de la Constitución yen el artículo VI del Título Preliminar del Código Tributario. Refiere que el Impuesto de Promoción Municipal Adicional detenta la calidad de tributo municipal, al haber sido creado por ley en favor de las municipalidades de la zona, y en tanto tal, este no se encontraría comprendido dentro de lo dispuesto por el artículo 131° de la Ley General de Industrias, pues alli se prevé que la exoneración no alcanza al caso de los tributos municipales, entre otros. Del mismo modo, el Procurador a cargo de los asuntos judiciales del Afinisterio de Economía y Finanzas contesta la demanda, solicitando se declare improcedente, pues: a) la entidad accionante no agotó las vías previas, al no haber presentado su reclamo ante la SUNA T. b) el gravamen a la entidad accionada con el impuesto impugnado, no se encuentra dentro de los alcances del convenio de estabilidad tributaria, pues este constituye un impuesto municipal. c) la entidad accionada pretende que se le exonere del pago del impuesto, obteniendo un privilegio en relación con las empresas que operan en las zonas de frontera, quienes sí estarían obligadas a su pago, y, d) la vía pertinente para alegar la inconstitucionalidad del impuesto, que es en el fondo la pretensión, no es la que corresponde a la Acción de Amparo, sino a la Acción de Inconstitucionalidad. Con fecha primero de marzo de mil novecientos noventa y seis, el Juez del Juzgado Especializado en lo Civil de Sullana expide resolución, declarando fundada la demanda. Interpuesto el recurso de apelación, con fecha diecisiete de junio de mil novecientos noventa y seis, la Primera Sala Civil de la Corte Superior de Justicia de Piura y Tumbes, expide resolución, en discordia, revocando la apelada, y reformándola, la declaró improcedente. Interpuesto el recurso extraordinario, los autos son elevados al Tribunal Constitucional.",4900,4849,False,False
00654-1997-AA,1997,sentencia,data\sentencia-Extract\1997\sentencia-pdf-1997.csv,"Aladino Mera Malea interpone Acción de Amparo contra la Comisión de
Regantes del Distrito de Nueva Arica, representadas por Segundo Figueroa Cubas
y Eddie Orrego Morales, por violación de su derecho a trabajar libremente con
sujeción a la ley.
Sostiene el actor que desde el mes de marzo de mil n","Aladino Mera Malea interpone Acción de Amparo contra la Comisión de Regantes del Distrito de Nueva Arica, representadas por Segundo Figueroa Cubas y Eddie Orrego Morales, por violación de su derecho a trabajar libremente con sujeción a la ley. Sostiene el actor que desde el mes de marzo de mil novecientos ochenta y cuatro, ha venido prestando servicios en la Comisión de Regantes del distrito de Nueva Arica, habiendo sido despedido en forma injustificada y arbitraria, con fecha primero de diciembre de mil novecientos noventa y seis. Recuerda que se venía desempeñando en calidad de vigilante de la referida entidad, y que frente a su despido, presentó su denuncia ante la Sub-Dirección de Negociaciones Colectivas e Inspección de la Dirección Regional del Ministerio de Trabajo y Promoción Social. Refiere que no ha agotado la vía previa, pues el despido del que fue objeto, se realizó verbalmente, además de haberse materializado (sic). Admitida la demanda, ésta es contestada por los representantes legales de la entidad demandada, quienes solicitan se declare improcedente o infundada la demanda, ya que: a) no existió vínculo laboral alguno con el actor. Con fecha cinco de febrero de mil novecientos noventa y siete, la Juez del Juzgado Especializado en lo Civil de Chiclayo declara improcedente la demanda. Interpuesto el recurso de apelación, con fecha treinta de junio de mil novecientos noventa y siete, la Primera Sala Civil de la Corte Superior de Justicia de Lambayeque confirma la apelada. Interpuesto el recurso extraordinario, los autos son elevados al Tribunal Constitucional.",1620,1597,False,False
00592-1996-AA,1997,sentencia,data\sentencia-Extract\1997\sentencia-pdf-1997.csv,,,0,0,True,False
01059-1996-AA,1997,sentencia,data\sentencia-Extract\1997\sentencia-pdf-1997.csv,"Recurso extraordinario contra la resolución de la Sala de Derecho
Constitucional y Social de la Corte Suprema de Justicia de la República, su fecha
nueve de agosto de mil novecientos noventa y seis, que declaró Haber Nulidad en
la de vista, , y reformándola declaró improcedente la Acción de Ampar","Recurso extraordinario contra la resolución de la Sala de Derecho Constitucional y Social de la Corte Suprema de Justicia de la República, su fecha nueve de agosto de mil novecientos noventa y seis, que declaró Haber Nulidad en la de vista, , y reformándola declaró improcedente la Acción de Amparo en los seguidos entre Industrial Papelera Atlas S.A y Rizal S.A. contra la Superintendencia Nacional de Administración Tributaria. ANTECEDENrES Industrial Papelera Atlas S.A. y Rizal S.A., ambas debidamente representadas interponen Acción de Amparo contra la Superintendencia Nacional de Administración Tributaria y contra el Ministerio de Economía y Finanzas por violación de sus derechos constitucionales a la igualdad, justicia, seguridad jurídica, el principio de no confiscatoriedad de los impuestos así como el derecho de propiedad. Sostienen las entidades actoras que las entidades demandadas pretenden cobrarles el impuesto mínimo a la renta, por un monto equivalente al 2% del valor de sus activos netos, no obstante no haber tenido durante los periodos gravables de mil novecientos noventa y dos, mil novecientos noventa y tres y mil novecientos noventa y cuatro, renta alguna, y sí por el contrario, pérdidas en dichos ejercicios.} Refieren que el impuesto mlmmo a la renta no constituye en realidad un impuesto distinto del impuesto a la renta, como podría ser el caso de un impuesto a los activos netos, sino más bien un mecanismo de cobro alternativo del primero de los mencionados, que sólo se aplica a aquellas empresas con utilidades limitadas y a las que sufren pérdidas, caso este último en el que se encuentran las recurrentes. Precisan que en el caso de Industrial Papelera Atlas S.A. la situación de pérdidas alcanzadas es tan notoria, que inclusive a sido declarada insolvente por INDECOPI, mediante resolución N° 002-94-CSA-INDECOPI/ Exp. 83, de fecha veinte de abril de mil novecientos noventa y cuatro, y se encuentra sometida al procedimiento de reestructuración empresarial, acuerdo este último que contó con el voto de la propia Superintendencia Nacional de Administración Tributaria. En el caso de la empresa Rizal S.A. ésta ha perdido todo su capital y tiene actualmente un patrimonio negativo, que le impide cubrir sus obligaciones para con sus acreedores. Admitida la demanda, ésta es contestada por el representante legal de la Superintendencia Nacional de Administración Tributaria, quien solicita se declare improcedente y/ o infundada, según sea el caso, ya que: el plazo para interponer la Acción de Amparo ha caducado, ya que pretende cuestionar diversos actos administrativos de su representada expedidos en el año de mil novecientos noventa y dos, recién en el mes de octubre de mil novecientos noventa y cuatro, sin haberse encontrada impedida de accionar. AsÍmismo,porque las diversas normas legales o con rango de ley que establecieron el impuesto mínimo a la rentlÍ, entraron en vigencia el día posterior a su publicación en el diario qficial El Peruano, esto es, en el mes de enero de los años referidos por las entidades actoras, por lo que entiende, la Acción de Amparo debió haberse interpuesto dentro de los sesenta días siguientes. De otro lado, alega, que lo que en realidad se pretende con este proceso, es cuestionar la constitucionalidad del impuesto mínimo a la renta, siendo que para ello existe un proceso especial, así como que se encuentra prohibido que la Acción de Amparo se dirija contra normas legales. Del mismo modo, señala que dicho impuesto no constituye una violación del principio de no confiscatoriedad, ni tampoco vulnera el derecho de propiedad. Finalmente, alude a que las entidades accionantes no han cumplido con agotar las vías previas, al no haber transitado ante la Administración Tributaria interponiendo algún medio impugnatorio. Del mismo modo, contesta la demanda el Procurador a cargo de los Asuntos Judiciales del Ministerio de Economía y Finanzas, quien solicita se declare improcedente y/ o infundada la demanda, ya que: a) el establecimiento del impuesto mínimo a la renta no ha violado algún derecho constitucional, sino lo que en realidad se persigue obtener es cuestionar la constitucionalidad de las leyes que las crean. b) el impuesto cuestionado no atenta contra el principio de capacidad contributiva ni constituye una exacción ilegítima, c) ha caducado el plazo para interponer la demanda, al no constituir actos continuados, ya que el cierre del ejercicio gravable del hecho imponible se produce cada arlO, y, d} no se ha agotado la vía previa. Con fecha treinta y uno de enero de mil novecientos noventa y cinco, el Juez. del Noveno Juzgado Civil de Lima expide resolución declarando fundada la demanda. Interpuesto el recurso de apelación, con fecha veintiocho de noviembre de mil novecientos noventa y cinco, la Tercera Sala Civil de la Corte Superior de Justicia de Lima expide resolución revocando parcialmente la apelada en lo que Industrial Papelera Atlas S.A. corresponde, y la confirmaron en cuanto declara fundada la demanda a favor de Rizal S.A. Interpuesto el recurso de nulidad, la Sala de Derecho Constitucional y Social de la Corte Suprema de Justicia de la República, expide resolución, con fecha nueve de agosto de mil novecientos noventa y seis declarando Haber Nulidad, y reformando la de vista, la declaró improcedente. Interpuesto el recurso extraordinario, los autos son elevados al Tribunal Constitucional. FUNDAMENI'OS 1. Que, conforme fluye del petitorio de la demanda, el objeto de ésta es que la Superintendencia Nacional de Administración Tributaria se abstenga de aplicarle a las entidades accionantes lo dispuesto por la Cuarta Disposición Final de la Ley 25381°, el capítulo XVI de la ley 25751 ° Y el Capítulo XW del decreto legislativo N° 774°, que prevén, para los ejercicios gravables correspondientes a los años mil novecientos noventa y dos, mil novecientos noventa y tres y mil novecientos noventa y cuatro, el pago del impuesto mínimo a la renta, en el orden del dos por cien de sus activos netos, cuando no estuvieren afectos al pago del impuesto a la renta. 2. Que, siendo ello así, y sin perjuicio de la jurisprudencia de carácter obligatorio que este Colegiado ha dejado sentado desde las causas 646-96-AA/TC y 680- re, 96-AA/ el qu~ una de las entidades demandantes, Industrial Papelera Atlas S.A., pretenda a través de la presente Acción de Amparo, se ordene a la entidad demandada que se abstenga de cobrarle órdenes de pagos, por concepto de impuesto mínimo a la renta, de los ejercicios gravables de mil novecientos noventa y dos, mil novecientos noventa y tres y miZ novecientos noventa y cuatro, obliga a este Colegiado precisar los justos términos conforme a los cuales deberá de computarse el plazo de caducidad, al que se hace referencia en el articulo 37° de la ley 23506°: a} Conforme se ha dejado sentado en el fundamento jurídico N° 2 de las causas antes referidas (y que ha seguido este Colegiado en reiteradas causas 3r análogas), el plazo de caducidad al que se refiere el articulo de la ley 23506° no puede computarse desde que las diversas normas legales o con rango de ley, que crean el Impuesto Mínimo a la Renta, entraron en vigencia, 'i sino desde que a su amparo se ejecutaron los actos administrativos que se consideran lesivos a los derechos constitucionales invocados. ~ b) Siendo ello así, las órdenes de pago correspondientes a los ejercicios - gravables de mil novecientos noventa y dos y mil novecientos noventa y tres, a juicio de este Colegiado, sin perjuicio de lo que en el fundamento jurídico N° 3 Y 4"" se vaya a formular, debieron de ser impugnados en la vía del Amparo dentro de los sesenta días siguientes a la fecha de su notificación, y no como se ha pretendido realizar en el caso de autos, esto es, más allá del plazo previsto por el artículo 3r de la ley 23506°, por lo que, en dicho extremo la 1) pretensión, deberá de declararse improcedente. 3. Que, por lo que a las órdenes de pago correspondientes al ejercicio gravable de mil novecientos noventa y cuatro se refiere, este Supremo Intérprete de la Constitución estima que el que no se haya transitado por la vía administrativa de manera previa, no es óbice para que se considere que ha habido omisión de agotarse a ésta, desde que, como también se ha reiterado, en el ámbito de la administración tributaria se encuentra vigente el principio solve et repete, previsto en el segundo párrafo del artículo 129° del decreto legislativo 773°, ya que ello hubiere importado el que se desvirtúe el objeto del proceso de Amparo, además de vulnerarse el inciso 3° del artículo 139° de la Constitución y el artículo 8°, numeral 1 y 25 del Pacto de San José de Costa Rica, por lo que corresponde a este Colegiado, en los extremos ya planteados, entrar a pronunciarse sobre el fondo del asunto. 4. Que, como ya es jurisprudencia reiterada de este Supremo Tribunal de la Constitución, el establecimiento del Impuesto Mínimo a la Renta, por mor del cual se grava a las entidades accionantes con un tributo del orden del dos por cien del valor de sus activos netos, como consecuencia de no encontrarse afecto al pago del impuesto a la renta, supone una desnaturalización desproporcionada del propio Impuesto a la Renta que dicho Decreto Legislativo 774 ° establece, ya que pretende gravar no el beneficio, la ganancia o la renta obtenida por la accionante como consecuencia del ejercicio de una actividad económica, conforme se prevé en su artículo 1 0, donde se diseña el ámbito de aplicación del tributo, sino el capital o sus activos netos. 5. Que, en este sentido, un límite al que se encuentra sometido el ejercicio de la potestad tributaria del Estado, conforme lo enuncia el artículo 74° de la Constitución, es el respeto de los derechos fundamentales, que en el caso de autos no se ha observado, ya que: a) en materia de Impuesto a la Renta, el legislador se encuentra obligado al establecer el hecho imponible, a respetar y garantizar la conservación de la intangibilidad del capital -o los activos netos, como la denomina el Decreto Legislativo-, lo que no ocurre si el impuesto absorve una parte sustancial de las rentas devengadas, o si se afecta la fuente productora de la renta, en cualquier cuantum. b) el impuesto no puede tener como elemento base de la imposición una circunstancia que no sea reveladora de capacidad económica o contributiva, que en el caso del impuesto mínimo a la renta con el que se pretende cobrar a la actora, no se ha respetado. 6. Que, asimismo, el establecimiento del Impuesto, cuyo cobro ha sido cuestionado, vulnera el derecho de igualdad jurídica, ya que si en principio se pretende realizar un trato diferenciado de manera objetiva y razonable entre sujetos de derecho que no son sustancialmente iguales, con miras a salvaguardar los derechos de propiedad e igualdad, esto es, el respeto de dichos derechos entre personas, como las accionantes, que no se encuentran en relaciones de paridad con aquellas otras que sí se encuentran en capacidad de contribuir con el Impuesto a la Renta; sin embargo, el medio empleado por el legislador ordinario (el establecimiento del impuesto mínimo a la renta) no guarda directa e inmediata proporción con el fin que se persigue obtener, que es, en última instancia, además de tratar desigual a los desiguales, preservar la intangibilidad de la propiedad. 7. Que, conforme se desprende de los documentos obrantes a fojas doscientos ViJ cuarenta y cinco a doscientos cuarenta y nueve, de doscientos sesenta a doscientos sesenta y dos y de cuatrocientos setenta y tres a cuatrocientos . ochenta y uno del cuaderno principal, la Superintendencia Nacional de Administración Tributaria ha venido cursando a las entidades actoras diversas órdenes de pago. & Que, conforme se desprende de los documentos obrantes de fojas ciento uno a ciento ochenta y siete, las entidades actoras han acreditado encontrarse no afecta al pago del impuesto a la renta por tener pérdidas en la actividad económica a la que se dedica. Por estos fundamentos, el Tribunal Constitucional, en ejercicio de las atribuciones que la Constitución y su Ley Orgánica le facultan:",12320,12146,False,False
00201-1997-AA,1997,sentencia,data\sentencia-Extract\1997\sentencia-pdf-1997.csv,,,0,0,True,False
00232-1995-AA,1997,sentencia,data\sentencia-Extract\1997\sentencia-pdf-1997.csv,,,0,0,True,False
00255-1997-AA,1997,sentencia,data\sentencia-Extract\1997\sentencia-pdf-1997.csv,,,0,0,True,False
00509-1996-AA,1997,sentencia,data\sentencia-Extract\1997\sentencia-pdf-1997.csv,,,0,0,True,False
00284-1996-AA,1997,sentencia,data\sentencia-Extract\1997\sentencia-pdf-1997.csv,,,0,0,True,False
00104-1992-AA,1997,sentencia,data\sentencia-Extract\1997\sentencia-pdf-1997.csv,"La Asociación demandante representada por su Presidenta doña Margarita Sánchez Alvarado y su Vice­
presidente don Filomón Quispe Sullcarayme interponen acción de amparo contra el Alcalde del Concejo
Provincial de Lima señor Jorge del Castillo y el Regidor del mismo Concejo Eli Montenegro,
sustent","La Asociación demandante representada por su Presidenta doña Margarita Sánchez Alvarado y su Vice­ presidente don Filomón Quispe Sullcarayme interponen acción de amparo contra el Alcalde del Concejo Provincial de Lima señor Jorge del Castillo y el Regidor del mismo Concejo Eli Montenegro, sustentando su reclamo en la transgresión de sus derechos de asociación, propiedad y petición. Alegan que al ser posesionarios de muchos años del lugar llamado ""El Saucesito"" en un terreno ubicado en San Juan de Lurigancho y haberse constituido el doce de noviembre de mil novecientos ochenta y siete como Asociación de Vivienda, recurrieron al Concejo Provincial solicitando (mediante el Expediente No. 709795­87) se les adjudique o venda los terrenos, proceso dentro del cual se emitió un Informe Técnico favorable con fecha diecinueve de junio de mil novecientos ochenta y nueve. Precisan que, no obstante, al encontrar oposición por parte de la Comunidad Campesina de Jicamarca, tuvieron los demandantes que someterse como comuneros asimilados, habiendo logrado la donación de los predios que ocupaban de la referida Comunidad Campesina. Posteriormente sin embargo, sostienen los demandantes, que invasores de la agrupación de Santa Rosa de Azcarrunz han tramitado su reconocimiento y calificación como Asentamiento Humano a pesar de la oposición de aquellos ante el Concejo Provincial y Distrital, habiendo logrado su propósito mediante la Resolución Municipal No. 1824­89 del treinta de octubre de mil novecientos ochenta y nueve, que además declaró en abandono su expediente sin que hayan transcurrido los seis meses calendarios, puesto que entre el diecinueve de junio de mil novecientos ochenta y nueve y el treinta de octubre del mismo año solo han transcurridos cuatro meses y doce días. Que así mismo la citada resolución no ha resuelto la oposición que formularon en contra del Expediente No. 430­88 del Asentamiento Humano Santa Rosa discriminando su asociación, depojándolos de su propiedad y violando su derecho de petición. Que igualmente tampoco se han resuelto en la referida resolución las oposiciones que la Comunidad Campesina de Jicamarca dedujo con fechas treinta de junio y dieciocho de julio de mil novecientos ochenta y ocho y cuatro y veinte de octubre de mil novecientos ochenta y nueve. Afirman por ultimo los demandantes que además de lo dicho otro Asentamiento Humano denominado ""Palomares"" ha iniciado el trámite de su reconocimiento y ocupación de los mismos terrenos mediante el Expediente 1554­89 del veintisiete de octubre de mil novecientos ochenta y nueve, encontrándose por ello nuevamente amenazados con otra Resolución Municipal. Por todo ello solicitan se reponga las cosas al estado anterior a la expedición de la Resolución Municipal No. 1824­89 y que en el caso del Expediente No. 1554­89 se suspenda el mismo en forma definitiva. Admitida la acción por el Vigésimo Sexto Juzgado en lo Civil de Lima se dispone su traslado, siendo absuelta en primer lugar por el Apoderado de la Municipalidad de Lima Metropolitana, quien la niega y contradice por estimar: Que la acción es improcedente por cuanto el tramite administrativo se encuentra en giro no habiendo los actores interpuesto los recursos impugnatorios que les franquea el D. S. 006­SC­ 67; y, Que la autoridad Municipal no ha violado derechos constitucionales pues ha obrado conforme a las facultades que le confiere el artículo 1 y siguientes de la Ley Orgánica de Municipalidades. De fojas ciento nueve a ciento once y con fecha quince de febrero de mil novecientos noventa el Juzgado expide resolución declarando fundada la acción principalmente por considerar: Que de la minuta de transferencia de dominio en la modalidad de donación corroborada con las actas de las asambleas generales de delegados de la Comunidad Campesina de Jicamarca, se acordó ceder los predios rústicos a la Asociación de Vivienda de Interés Social ""Cajamarca"" en una extensión de terreno denominado Palomares, formalizándose posteriormente ésta donación mediante Escritura Pública; Que siendo ello así se encuentra plenamente probada la propiedad por parte de la asociación demandante quien goza de las garantías constitucionales emanadas de los artículos 124 y 125 de la Constitución Política; Que si bien la Asociación demandante, los Asentamientos Humanos Santa Rosa de Azcarrunz y Palomares tienen como finalidad permitir que las familias residentes o posesionarias logren una vivienda decorosa, el Estado debe respetar la accesión a la propiedad en las formas establecidas por la ley, debiendo los Concejos Proviciales y Distritales velar por dicho respeto a la propiedad; Que la Secretaria Municipal de Asentamientos Humanos ha procedido a reconocer el Asentamiento Humanos Santa Rosa de Azcarrunz según se advierte de la Resolución Municipal respectiva, dejando de lado las peticiones hechas por la asociación demandante en su expediente administrativo bajo un supuesto abandono, cuando el artículo 70 del D. S. 006­SC­67 establece que el procedimiento se impulsara de oficio en todos sus trámites y que cualquier obstáculo que se oponga a la regular tramitación deberá ser superado por el funcionario competente sin necesidad de petición de parte, quien además determinara la norma aplicable al reclamo; Que por tanto se ha recortado el derecho de petición a la demandante ante el órgano administrativo municipal, agregándose a ello que los posteriores recursos impugnatorios presentados por la demandante no han sido resueltos; Que el Concejo Provincial esta propiciando que los socios de la asociación demandante estén pasando a conformar el Asentamiento Humano Palomares conforme consta de la solicitud de reconocimiento que obra en autos conllevando a una disgregación de la primera y recortando de cierta manera la libertad de asociación protegida por la ley. Interpuesto recurso de apelación por la Municipalidad de Lima y elevados los autos a la instancia superior se apersonan ante la misma el Asentamiento Humano Santa Rosa de Azcarrunz representado por Lelis Fernández Samaritano y el Asentamiento Humano Palomares representado por Felipe Vásquez Sihue, quienes solicitan se les comprenda en el proceso por cuanto son legítimos interesados. Posteriormente amplían sus fundamentos oponiéndose a la pretensión de la asociación demandante. Remitidos los autos a la Segunda Fiscalía Superior en lo Civil para efectos de la vista correspondiente, son devueltos con dictamen que se pronuncia por la revocatoria de la apelada por lo que la Segunda Sala Civil de la Corte Superior de Lima, a fojas trescientos ocho y trescientos ocho vuelta y con fecha veintiocho de enero de mil novecientos noventa, expide resolución revocando la sentencia apelada y declarando improcedente la acción fundamentalmente por considerar: Que es necesario respetar la competencia municipal así como sus atribuciones; Que el derecho de petición sigue vigente por cuanto si la autoridad administrativa niega la tramitación de un pedido o no lo resuelve en el término de ley, recién se acude al Poder Judicial en la vía ordinaria; Que para hacer respetar la posesión también se puede acudir a los interdictos o si hay desorden acudir a la autoridad policial; Que entonces hay numerosas medidas para hacer respetar la posesión y no acudir a la vía del amparo; Que no se ha probado que alguien haya ordenado el impedimento de asociarse; Que en el amparo no se discute quien es o no propietario, sino en la vía ordinaria; Que en el presente caso no se ha probado las pretensiones incoadas y no se ha violado ningún derecho constitucional. Interpuesto recurso de nulidad por la Asociación demandante, los autos son elevados a la Fiscalía Suprema en lo Contencioso Administrativo para efectos de la vista correspondiente y devueltos estos con dictamen que se pronuncia en favor de la recurrida, la Sala Constitucional y Social de la Corte Suprema de la República, con fecha primero de julio de mil novecientos noventa y dos, declara no haber nulidad en la sentencia de vista e improcedente la acción. Contra esta resolución la Asociación demandante interpone recurso de casación por lo que de conformidad con la Disposición Transitoria Quinta de la Ley No. 26435 se dispuso el envió de los autos al Tribunal Constitucional.",8361,8276,False,False
00166-1995-AA,1997,sentencia,data\sentencia-Extract\1997\sentencia-pdf-1997.csv,,,0,0,True,False
01029-1996-AA,1997,sentencia,data\sentencia-Extract\1997\sentencia-pdf-1997.csv,,,0,0,True,False
00915-1996-AA,1997,sentencia,data\sentencia-Extract\1997\sentencia-pdf-1997.csv,,,0,0,True,False
00212-1996-AA,1997,sentencia,data\sentencia-Extract\1997\sentencia-pdf-1997.csv,,,0,0,True,False
00850-1996-AA,1997,sentencia,data\sentencia-Extract\1997\sentencia-pdf-1997.csv,"La recurrente sustentando su demanda en lo dispuesto por los
articulo 1°, l4~ l5~ l6~ 17~ 3l0y 37° de la Ley 23506, entre otros, plantea acción de
Amparo en contra del Alcalde de la Provincia de Urubamba, señor Eduardo Guevara
Gamarra, quien mediante Resolución de Alcaldía N° 0-22-96 MPY la había","La recurrente sustentando su demanda en lo dispuesto por los articulo 1°, l4~ l5~ l6~ 17~ 3l0y 37° de la Ley 23506, entre otros, plantea acción de Amparo en contra del Alcalde de la Provincia de Urubamba, señor Eduardo Guevara Gamarra, quien mediante Resolución de Alcaldía N° 0-22-96 MPY la había cesado en su cargo de empleada permanente -Fedataria- de esa Municipalidad, siendo el objeto de la acción que se le reponga en su puesto de trabajo del cual, según manifiesta, fue declarada excedente y cesada en forma arbitraria e injusta, violándosele los derechos al trabajo y a la estabilidad laboral; al derecho de defensa y del debido proceso; al principio de razonabilidad y demás actos de poder. Manifiesta que contra la Resolución de Alcaldía N° 0-22--96-MPU ejerció los medios impugnativos de reconsideración y de apelación, habiéndose acogido al silencio administrativo, dando por agotada la vía previa y por ende estar facultada para recurrir al Poder Judicial. Explica que la evaluación semestral a que fue sometida y producto de ella cesada, adolece de varias irregularidades, tales como haber incluido en la evaluación del segundo semestre de 1995 a personal del Concejo que ingresó recién en enero de 1996; que las normas usadas para la evaluación, se habían aplicado en forma retroactiva, y que al momento de evaluarla, se tomó en consideración únicamente los deméritos que tuvo, mas no así sus méritos, indicando que si se hubiera tomado en cuenta estos últimos, su nota final habría sido de 60.67 aprobatoria y no 58.67 desaprobatoria. El señor Alcalde, al contestar la demanda la niega y contradice en todas sus partes, manifestando que el proceso evaluativo semestral, tenía su sustento legal en el DL. 26093, Y que las irregularidades señaladas por la agraviada, son cuestiones subjetivas de ella, ya que, inclusive, sin tener obligación de hacerlo, solicitó a la Región Inca que le proporcionara un equipo de profesionales calificados para que llevaran a cabo la evaluación, a fin de revestirla de toda imparcialidad y transparencia, enfatizando que no se había transgredido ni violado ningún derecho de la recurrente, dado que fue evaluada en forma regular y dentro del marco legal correspondiente, y que respecto al puntaje obtenido por la accionan te, se remitía al informe final N° 001-96-MPU/CE-II, en donde claramente se podía apreciar la secuela y el puntaje desaprobatorio obtenido por la accionante. El señor Juez de Primera Instancia en lo Civil de Urubamba, falló declarando improcedente la demanda por considerar que las normas usadas para la evaluación y calificación fueron las pertinentes; y, porque se ha demostrado en autos que para el puntaje final de la actora sí se tomó en cuenta sus méritos. En mérito a la apelación interpuesta, los autos son elevados a la Corte Superior de Justicia del Cusca, en la cual el Dictámen Fiscal es porque se confirme la sentencia apelada al considerar que la evaluación se llevó en forma legal y fue dictada con arreglo a ley. La Primera Sala Civil de la Corte Superior de Justicia del Cusca, confirma la apelada por sus propios fundamentos y, además, por considerar que el Alcalde demandado no ha violado ningún derecho constitucional de la accionaste al emitir la resolución cuestionada.",3303,3262,False,False
00849-1996-AA,1997,sentencia,data\sentencia-Extract\1997\sentencia-pdf-1997.csv,"La demandante interpone la acción de amparo, apoj'andose en lo
dispuesto por los incisos 1) y 10) del artículo 24 de la ley 23506, dirigiéndola en contra
del Alcalde del Concejo Distrital de Santiago, señor Victor del Castillo; del Ejecutor
Coactivo de dicho Concejo Dr. Hebelio Malaver Chávez y d","La demandante interpone la acción de amparo, apoj'andose en lo dispuesto por los incisos 1) y 10) del artículo 24 de la ley 23506, dirigiéndola en contra del Alcalde del Concejo Distrital de Santiago, señor Victor del Castillo; del Ejecutor Coactivo de dicho Concejo Dr. Hebelio Malaver Chávez y del Secretario Coactivo del mismo, señor Claudia Otazú Ladrón de Guevara, con el objeto de que se le permita seguir con su negocio de venta de palos, leña y paja en la vía publica. Indica, que el levantamiento de sus materiales que le hizo el Concejo, con un volquete de su propiedad, le ha ocasionado violación a su derecho de no ser discriminada en ninguna forma, por razón de sexo, raza, religión, opinión o idioma y contra la libertad de trabajo. Manifiesta que ella ha vendido los materiales indicados en la vía pública desde hace más de 20 años,· contando para ello con Licencia Municipal. Asímismo, dice que se ha visto obligada a seguir trámite administrativo, presentando recurso de reconsideración contra la disposición de desalojarla por estar ocupando un área verde, respecto del cual se emitió Resolución de Alcaldía N°193-A-AL-MDS-94, que dispuso declarar improcedente la re consideración; frente a esta resolución, presentó recurso de apelación, el que fue resuelto mediante Acuerdo Municipal N° 040-AIMDS-SG-94, que declaró fundada la apelación y dejó sin efecto la Resolución de Alcaldía N° 193; este acuerdo quedó consentido y ejecutoriado, quedando agotada la vía administrativa y por no existir ningún otro acto administrativo que pueda enervar los efectos del precitado acuerdo; pero a raíz de una denuncia hecha por la familia Castillo, competidora en el mismo ramo, la Municipalidad demandada la desalojó e incautó sus pertenencias. La demanda fue absuelta por los demandados, quienes la negaron, manifestando que por acuerdo Municipal N° 131 del Concejo Provincial del Cusca, de fecha 09-11-95, en virtud del recurso de Nulidad presentado por la Sra. Eva del Castillo Viuda de Concha, se declaró insubsistente el Acuerdo N° 040-AIMDS-SG- 94 y se confirmó en todos sus extremos la Resolución 193-A-AL-MDS-94, enfunción al artículo 7]0 de la ley 23853 -Orgánica de Municipalidades-, y se inició el proceso coactivo en contra de la demandante, finalizado el cual, se procedió a desalojarla de la vía pública; se puso también de manifiesto, que la licencia con que contó la demandante le fue expedida por la Dirección de Tránsito, quien no tiene competencia para darla. El Juez del Tercer Juzgado Especializado en lo Civil del Cusca, declaró Improcedente la demanda, por considerar, principalmente, que el desalojo se produjo dentro de un proceso judicial coactivo llevado en forma regular, poniendo de manifiesto que contra los actos de esa naturaleza no procede la acción de garantía del amparo, más aún cuando mediante el acuerdo N°1 31 del Concejo Provincial del Cusca, recobró su vigencia la Resolución de Alcaldía N°193. Con el planteamiento de la apelación, los actuados son elevados a la Corte Superior de Justicia del Cusca, cuyo dictámen Fiscal es de opinión porque se confirme la apelada. La Primera Sala Civil de la Corte Superior de Justicia del Cusca, confirma la apelada por sus propios fundamentos y además por considerar que la Municipalidad demandada no había violado derecho alguno a la actora, que ya que ésta se limitó a ejercer sus funciones. Planteado el recurso Extraordinario, concedido a fojas 73, los autos se remiten al Tribunal Constitucional, FUNDAMENTOS: Que, es procedente la acción de smparo cuando la violación de un derecho constitucionalmente protegido pueda ser apreciado en forma cierta, precisa y evidente, no observándose de autos que a la demandante se le haya violado el derecho al trabajo y menos aún que haya sido v/ctima de alguna discriminación, no siendo por tanto la via excepcional y sumaria del amparo, la idónea para dilucidar el caso de la recurrente; Que, de autos se aprecia, que tanto la entidad demandada, cuanto los codemandados, actuaron con sujeción y respaldo de la ley 23853, Orgánica de Municipalidades, articulos 65~ 7)0 e inciso 2) del articulo 114°; Que, si el demandante tiene cuestionamiento y desea lograr la declaratoria de ineficacia de la Resolución 193-A-AL-MDS-94, estando a /0 que establece la Constitución vigente, concordante con el articulo 540 del Codigo Procesal Civil, la vía correcta para la pretensión de la demandante, es la contencioso aGbninistrativa. Por estos fundamentos, el Tribunal Constitucional, en ejercicio de las atribuciones que le confiere la Constitución y su ley Orgánica,",4649,4587,False,False
00840-1996-AA,1997,sentencia,data\sentencia-Extract\1997\sentencia-pdf-1997.csv,"Don Modesto Rivera Cáceres, interpone acción de amparo a fin
de que se le otorgue la pensión de Jubilación acorde con sus 35 años aportados al
IPSS, hoy Oficina de Normalización Previsional y en concordancia con la Legislación
que al momento de su cese y presentación de su solicitud de pensión es","Don Modesto Rivera Cáceres, interpone acción de amparo a fin de que se le otorgue la pensión de Jubilación acorde con sus 35 años aportados al IPSS, hoy Oficina de Normalización Previsional y en concordancia con la Legislación que al momento de su cese y presentación de su solicitud de pensión estuvo vigente, es decir el D.L. 19990 Y no como señala la resolución N°21803-93-IPSS, es decir el DL. 25967, promulgado el20 de diciembre de 1992, posterior a lafecha de presentación de su solicitud pidiendo su pensión de jubilación. Señala el recurrente, que la aplicación que hace el IPSS en la Resolución 2l803-93-IPSS del DL. 25967, es retroactiva y viola los derechos consagrados en los artículos 4°, 10° Y 1 JO de la Constitución y lo dispuesto en el artículo 103 del mismo cuerpo legal. A fojas 32 del expediente, aparece la contestación de la demanda, en la cual se deduce la excepción de caducidad, pues señalan que desde la fecha en que se emitió la resolución N°25840, mediante la cual se declara improcedente el recurso de re consideración, hasta el momento de plantear el amparo, han transcurrido más de los 60 días que otorga el artículo 37° de la ley 23506 para el planteamiento de la acción. Asimismo plantean excepción de falta de agotamiento de la vía administrativa, ya que señalan que no se han respetado los plazos al interponer los recursos impugnativos de apelación y re consideración, habiéndose excedido en más de un año para la interposición del recurso de apelación. Por otro lado señalan que la acción de amparo no es la vía idónea para reclamar derechos laborales, más aún cuando el artículo 10° del Decreto Ley 25967 establece que no es procedente ninguna acción de amparo en contra del presente Decreto Ley. A fojas 63 y con fecha 28 de junio de 1996, el Segundo Juzgado Especializado en lo Civil de Arequipa Falla declarando Fundada la demanda y en consecuencia nula e inaplicable con respecto al demandante la Resolución 21803-93- IPSS y dispone que la ONP, proceda a expedir nueva resolución fijando con arreglo a ley la pensión de jubilación, al considerar que la aplicación efectuada del DL. 25967 fue hecho enforma retroactiva, prohibición que expresamente señala el artículo 103 de la Constitución. Obra afojas 93 la sentencia de 19 de setiembre de 1996, emitida por la Primera Sala Civil de la Corte Superior de Justicia de Arequipa que revoca la sentencia apelada y reformándola la declara Improcedente, porque considera que así lo dispone el artículo J00 de la ley 25967 cuando señala que no es procedente ninguna acción de amparo dirigida a impugnar directa o indirectamente, los efectos de la aplicación de dicho decreto ley, vigente desde el19 de diciembre de 1992.",2740,2705,False,False
00299-1996-AA,1997,sentencia,data\sentencia-Extract\1997\sentencia-pdf-1997.csv,"-
Don Julio Espinoza Alvites interpone Acción de Amparo contra el Ministerio del Interior, a [m de
que quede sin efecto ni valor legal alguno los alcances de la Resolución Directoral N° 692-DIPER-PNP de
fecha veintinueve de abril de mil novecientos noventicuatro, mediante la cual se dispone su pa","- Don Julio Espinoza Alvites interpone Acción de Amparo contra el Ministerio del Interior, a [m de que quede sin efecto ni valor legal alguno los alcances de la Resolución Directoral N° 692-DIPER-PNP de fecha veintinueve de abril de mil novecientos noventicuatro, mediante la cual se dispone su pase de la • situación de actividad a la de retiro por medida disciplinaria, al encontrarse comprendido en un proceso judicial por el delito contra el patrimonio - estafa, el cual se encuentra sobreseido por el Vigésimo Noveno Juzgado en lo Penal de Lima, por violación de sus derechos constitucionales fundamentales de revivir procesos fenecidos y desconocer la autoridad de la cosa juzgada. Sostiene el demandante que, con el Atestado Policial N° 524-IC_EC de fecha veintiocho de abril de mil novecientos noventitrés se le procede a investigar por la presunta comisión del delito contra el patrimonio en la modalidad de estafa, en agravio de doña Evarista Rivera Buleje, documento que es hecho de conocimiento de la Vigésima Novena Fiscalía Provincial en lo Penal de Lima, registrado con ingreso N° 616- II-92, dictándose el auto apertorio de instrucción correspondiente, por parte del Juzgado Penal de Tumo . • Alega además que la Policía Nacional del Perú, al tener conocimiento de que la instancia judicial tenia infOImación y se había avocado al conocimiento del proceso, se inhibió de pronunciarse al respecto en • • • • , , . . ' • vía administrativa, a las resultas del proceso judicial, para determinar mi situación institucional, de acuerdo a lo opinado por la Asesoría Jurídica de la Policía Nacional del Perú. Asimismo, indica el demandante que la Vigésima Novena Fiscalía Provincial Penal de Lima , mediante dictamen N° 1071-94 de fecha doce de marzo de mil novecientos noventicuatro opino que no había mérito para formular acusación penal y solicitando el archivamiento deftnitivo del proceso, siendo de igual • parecer el Juez en lo Penal, expidiéndose el auto que dispone el sobreseimiento de la causa, de fecha veintidós de abril de mil novecientos noventicuatro. Posteriormente la Policía Nacional del Perú, con fecha veintinueve de abril de mil novecientos noventicuatro, es decir de expedirse la resolución absolutoria, emite la precitada Resolución Directoral, cambiando su situación policial por medida disciplinaria, en virtud del proceso penal aperturado, el cual tenía la condición de cosa juzgada. Además el demandante con fecha siete de setiembre de mil novecientos noventicuatro interpone recurso de reconsideración, en vía administrativa con la Resolución Directoral N° 692-DIPERlPNP, la cual le fue notiftcada el veinticuatro de agosto de mil novecientos noventicuatro. Posteriormente con fecha dieciséis de diciembre de mil novecientos noventicuatro plantea recurso de apelación, en virtud que no haber obtenido respuesta alguna en relación a su recurso de reconsideración , asimismo, mediante carta notarial de fecha veintiséis de mayo mil novecientos noventicinco, el demandante da por agotada la vía administrativa. I ' . I , • Admitida la demanda, ésta es contestada por el Procurador Público del Ministerio del Interior a cargo de los Asuntos Judiciales de la Policía Nacional del Perú, solicitando se declare improcedente o infundada la demanda, pues: a) el demandante no agotó las vías previas, al no esperar el pronunciamiento de la administración; b) el plazo en el cual se plantea la acción ha operado la caducidad, al haberse vencido con exceso los sesenta días que establece el artículo treintisiete de la Ley N° 23506. El Juez del Décimo Octavo Juzgado Especializado en lo Civil de Lima, expide resolución, declarando fundada la demanda. Interpuesto el recurso de apelación. Con fecha trece de marzo de mil novecientos noventiséis , la Tercera Sala Civil de la Corte Superior de Justicia de Lima, expide resolución, reformando la apelada, la declaró improcedente. Interpuesto el recurso extraordinario, los autos son elevados al Tribunal Constitucional.",4051,3993,False,False
00242-1997-HC,1997,sentencia,data\sentencia-Extract\1997\sentencia-pdf-1997.csv,,,0,0,True,False
00319-1997-AA,1997,sentencia,data\sentencia-Extract\1997\sentencia-pdf-1997.csv,,,0,0,True,False
00159-1997-AA,1997,sentencia,data\sentencia-Extract\1997\sentencia-pdf-1997.csv,,,0,0,True,False
00702-1996-AA,1997,sentencia,data\sentencia-Extract\1997\sentencia-pdf-1997.csv,,,0,0,True,False
00535-1997-AA,1997,sentencia,data\sentencia-Extract\1997\sentencia-pdf-1997.csv,,,0,0,True,False
00615-1996-AA,1997,sentencia,data\sentencia-Extract\1997\sentencia-pdf-1997.csv,,,0,0,True,False
00067-1997-AA,1997,sentencia,data\sentencia-Extract\1997\sentencia-pdf-1997.csv,,,0,0,True,False
00861-1996-AA,1997,sentencia,data\sentencia-Extract\1997\sentencia-pdf-1997.csv,"La presente acción de amparo es interpuesta por doña Haydeé
Elizabeth Hillasi Curi, con el fin de que la demandada deje sin efecto el despido arbitrario
del que habría sido objeto la recurrente el día 30 de junio de 1995, al habérsele retirado
su tarjeta de control de asistencia y efectuado la en","La presente acción de amparo es interpuesta por doña Haydeé Elizabeth Hillasi Curi, con el fin de que la demandada deje sin efecto el despido arbitrario del que habría sido objeto la recurrente el día 30 de junio de 1995, al habérsele retirado su tarjeta de control de asistencia y efectuado la entrega del cargo. Manifiesta la actora, que su condición como servidora era la de contratada por servicios no personales, y que su último contrato fué suscrito el 08 de mayo de 1993, siendo su vigencia de dos meses comprendidos entre el ¡o de abril al 30 de mayo de 1995. Refiere que laboraba para las instituciones demandadas en forma permanente, con control de su asistencia y con derecho a todas las bon~ficaciones, gratificaciones y aguinaldos inherentes a un trabajadores dentro del régimen laboral del Sector Público, por lo que en su caso prima el principio de realidad y no el que supuestamente aparece en los contratos de servicios No Personales suscritos por su empleadora, la cual la despidió en forma verbal el día 30 de junio del mismo año, sin que la recurrente haya incurrido en ninguna causal de despido como indica el D.Leg. 276, por lo que considera este hecho como arbitrario y violatorio de su Derecho de Protección. Con Resolución de 27 de setiembre de 1995, el Juzgado Especializado en lo Civil de Puno resuelve declarar Improcedente la acción de amparo de conformidad a lo dispuesto en el artículo 23 de la ley 25398, que señala que el Juez está facultado para rechazar las pretensiones que sean manifiestamente improcedentes. Apelado este auto la Tercera Sala Mixta de la Corte Superior de Justicia de Puno Revoca el auto y Reformándolo ordena que el Juez admita a trámite la demanda. A fojas setenta, la Dirección de Industria, Turismo, Integración y Negociaciones Comerciales Internacionales, contesta la demanda negándola y contradiciéndola en todas sus partes. Se indica en ella, que a la recurrente se le comunicó la rescisión de su contrato mediante carta de fecha 20 de junio y que para los contratados por servicios no personales no son de aplicación el D. Leg. 276. Que la rescisión del contrato se hizo por motivos económicos y aún no siendo así, la cláusula 4ta. del Contrato permite que dicha rescisión pueda ser unilateral. Obra a fojas ochenticinco, la contestación de la otra parte demandada, es decir del Consejo Transitorio de Administración Regional, que sostiene que de acuerdo al Clasificador por Objeto del Gasto aprobado por R.D. 003-95-EF/76.0I, artículo 3.27, el Contrato por prestación de servicios no personales, es una modalidad de contratación que no genera vínculo laboral. Corre a fojas ciento dieciséis, la sentencia del Juzgado Especializado Civil de Puno, que declara INFUNDADA la demanda incoada, señalando que la actora no precisa que es lo que pretende con la acción de garantía constitucional interpuesta, sino que simplemente indica haber sido objeto de despido arbitrario, no siendo la vía sumarísima de garantía constitucional del amparo la adecuada para el reclamo de un derecho laboral. La Tercera Sala Mixta de la Corte Superior de Justicia de Puno, . a fojas ciento cuarentiocho, falla Confirmando la sentencia del Juez que declara INFUNDADA la demanda planteada por sus propios fundamentos. Al ser interpuesto el recurso Extraordinario, los actuados son remitidos al Tribunal para su conocimiento.",3405,3362,False,False
00163-1995-AA,1997,sentencia,data\sentencia-Extract\1997\sentencia-pdf-1997.csv,,,0,0,True,False
00086-1997-AA,1997,sentencia,data\sentencia-Extract\1997\sentencia-pdf-1997.csv,"Don Antonio German Gayoso Quiroz en su calidad de Administrador Gerente de la Fábrica
LLUVISOL CHICLA YO S.A. interpone Acción de Amparo contra la Municipalidad de la ciudad de
Reque, representada por su Alcalde don David Chirinos Hurtado, a fin de que quede sin efecto
legal la Resolución N° 074-","Don Antonio German Gayoso Quiroz en su calidad de Administrador Gerente de la Fábrica LLUVISOL CHICLA YO S.A. interpone Acción de Amparo contra la Municipalidad de la ciudad de Reque, representada por su Alcalde don David Chirinos Hurtado, a fin de que quede sin efecto legal la Resolución N° 074-96-MCRlA de fecha veintinueve de agosto de mil novecientos noventiséis y en consecuencia se declare vigente el contrato de concesión para recojo y extracción de material recuperable del botadero sanitario municipal de Reque, por violación de sus derechos constitucionales fundamentales de contratación y de trabajo. Sostiene el demandante que, el Alcalde del Distrito de Reque don David Chirinos Hurtado, en un franco abuso del derecho, ha expedido la Resolución N° 074 - 96 - MeRlA de fecha veintinueve de agosto de mil novecientos noventiséis, rescindiendo el contrato de concesión para el recojo y extracción de material recuperable del botadero sanitario municipal de Reque, que había suscrito con el recurrente en representación de la Fábrica LLUVISOL CHICLAYO S. A., de fecha primero de octubre de mil novecientos noventicuatro, vigente hasta el primero de octubre de mil novecientos noventlslete, favoreciendo con dicho acto administrativo a una ""empresa fantasma"" representada por un tercero de nombre Jorge Peñaranda Bolovich, quien con fecha anterior a la precitada resolución ha suscrito un convenio de fecha veintitrés de agosto de mil novecientos noventiséis, otorgándole la exclusividad que detentaba su representada por tres años consecutivos, violentando la libertad de contratación y de trabajo. Alega además que la resolución del contrato debió ejecutarse en un proceso regular conforme a las leyes de la materia, respetando a su vez la cláusula sétima del contrato suscrito por mi representada, cuya rescisión solamente será por acuerdo de las partes contratantes y no en forma unilateral, ni menos por medio de una resolución municipal conforme ilegalmente ha procedido. Asimismo, indica el demandante que su representada se dedica a la fabricación de calamina asfáltica que utiliza como materia prima el material recuperable del botaderolM:unicipal de Reque por más de vei . te años consecutivos, mediante la celebración de contratos sucesivos, otorgando trabajo a más de veintiocho personas como producto de esa relación contractual y que con la rescisión se les está privando de su trabajo, además que la ""empresa fantasma"" viene obstaculizando su labor de recojo con amenazas y agresiones a su personal. Admitida la demanda, ésta es contestada por el Alcalde de la Municipalidad de la Ciudad de Reque quien acredita su representación con copia de la Credencial expedida por el Jurado Electoral Especial de Chiclayo de fecha veintitrés de noviembre de mil novecientos noventicinco y copia de su libreta electoral, quien solicita se declare improcedente la misma, ya que el demandante ha interpuesto recurso de apelación por ante el Concejo Provincial de Chiclayo, quien como última instancia administrativa resolverá la controversia, sea revocando o confirmando la precitada resolución, procediendo tan solo la Acción de Amparo cuando se haya agotado la vía previa, lo cual no se da en el presente caso y por que de la Escritura Pública de Constitución de la demandante el actor Antonio German Gayoso Quiroz, solo tiene facultades administrativas y no poder suficiente para accionar en vía judicial y no haberse actualizado las facultades de litigio de acuerdo al nuevo Código Procesal Civil. Con fecha catorce de octubre de mil novecientos noventiséis, el Juez Provisional del Tercer Juzgado Especializado Civil de Chiclayo expide resolución, declarando improcedente la demanda. Interpuesto el recurso de apelación, con fecha diecisiete de diciembre de mil novecientos noventiséis , la Primera S,tla Especializada en 10 Civil de la Corte Superior de Justicia de Lambayeque, expide resolución confirmando la apelada, declarándola improcedente la Acción de Amparo. Interpuesto el recurso extraordinario, los autos son elevados al Tribunal Constitucional.",4116,4073,False,False
00246-1993-AA,1997,sentencia,data\sentencia-Extract\1997\sentencia-pdf-1997.csv,,,0,0,True,False
00290-1993-AA,1997,sentencia,data\sentencia-Extract\1997\sentencia-pdf-1997.csv,,,0,0,True,False
00497-1996-AA,1997,sentencia,data\sentencia-Extract\1997\sentencia-pdf-1997.csv,,,0,0,True,False
00454-1997-HC,1997,sentencia,data\sentencia-Extract\1997\sentencia-pdf-1997.csv,,,0,0,True,False
00049-1992-AA,1997,sentencia,data\sentencia-Extract\1997\sentencia-pdf-1997.csv,,,0,0,True,False
00268-1993-AA,1997,sentencia,data\sentencia-Extract\1997\sentencia-pdf-1997.csv,,,0,0,True,False
00549-1997-AA,1997,sentencia,data\sentencia-Extract\1997\sentencia-pdf-1997.csv,,,0,0,True,False
00276-1993-AA,1997,sentencia,data\sentencia-Extract\1997\sentencia-pdf-1997.csv,,,0,0,True,False
00177-1997-AA,1997,sentencia,data\sentencia-Extract\1997\sentencia-pdf-1997.csv,,,0,0,True,False
00081-1997-AA,1997,sentencia,data\sentencia-Extract\1997\sentencia-pdf-1997.csv,,,0,0,True,False
00301-1993-AA,1997,sentencia,data\sentencia-Extract\1997\sentencia-pdf-1997.csv,,,0,0,True,False
00211-1993-AA,1997,sentencia,data\sentencia-Extract\1997\sentencia-pdf-1997.csv,,,0,0,True,False
00151-1997-AA,1997,sentencia,data\sentencia-Extract\1997\sentencia-pdf-1997.csv,,,0,0,True,False
00002-1997-AA,1997,sentencia,data\sentencia-Extract\1997\sentencia-pdf-1997.csv,,,0,0,True,False
00156-1997-AA,1997,sentencia,data\sentencia-Extract\1997\sentencia-pdf-1997.csv,,,0,0,True,False
00340-1997-AA,1997,sentencia,data\sentencia-Extract\1997\sentencia-pdf-1997.csv,,,0,0,True,False
00291-1993-AA,1997,sentencia,data\sentencia-Extract\1997\sentencia-pdf-1997.csv,,,0,0,True,False
00715-1996-AA,1997,sentencia,data\sentencia-Extract\1997\sentencia-pdf-1997.csv,,,0,0,True,False
00153-1993-AA,1997,sentencia,data\sentencia-Extract\1997\sentencia-pdf-1997.csv,,,0,0,True,False
00254-1993-AA,1997,sentencia,data\sentencia-Extract\1997\sentencia-pdf-1997.csv,,,0,0,True,False
00254-1995-AA,1997,sentencia,data\sentencia-Extract\1997\sentencia-pdf-1997.csv,,,0,0,True,False
00750-1996-AA,1997,sentencia,data\sentencia-Extract\1997\sentencia-pdf-1997.csv,"Industrias Metálicas Asociadas S.A., interponen Acción de Amparo contra el
Supremo Gobierno, debiendo entenderse la pretensión contra el Supremo Gobierno,
en los ministros del Consejo de Ministros.
Sostiene la entidad accionante que ella se instaló en la amazonía a fin de
realizar actividades co","Industrias Metálicas Asociadas S.A., interponen Acción de Amparo contra el Supremo Gobierno, debiendo entenderse la pretensión contra el Supremo Gobierno, en los ministros del Consejo de Ministros. Sostiene la entidad accionante que ella se instaló en la amazonía a fin de realizar actividades comerciales, en el entendido que al amparo de lo dispuesto por el artículo 71 ° de la ley 23407, Ley General de Industrias, se les exoneraría de todos los impuestos, a excepción de las contribuciones a la seguridad social, derechos de importación y tributos municipales. Alega que con la expedición del decreto ley 25980° no sólo se está desconociendo una garantía con la que contaban para iniciar actividades en zonas de selva y/o frontera, sino que vulnerando sus derechos constitucionales, se está infringiendo los principios tributarios relativos a la seguridad jurídica, equidad y proporcionalidad de las cargas tributarias, así como los de justicia y uniformidad, y no confiscatoriedad reconocidos en el artículo 139° de la Constitución de mil novecientos setenta y nueve. Recuerda que al expedirse el decreto ley 25980° se le pretende dar un tratamiento igual con las empresas que tienen actividades en zonas desarrolladas del país, no previéndose que las zonas de frontera y de selva, quienes han optado por invertir, se han encontrado con una serie de problemas, como son la falta de carreteras, alto costo del flete, entre otros. Precisa que al expedirse dicho decreto ley, se está vulnerando también el derecho de igualdad, ya que un mismo impuesto tiene dos tasas diferentes, según se encuentre o no desarrollando sus actividades en zonas de frontera o de selva, lo cual resulta irrazonable. Admitida la demanda, ésta es contestada por los Procuradores Públicos encargados de los Asuntos judiciales del Poder Legislativo, Presidencia del Consejo de Ministros, Jurado Nacional de Elecciones, Trabajo y Promoción Social, Economía y Finanzas, Agricultura, Educación, Energía y Minas y Pesquería, quienes solicitan, indistintamente, se declare improcedente la demanda, ya que: a) las entidades demandantes interponen la Acción Amparo pretendiendo cuestionar la legalidad y validez del decreto ley 25980°, cuando la vía pertinente es ante el Tribunal de Garantías Constitucionales, b) la pretensión de la entidad accionante ha caducado, pues mientras el decreto ley 25980° entró en vigencia el veintitrés de diciembre de mil novecientos noventa y dos, la demanda sólo se interpuso con fecha diecinueve de marzo de mil novecientos noventa y tres, c) dicho decreto ley estableció exoneraciones tributarias, pero con carácter transitorio, por lo que al haber conseguido los fines para los cuales se emitieron, tienen que necesariamente desaparecer, d) lo que se ha pretendido realizar con las entidades que realizan actividades en zonas de frontera y/ o selva, es nivelar los porcentajes tributarios en relación con los que pagan otras empresas que realizan sus actividades en otras zonas, para que se abone directamente a las municipalidades distritales de las zonas antes mencionadas, e) al incrementarse la tasa del impuesto cuestionado, se ha procedido con hacer ejercicio de las atribuciones conferidas al Estado. Con fecha catorce de diciembre de mil novecientos noventa y cuatro, el Juez del Vigésimo Primer Juzgado civil de Lima, expide resolución declarando infundada la demanda. Interpuesto el recurso de apelación, con fecha siete de setiembre de mil novecientos noventa y cinco la Tercera Sala Civil de la Corte Superior de • J TRIBUNAL CONSTlTUCJONAL Justicia de Lima confirma la dpelada. Interpuesto el recurso de nulidnd, la Sala de Derecho Constitucional y Social de la Corte Suprema de Justicia de la República, con fecha ocho de julio de mil novecientos noventa y seis, declaró No Haber Nulidad en la de resolución vista, que confirmando la apeladn, declaró infundndn la demandn. Interpuesto el recurso extraordinario, los autos son elevados al Tribunal Constitucional.",4040,3985,False,False
00844-1996-AA,1997,sentencia,data\sentencia-Extract\1997\sentencia-pdf-1997.csv,,,0,0,True,False
00802-1996-AA,1997,sentencia,data\sentencia-Extract\1997\sentencia-pdf-1997.csv,,,0,0,True,False
00846-1996-AA,1997,sentencia,data\sentencia-Extract\1997\sentencia-pdf-1997.csv,"La recurrente sustenta su demanda de amparo, en lo establecido
por el artículo r numeral 24) inciso a); artículo 400 y 2000 numeral 2) de la
Constitución vigente, y la dirige en contra del Presidente de la Región Arequipa, señor
Luis Chávez Bedoya Vargas y del Vice Ministro del Ministerio de Salu","La recurrente sustenta su demanda de amparo, en lo establecido por el artículo r numeral 24) inciso a); artículo 400 y 2000 numeral 2) de la Constitución vigente, y la dirige en contra del Presidente de la Región Arequipa, señor Luis Chávez Bedoya Vargas y del Vice Ministro del Ministerio de Salud doctor Alejandro Aguinaga Recuenco, con el objeto de que judicialmente sean declaradas inaplicables las Resoluciones N° 01l-95-GRA/P, ésta dictada por el Presidente de la Región Arequipa, por la cual se adjudica la plaza de médico anestesiólogo a doña Cecilia Sánchez Gamero, en perjuicio de la recurrente; y la resolución N° 521-95- W;e.VCAD.f!:t. SA UM emitida por el Vice Ministerio de Salud, mediante la cual se anula el concurso de plazas en lo referente a la plaza de anestesióloga del Hospital Honorio Delgado que inicialmente había dado como ganadora a doña María Eleana Zeballos Alvarez. Señala la accionante que con estas resoluciones se está violando el principio de legalidad y su derecho a la estabilidad laboral. Refiere que ella ganó un concurso interno para ocupar la plaza de Médica Anestesióloga habiendo obtenido el nombramiento mediante Resolución Directoral 0372-94-RSAA-DG-A-P, ocupando su actual cargo desde el 15 de setiembre de 1994, y que una colega, doña Cecilia Sánchez Gamero presentó un recurso de apelación por considerar que ella era la ganadora del concurso, sosteniendo que las bases del concurso no establecieron presentación de título de segunda especialidad, y que la demandante si lo había presentado a raíz de un requerimiento que les hizo la comisión evaluadora a los concursantes a efecto que lo presentaran al 01 de setiembre de 1994, con el riesgo que de no hacerlo se iba a declarar desierto dicha concurso. Como efecto de la apelación hecha por su colega, se dictó la resolución cuestionada N° 011-95-GRAlP, de la cual la accionan te presentó recurso de revisión ante el Vice Ministerio de Salud, el mismo que mediante la Resolución 521-95-SA.UM lo declara improcedente y anula el concurso referido a la plaza de médico anestesiólogo. Expresa, también, que ella ha cumplido con todas las exigencias fijadas en las bases del concurso y que ha obtenido mayor puntaje que su colega, siendo indiscutiblemente la ganadora del concurso. Asímismo señala, que la anterior plaza que ella ocupó en Juliaca antes de ser reasignada, por medio del aludido concurso, al Hospital Honorio Delgado de Arequipa, ya ha sido ocupada por otra colega mediante concurso, lo que genera que si la doctora Sánchez Gamero ocupa su plaza en Arequipa, tal cual pretende hacerlo, la otra plaza ya está ocupada y tácitamente se le estaría cesando, hecho que no sólo viola sus derechos adquiridos, sino que transgrede lo señalado por el D.Leg. 276 y normas conexas y complementarias. Adicionalmente sostiene, que ella viene desempeñando el cargo desde hace más de un año, como lo acredita con sus boletas de pago del Hospital Honorio Delgado. La demanda es absuelta por la Presidencia del Consejo Transitorio de Administración Regional de la Región de Arequipa; por el señor Procurador a cargo de los Asuntos de la cartera de Salud y directamente por el propio señor Vice Ministro. Los primeros nombrados, solicitan que la demanda sea declarada improcedente, por que señalan que la vía sumarísima del amparo no es la idónea para ventilar un asunto que requiere de mayor evaluación y probanza, además, por lo señalado en el inc. 4) del artículo 6° de la ley 23506 modificada por ley 25011, que señala que no proceden acciones de garantía contra actos efectuados en el ejercicio regular de sus funciones, de los organismos creados por la Constitución como es el caso de los Gobiernos Regionales. La señora Procuradora negó y contradijo la demanda en todos sus extremos, solicitando se declare improcedente por considerar que el concurso de méritos presentaba insalvables irregularidades, considerándolo nulo. Sostiene que la resolución vice ministerial está bien expedida, de conformidad con lo dispuesto por los artículos 43° y 4Y del D.s. 02-94-JUS. Por su parte, el Vice Ministro señaló que la Comisión Evaluadora se excedió en sus funciones al fijar un término para presentar el título de segunda especialidad, ya que fue más allá de las bases del concurso, las que deben ser predeterminadas e inmodificables; que al momento de presentar sus papeles W:e>\JCA DI( tanto la recurrente cuanto doña Cecilia Sánchez Gamero, no acompañaron sus respectivos título de especialización. El Juez del Segundo Juzgado en lo Civil de Arequipa, falló declarando fundada la demanda, por considerar que en una relación laboral debe respetarse el principio del carácter irrenunciable de los derechos reconocidos por la Constitución y la ley; que el artículo 40° de la Constitución, regula los derechos de los servidores públicos, siendo uno de los básicos el gozar de estabilidad laboral y de no ser cesado ni destitúído sino por causa prevista por ley, dispositivo que ha contravenido la resolución vice ministerial al declarar la nulidad del concurso y desconocer que la recurrente fue la ganadora del concurso interno. Apelada la resolución, el expediente es elevado a la Sala Civil de la Corte Superior de Justicia de Arequipa, donde el Dictamen Fiscal es de opinión porque se declare nula e insubsistente la apelada y se reponga la causa al estado de que se integre debidamente por el señor Juez de la causa la relación procesal, debiendo citarse a la doctora Cecilia Sánchez Gamero, en aplicación supletoria del artículo 95 del Código Procesal Civil. La Segunda Sala Civil de la Corte Superior de Arequipa, falla reformando y revocando la apelada y en consecuencia declarando Improcedene la demanda, al considerar que la declaración de nulidad por parte del Vice Ministro está encuadrada dentro de los márgenes legales, no siendo la vía del amparo la idónea para dilucidar la existencia de las irregularidades del concurso. Al ser planteado el recurso extraordinario que es concedido a fojas 520, los autos son remitidos al Tribunal Constitucional.",6128,6050,False,False
00426-1997-AA,1997,sentencia,data\sentencia-Extract\1997\sentencia-pdf-1997.csv,,,0,0,True,False
00391-1997-AA,1997,sentencia,data\sentencia-Extract\1997\sentencia-pdf-1997.csv,,,0,0,True,False
00783-1996-AA,1997,sentencia,data\sentencia-Extract\1997\sentencia-pdf-1997.csv,"Don Julio Hermenegildo Huamán Méndez Alcalde de la Municipalidad
Distrital de San Antonio Chaclla, interpone acción de amparo contra don Oswaldo
Macazana Huaringa Alcalde de la Municipalidad Provincial de Huarochiri, a fin que
se declare la inaplicabilidad del Decreto de Alcaldía No.001-MPH-M-96,","Don Julio Hermenegildo Huamán Méndez Alcalde de la Municipalidad Distrital de San Antonio Chaclla, interpone acción de amparo contra don Oswaldo Macazana Huaringa Alcalde de la Municipalidad Provincial de Huarochiri, a fin que se declare la inaplicabilidad del Decreto de Alcaldía No.001-MPH-M-96, de fecha diecinueve de enero de mil novecientos noventiséis, expedido por el Alcalde Provincial de Huarochiri, en el cual éste último dispone reasumir la administración del Cementerio El Sauce. El demandante señala que la Municipalidad Distrital a su cargo gestionó ante la Municipalidad Provincial la administración del referido cementerio, el mismo que se encuentra en el anexo No.21. El Paraíso de la Comunidad Campesina de San Antonio de Jicamarca dentro de la jurisdicción del Distrito; que dicho trámite culminó con la expedición del Decreto de Alcaldía No. 010-MPH-M- 95 del veintiocho de diciembre de mil novecientos noventicinco, por el que se le asigna la administración del cementerio. Que, el Alcalde Provincial al dejar sin efecto este Decreto de Alcaldía procedió a conminar al Subprefecto de la provincia a fin que se le proporcione el auxilio de la delegación policial para ejecutar el despojo, atentando contra su autonomía Municipal y violando por tanto el artículo 191°, de la Constitución Política. Admitida la demanda, esta es contestada por Oswaldo Macazana Huaringa, Alcalde de la Municipalidad Provincial de Huarochiri, quien interpone la excepción de incompetencia en razón que el artículo 8°, de la Ley Orgánica de Municipalidades No. 23853 señala que los conflictos que surjan entre las municipalidades provinciales y otras municipalidades o autoridades de la misma provincia, serán dirimidos en primera instancia por la Corte Superior del respectivo distrito judicial. Solicita además que la demanda se declare improcedente. Asimismo manifiesta que de acuerdo al artículo 3°, del Reglamento General de Cementerios aprobado por Decreto Supremo No.012-86 PCM del trece de febrero de mil novecientos ochentiséis, las municipalidades provinciales son las responsables de la organización y administración de los cementerios. Con fecha dieciséis de abril de mil novecientos noventiséis, el Juez del Juzgado Especializado Civil de Huarochiri expide resolución declarando improcedente la excepción de incompetencia e infundada la acción de amparo. Interpuesto el recurso de apelación, con fecha tres de junio de mil novecientos noventiséis, la Sala Civil de la Corte Superior de Justicia del Callao, expide resolución confirmando la apelada. Interpuesto el recurso extraordinario, los autos son elevados al Tribunal Constitucional.",2685,2649,False,False
00272-1996-AA,1997,sentencia,data\sentencia-Extract\1997\sentencia-pdf-1997.csv,,,0,0,True,False
00143-1997-AA,1997,sentencia,data\sentencia-Extract\1997\sentencia-pdf-1997.csv,,,0,0,True,False
00339-1997-AA,1997,sentencia,data\sentencia-Extract\1997\sentencia-pdf-1997.csv,,,0,0,True,False
00087-1997-AA,1997,sentencia,data\sentencia-Extract\1997\sentencia-pdf-1997.csv,,,0,0,True,False
00095-1995-AA,1997,sentencia,data\sentencia-Extract\1997\sentencia-pdf-1997.csv,,,0,0,True,False
00056-1996-AA,1997,sentencia,data\sentencia-Extract\1997\sentencia-pdf-1997.csv,,,0,0,True,False
00093-1992-AA,1997,sentencia,data\sentencia-Extract\1997\sentencia-pdf-1997.csv,,,0,0,True,False
00071-1997-HC,1997,sentencia,data\sentencia-Extract\1997\sentencia-pdf-1997.csv,,,0,0,True,False
00066-1997-AA,1997,sentencia,data\sentencia-Extract\1997\sentencia-pdf-1997.csv,,,0,0,True,False
00520-1997-AC,1997,sentencia,data\sentencia-Extract\1997\sentencia-pdf-1997.csv,"El demandante interpone su aCClOn sustentando su reclamo en la renuencia del Alcalde de Lima
Metropolitana a abonarle sus derechos económicos consistentes en: aj. el premio pecuniario por haber
cumplido veinticinco años de servicios ascendente a la suma de seis mil cuatrocientos treinta y un nuevo","El demandante interpone su aCClOn sustentando su reclamo en la renuencia del Alcalde de Lima Metropolitana a abonarle sus derechos económicos consistentes en: aj. el premio pecuniario por haber cumplido veinticinco años de servicios ascendente a la suma de seis mil cuatrocientos treinta y un nuevos soles con veintidós céntimos, establecido por la Resolución Directoral No. 511-94-DGA-DMA-MLM del diecinueve de diciembre de mil novecientos noventa y cuatro, bj. remuneraciones, bonificaciones y pensiones dejadas de abonar por la Municipalidad de Lima, desde mil novecientos noventa y dos hasta setiembre de mil novecientos noventa y cinco, ascendente a la suma de veinticuatro mil ciento setenta y seis nuevos soles con veinte céntimos, suma que se halla contenida en el cuadro de devengados, cj. el incremento salarial ascendente a ciento cincuenta nuevos soles dispuesto por el Gobierno Central mediante Decreto de Urgencia No. 37-94 del once de julio de mil novecientos noventa y cuatro, d). remuneraciones de los meses de octubre, noviembre y diciembre de mil novecientos noventa y cinco no abonadas oportunamente por la gestión municipal del ex-alcalde Belmont ascendente a mil sesenta y un soles con ochenta y siete céntimos, e). el diferencial correspondiente a la disminución de remuneraciones que como trabajador municipal viene sufriendo desde enero de mil novecientos noventa y seis, j). bonificaciones y gratificaciones, como el día de Lima, Primero de Mayo, y Fiestas Patrias, mencionadas en el citado cuadro de devengados, y, g). Compensación por Tiempo de Servicios que asciende a un sueldo íntegro por cada año, teniendo el accionante un total de veintiséis; razones todas estas por las que solicita se ordene el cumplimiento mediante pago de la emplazada de todos los derechos económicos que se le adeuda. Adjunta para estos efectos la Carta Notarial cursada el veinticuatro de junio de mil novecientos noventa y seis, con lo que acredita haber agotado la vía previa a la que se encontraba obligado. Admitida la acción a trámite por el Tercer Juzgado Especializado de Derecho Público de Lima, se dispone su traslado a la Municipalidad de Lima, la que por intermedio de su representante legal, la contesta negándola y contradiciéndola principalmente por considerar: Que la acción de cumplimiento es improcedente por cuanto el señor Alcalde de la Municipalidad de Lima, no ha sido renuente a acatar norma legal o acto administrativo alguno, sino que por el contrario, viene cumpliendo con todas las disposiciones legales; Que las sumas que el accionante reclama, no le corresponden por ser ilegales, como ocurre en el caso de la Compensación por Tiempo de Servicios, que el accionante considerara cancelable a razón de un sueldo integro por año, cuando a los servidores municipales, conforme el articulo 52 de la Ley No. 23853, se les otorga la misma al momento del cese por el importe del cincuenta por ciento de su remuneración principal; Que al asumir sus funciones la actual administración municipal en vista de la situación caótica e insostenible de la Corporación yen aras de restablecerla y recuperarla, se dispuso, que la Asesoría Legal emitiera opinión sobre la validez de los ""compromisos"", ""acuerdos"", ""pactos"" y ""actas"" suscritas por las anteriores administraciones municipales, llegándose a la conclusión, mediante Informe Legal del doce de enero de mil novecientos noventa y seis, que los citados ""compromisos"" y otros celebrados por la Municipalidad de Lima con las organizaciones sindicales SITRAMUN-LlMA y SITRAOML, entre los años mil novecientos ochenta y ocho y mil novecientos noventa y cinco, son nulos, motivo por el que se expidió la Resolución de Alcaldía No. 044-A-96-MLM disponiéndose entre otras cosas, a). la revisión de planillas de sueldos y salarios y la documentación relativa a remuneraciones, beneficios sociales, pensiones y demás conceptos laborales de la Municipalidad de Lima, a efectos de determinarse las cantidades que deben ser de abono y las que se hubieran pagado en exceso, by. establecer una escala remunerativa transitoria que rige desde enero de mil novecientos noventa y seis, e). poner en conocimiento de la Contraloría General de la República el Informe de Asesoría Legal Externa, d). solicitar a la misma Contraloría su pronunciamiento sobre los ""acuerdos"" y otros celebrados por la Municipalidad de Lima entre los años mil novecientos ochenta y ocho y mil novecientos noventa y cinco y las recomendaciones del caso. Por último, el representante de la Municipalidad de Lima, deduce excepción de caducidad. De fojas noventa y seis a noventa y ocho y con fecha catorce de octubre de mil novecientos noventa y seis el Tercer Juzgado Especializado de Derecho Público de Lima expide sentencia declarando Fundada en parte la demanda interpuesta, principalmente por considerar: Que la acción de cumplimiento procede contra cualquier autoridad o funcionario renuente a acatar una norma legal o un acto administrativo; Que el acto administrativo es toda declaración jurídica unilateral y ejecutiva por la que la administración crea, reconoce, modifica o extingue situaciones jurídicas subjetivas; Que de los derechos que alega el accionante solo el relativo al premio pecuniario ascendente a seis mil cuatrocientos treinta y un nuevos soles con veintidós céntimos es reconocido por la Resolución Directoral Administrativa del diecinueve de diciembre de mil novecientos noventa y cuatro y que no ha sido dejada sin efecto por disposición alguna; Que el pago de devengados no está contenido ni reconocido por acto administrativo alguno, siendo irrelevante el documento que contiene el cuadro respectivo por no .figurar el actor como su destinatario; Que en cuanto al reclamo por los meses impagos no existe certeza respecto del monto que corresponde yen cuanto a la disminución de remuneraciones en un treinta por ciento la Municipalidad actuó en mérito a la Resolución de Alcaldía No. 044-A, no siendo esta la vía para discutir la legalidad o validez de dicha Resolución; Que en relación a Compensación por Tiempo de Servicios, la demandada, mediante Resolución Municipal Administrativa No. 0209-96-DMA-MLM, cumplió con pagar al actor la suma de seiscientos cincuenta y dos nuevos soles con ochenta y dos céntimos por el citado concepto, por lo que la aplicación del Acuerdo de Concejo No. 178 no debe ser analizada en este proceso, debiendo añadirse que en dicho acuerdo no se establece que la Compensación por Tiempo de Servicios asciende a un sueldo integro por cada aPio de servicios; Que el incremento de ciento cincuenta nuevos soles mediante el Decreto de Urgencia No. 37-94 del once de julio de mil novecientos noventa y cuatro, no es procedente, debido a que el artículo 6 de la citada norma establece que los Gobiernos Locales se sujetaran al artículo 23 de la Ley 26268 o Ley de Presupuesto para 1994, y que a su vez indica, que no son de aplicación a los Gobiernos Locales, los aumentos de remuneraciones, bonificaciones o beneficios del Poder Ejecutivo a los servidores del sector público; y por ultimo; Que la excepción de caducidad no es viable toda vez que la carta notarial fue cursada por el actor el veinticinco de junio de mil novecientos noventa y seis, encontrándose por tanto la demanda dentro del termino de ley. Interpuesto recurso de apelación por la emplazada y por el demandante, los autos son remitidos a la Segunda Fiscalía Superior de Derecho Público para efectos de la vista correspondiente, y devueltos estos con dictamen que se pronuncia por que se revoque la apelada en el extremo en que se declara Fundada y reformándose, se declare improcedente, la Sala Especializada de Derecho Público, de la Corte Superior de Justicia de Lima, con fecha dieciséis de abril de mil novecientos noventa y siete y de fojas ciento cincuenta y siete a ciento cincuenta y ocho, revoca la resolución apelada en el extremo en que declara fundada en parte la demanda y reformándola declararon improcedente la demanda principalmente por considerar: Que' la excepción de caducidad no deviene en atendible por constituir los actos cuya cumplimiento se demanda, actos de omisión continuada hasta la actualidad; Que sin embargo, en cuanto al análisis de fondo, la resolución de Alcaldia No. 044-A-96, dispuso en su artículo 1, la inmediata revisión de las planillas de sueldos y salarios, así como de toda la documentación contable relativa a remuneraciones, beneficios sociales, pensiones, y demás conceptos atinentes a la problemática laboral de la Municipalidad de Lima Metropolitana, a los efectos de determinar, en concordancia con las disposiciones legales, las cantidades que deben ser de abono, así como las que pudieran haberse pagado en exceso, estableciendo en su artículo 2, yen tanto se realice la revisión, una escala remunerativa de carácter transitorio; Que teniendo plena validez la precitada resolución al no haberse declarado su ineficacia o invalidez, conserva vigencia y por ende la conducta del demandado debe adecuarse a la misma, quedando en tanto suspendido el cumplimiento de las pretensiones del actor, dado que al estar contenidas en la norma ya glosada no se hayan expeditas para ejecutarse, sino pendientes de determinación conforme a lo establecido en la citada resolución; Que de otro lado, las pretensiones de incumplimiento de pago de remuneraciones requieren en todo caso, mayor probanza, la misma que debe efectuarse en sede común, no siendo las pretensiones contenidas en la acción de cumplimiento factibles de ser ejercitadas. Contra esta resolución el accionante interpone recurso extraordinario, por lo que de conformidad con los dispositivos legales vigentes, se dispone el envio de los autos al Tribunal Constitucional. W , . evCAO.t(",9841,9743,False,False
00931-1996-AA,1997,sentencia,data\sentencia-Extract\1997\sentencia-pdf-1997.csv,,,0,0,True,False
00174-1997-AA,1997,sentencia,data\sentencia-Extract\1997\sentencia-pdf-1997.csv,,,0,0,True,False
00695-1997-AA,1997,sentencia,data\sentencia-Extract\1997\sentencia-pdf-1997.csv,,,0,0,True,False
00541-1996-AA,1997,sentencia,data\sentencia-Extract\1997\sentencia-pdf-1997.csv,,,0,0,True,False
00557-1997-AA,1997,sentencia,data\sentencia-Extract\1997\sentencia-pdf-1997.csv,,,0,0,True,False
00160-1997-AA,1997,sentencia,data\sentencia-Extract\1997\sentencia-pdf-1997.csv,,,0,0,True,False
00200-1996-AA,1997,sentencia,data\sentencia-Extract\1997\sentencia-pdf-1997.csv,,,0,0,True,False
00179-1997-AA,1997,sentencia,data\sentencia-Extract\1997\sentencia-pdf-1997.csv,,,0,0,True,False
00180-1997-AA,1997,sentencia,data\sentencia-Extract\1997\sentencia-pdf-1997.csv,,,0,0,True,False
00231-1993-AA,1997,sentencia,data\sentencia-Extract\1997\sentencia-pdf-1997.csv,,,0,0,True,False
00288-1996-AA,1997,sentencia,data\sentencia-Extract\1997\sentencia-pdf-1997.csv,,,0,0,True,False
00803-1996-AA,1997,sentencia,data\sentencia-Extract\1997\sentencia-pdf-1997.csv,,,0,0,True,False
00745-1997-AA,1997,sentencia,data\sentencia-Extract\1997\sentencia-pdf-1997.csv,,,0,0,True,False
00278-1997-AA,1997,sentencia,data\sentencia-Extract\1997\sentencia-pdf-1997.csv,,,0,0,True,False
00462-1996-AA,1997,sentencia,data\sentencia-Extract\1997\sentencia-pdf-1997.csv,,,0,0,True,False
00414-1996-AA,1997,sentencia,data\sentencia-Extract\1997\sentencia-pdf-1997.csv,,,0,0,True,False
00721-1996-AA,1997,sentencia,data\sentencia-Extract\1997\sentencia-pdf-1997.csv,"El demandante don Julián Teodoro Quispe Cubas plantea su acc/On sustentando su reclamo en la
transgresión de su derecho constitucional como trabajador al haberse expedido la Resolución Jefatural
No. 980-92-INC de/ veintinueve de diciembre de mil novecientos noventa y dos por la que se dispone
ces","El demandante don Julián Teodoro Quispe Cubas plantea su acc/On sustentando su reclamo en la transgresión de su derecho constitucional como trabajador al haberse expedido la Resolución Jefatural No. 980-92-INC de/ veintinueve de diciembre de mil novecientos noventa y dos por la que se dispone cesarlo en su cargo de Abogado Grado IlI-SPA por causal de reorganización y restructuración de/Instituto Nacional de Cultura (lNC). Alega que la antes citada Resolución es resultado de una evaluación a la que se les convocó con el pretexto de que se trataba de establecer el grado de preparación y capacidad de los trabajadores delINC y no para utilizarla en los objetivos que tuvo. Incluso puntualiza, que se les ha aplicado a los trabajadores del Instituto el Decreto Ley No. 25790, que sólo se refiere al Sistema Nacional de Museos del Estado, empero no a los trabajadores del INe. Por estas razones solicita se ínaplique o suspenda la Resolución que dispone su cese y se proceda a su reposición. Admitida la demanda por el Vigésimo Tercer Juzgado Civil de Lima, se dispone su traslado al Procurador Publico encargado de los Asuntos del Ministerio de Educación, quien la niega y contradice por considerar: Que la Resolución Jefatural impugnada es resultado de una acción de personal realizada por el INC, la que ha sido llevada a cabo a fin de dar cumplimiento a la reorganización y restructuración del citado Instituto y conforme al Decreto Ley No. 25790, cuya legalidad ha sido ratificada mediante las Leyes Constitucionales del Nueve y Quince de enero de mil novecientos noventa y tres, no habiéndose conculcado ningún derecho constitucional. De fojas treinta y dos a treinta y tres y con fecha veintisiete de diciembre de mil novecientos noventa y tres, el Juzgado expide resolución declarando fundada la acción principalmente por considerar: Que en el caso de autos se advierte que el accionan te fue cesado por la Resolución Jefatural No. 980-92-INC, la misma que se fundamenta en la Cuarta Disposición Transitoria del Decreto Ley No. 25790, no obstante que el mencionado Decreto Ley fue expedido como marco de creación del Sistema Nacional de Museos del Estado, dentro del cual se encargó al Instituto Nacional de Cultura lasfunciones de órgano rector y central del referido sistema, habiéndosele autorizado para que dentro de dicho marco aplique un programa de ~incentivos para renuncia voluntaria de trabajadores y ejecución de un programa de calificación, evaluación y selección de personal; Que dentro del ámbito específico de creación del Sistema Nacional de Museos del Estado, los programas destinados a reducir personal, se refieren estrictamente a trabajadores de los museos del Estado, no pudiéndose afectar a personal distinto, tal como se ha hecho con el accionante. Interpuesto recurso de apelación contradicha resolución por parte del Procurador emplazado, los autos son remitidos a la Segunda Fiscalía Superior en lo Civil de Lima para efectos de la vista correspondiente, y devueltos estos, con dictamen que se pronuncia por la revocatoria de la apelada y porque se declare infondada la demanda, la Segunda Sala Civil de la Corte Superior de Justicia de Lima, a fojas cincuenta y uno y con fecha diez de agosto de mil novecientos noventa y cuatro, revoca la resolución apelada y declara Infundada la demanda por considerar: Que, la pretensión de la demanda es dejar sin efecto la Resolución Jefatural No. 980-92-INC del veintinueve de diciembre de mil novecientos noventa y dos que dispone el cese del actor a partir del treinta y uno de diciembre del mismo año, por causal de reorganización y restructuración del Instituto Nacional de Cultura; Que la acción se ha interpuesto el veintiséis de julio de mil novecientos noventa y tres; Que en consecuencia han transcurrido mas de sesenta días hábiles de producida la afectación siendo aplicable el artículo 37 de la Ley No. 23506. Interpuesto recurso de nulidad contra esta resolución por parte del demandante, los autos son remitidos a la Fiscalía Suprema en lo Contencioso Administrativo para efectos de la vista correspondiente, y devueltos estos, con dictamen que se pronuncia por que se declare no haber nulidad en la recurrida, la Sala de Derecho Constitucional y Social de la Corte Suprema de Justicia de la República con fecha diez de mayo de mil novecientos noventa y cinco, declaro no haber nulidad en la sentencia de vista. Contra esta resolución el demandante interpone recurso de casación, por lo que de conformidad con los dispositivos legales vigentes y entendiendo dicho recurso como extraordinario, se dispone el envio de los autos al Tribunal Constitucional.",4692,4644,False,False
00487-1997-AA,1997,sentencia,data\sentencia-Extract\1997\sentencia-pdf-1997.csv,,,0,0,True,False
00382-1997-AA,1997,sentencia,data\sentencia-Extract\1997\sentencia-pdf-1997.csv,,,0,0,True,False
00345-1993-AA,1997,sentencia,data\sentencia-Extract\1997\sentencia-pdf-1997.csv,,,0,0,True,False
00510-1996-AA,1997,sentencia,data\sentencia-Extract\1997\sentencia-pdf-1997.csv,,,0,0,True,False
00446-1997-AA,1997,sentencia,data\sentencia-Extract\1997\sentencia-pdf-1997.csv,"Don José Ramos Sandoval Moreno, interpone Acción de Amparo CODITa el Presidente Ejecutivo del
Consejo Transitorio de Administración Regiooal de la Región Nor-Orieotal del Marañon, General de División
(R) don Ce""Sal"" Ramal Pesantes, a fID de que quede sin efecto las Resoluciones Presidenciales Nro.","Don José Ramos Sandoval Moreno, interpone Acción de Amparo CODITa el Presidente Ejecutivo del Consejo Transitorio de Administración Regiooal de la Región Nor-Orieotal del Marañon, General de División (R) don Ce""Sal"" Ramal Pesantes, a fID de que quede sin efecto las Resoluciones Presidenciales Nro. 467 y 468- 96-CTAR-RENOM-P, de diecisiete de setiembre de mil novecientos Doventiseis, por violaci6n de sus derechos constitucionales fundamentales de violación al derecho al trabajo, del derecho de petición ante autoridad competente atentando contra la integridad fisica del recurreDte y de su familia, al disponerse su cese por causal de'excedencia, solicitando se sirva d~jar sin efecto dichas resoluciones y se disponga su reposición en sus labores habituales, COmO al pago de todos sus beneficios y remtmeraciones dejadas de percibir confonne a ley. Sostiene el demandante que, su cese por causal de excedencia se realiza a partir de la fecha de la notifIcación de las precitadas resoluciones, las cuales se han ejecutado antes de vencer los plazos para que queden consentidas, a tenor de lo normado por el acápite l° del articulo veintiocho de la Ley N° 23506, es decir que no hay necesidad de agotar las vias previas. Alega ademas que en su condición de trabajador del sector salud., con veinte años de seMCIOS consecutivos, sin antecedentes adm.inistralivos y habiendo aprobado las anteriores evaluaciones existentes en el sector, ha sido decla.rado excedente al haber sido calificado con cincuentisiete punlos en el último examen. Asimismo, indica el demandante que ha interpuesto recursos de reconsideración y apelación, sin que hasta la fecha sean resueltos, siendo más bien notificado con las precitadas resoluciones que dispone su cese por causal de excedencia. Además el demandante indica que mediante Decreto Ley N° 26151 de fecha treinta de diciembre de mil novecientos noventidós, se autoriza al Ministerio de Salud para que culmine los procesos de reorganización y reestructuración, por un plazo de sesenta dias, contados a partir de la fecha de publicación del referido DecrelO Ley, la cuaJ no se ha cumplido hasta la fecha. no obstante ser requisito previo para la evaluación, devio.iendo la misma en ilegal, acreditando su aseveración con copia simple del Oficio N° 965- 96-RENOM-PE, de fecha once de abril de mil novecientos noventiséis, el cual se viene realizando para diJectivos y profesionales, quedando pendiente para técnicos y personal administrativo como asistenciaL Asimismo, la segunda parte del acápite 5.1. de la V Dis¡xlsiciones Generales de la Directiva W 001-96- PRES/VMlR, publicada en el Diario Oficial El Peruano, el quince de julio de mil novecientos noventiséis, el proceso de evaluación debe realizarse en los meses de julio y enero de cada año, mandato legal que no se ha cumplido, al haberse realizado el proceso en el mes de agosto, de acuerdo al cronograma de la Resolución de la Presidencia Regional N° 330-96-CTAR-RENOMIP, de fecha diecinueve de julio de mil novecientos noventiséis. Finalmente, que la comisión de evaluación debió estar integrada ¡xlr el Asesor Jwídico Regional, lo cual no se cumplió, al haber integrado la misma con el doctor Jorge Yaipen Velázquez, quien desempelb el cargo de Director Ejecutivo de Servicios Periféricos de La mbayaqu e, sin tener la condición de Asesor Jurídico Regional; como la circunstancia de conformar la comisión evaluadora con dos funcionarios de la sede regional, sin tomar en cuenta que la precitada directiva, disponía que se incorpore a la misma con dos funcionarios de confianza del sector correspondiente, en este caso Salud, constituyendo la misma 01lCJ violación. Admitida la demanda,. ésla es contestada por )a Apoderada Judicial del Consejo Transitorio de AdminiSl13ción Regional de la Región Nor-Orienta1 del Marañan, quien acredita su representación con copia fedatada de la Resolución .Presidencial Regional N° 416-%-CTA R-RENOMIP, de fecha veintitrés de agosto de mil novecienlOs noventiséis y copia de su Libreta Electoral, solicitando se declare infundada la demanda, pues: a) los funcionarios, trabajadores administrativos y de servicio de las entidades publicas del Estado, semestralmente son sometidos a evaluación, en aplicación del Decreto Ley N° 26093 Y Directiva N° ()() l-96/PRES-VMDR y Reglamento Interno de Evaluación de Rendimiento La.boral de los Trabajadores del CTAR-RENOM, aprobado ¡xlT Resolución de Presidencia Regional W 330-96-CTAR-RENOMIP del diecinueve de julio de mil novecientos noventiséis; b) el CTA R-RENOM en cwnplimiento de la norrnatividad vigente ceso al demandante por causal de excedencia al no haber obtenido el puntaje minimo en el proceso de evaluaciólI; c) el proceso de evaluación semestral está determinado para los servidores públicos y en consecuencia no tienen estabilidad laboral absoluta, toda va que su permanencia en los centros de trabajo esta condicionada a obtener puntaje aprobatorio, por 10 que no se puede considerar el cese por excedencia causal de Wl acto violatorio; y d) en cuanto concierne a la interpretación y aplicación de las nonnas legales y ... , reglamentarias del proceso de evaluación semesttal sobre todo a la Directiva N° OOl-96-PRESNMDR, existe confusión en cuanto a su aplicación. Asimismo la Procwadora Pública Encargada de los Asuntos Judiciales del Ministerio de Salud, se apersona al proceso y contesta la demanda negando y contradiciéndola señalando que el proceso de evaluación se efecttia de acuerdo al Decreto Ley N° 26093 y normas complentarias, resultando valido el cese del demandante al no baber alcanzado el puntaje mínimo en el proceso de evaluación. El Juez Provisional del Segundo Juzgado Transitorio en lo Civil de Chiclayo, expide resolución, declarando fundada la demanda. Interpuesto el recurso de apelación. Con fecba primero de abril de mil novecientos noventisiete, la Segunda Sala Civil de la Corte Superior de Justicia de Lambayeque, expide resolución, revocando y reformando la apelada, la declaró infundada. Interpuesto el recurso extraordinario, los autos son elevados al Tribunal Constitucional.",6168,6103,False,False
00500-1996-AA,1997,sentencia,data\sentencia-Extract\1997\sentencia-pdf-1997.csv,,,0,0,True,False
00038-1997-AA,1997,sentencia,data\sentencia-Extract\1997\sentencia-pdf-1997.csv,,,0,0,True,False
00010-1993-AA,1997,sentencia,data\sentencia-Extract\1997\sentencia-pdf-1997.csv,,,0,0,True,False
00040-1995-AA,1997,sentencia,data\sentencia-Extract\1997\sentencia-pdf-1997.csv,,,0,0,True,False
00916-1996-AA,1997,sentencia,data\sentencia-Extract\1997\sentencia-pdf-1997.csv,,,0,0,True,False
00996-1996-AA,1997,sentencia,data\sentencia-Extract\1997\sentencia-pdf-1997.csv,,,0,0,True,False
00591-1997-HC,1997,sentencia,data\sentencia-Extract\1997\sentencia-pdf-1997.csv,,,0,0,True,False
00668-1996-AA,1997,sentencia,data\sentencia-Extract\1997\sentencia-pdf-1997.csv,,,0,0,True,False
00534-1997-AA,1997,sentencia,data\sentencia-Extract\1997\sentencia-pdf-1997.csv,,,0,0,True,False
00529-1997-AA,1997,sentencia,data\sentencia-Extract\1997\sentencia-pdf-1997.csv,,,0,0,True,False
00189-1997-AA,1997,sentencia,data\sentencia-Extract\1997\sentencia-pdf-1997.csv,,,0,0,True,False
00235-1997-AA,1997,sentencia,data\sentencia-Extract\1997\sentencia-pdf-1997.csv,,,0,0,True,False
00236-1997-AA,1997,sentencia,data\sentencia-Extract\1997\sentencia-pdf-1997.csv,"Don Manuel Antonio Salazar Ramírez, interpone Acción de Amparo contra el Presidente Ejecutivo
del Consejo Transitorio de Administración Regional de la Región Nor-Oriental del Marafton, General de
División (R) don Cesar Ramal Pesantes, a fin de que quede sin efecto las Resoluciones Presidenciales N","Don Manuel Antonio Salazar Ramírez, interpone Acción de Amparo contra el Presidente Ejecutivo del Consejo Transitorio de Administración Regional de la Región Nor-Oriental del Marafton, General de División (R) don Cesar Ramal Pesantes, a fin de que quede sin efecto las Resoluciones Presidenciales Nro. 467 y 468-96-CTA R-RENOM-P, de diecisiete de setiembre de mil novecientos noventiséis, por violación de sus derechos constitucionales fundamentales de violación al derecho al trabajo, del derecho de petición ante autoridad competente atentando contra la integridad física del recurrente y de su fanlilia, al disponerse su cese por causal de excedencia, solicitando se sirva dejar sin efecto dichas resoluciones y se disponga su reposición en sus labores habituales de guardián nocturno, como al pago de todos sus beneficios y remuneraciones dejadas de percibir conforme a ley. Sostiene el demandante que, su cese por causal de excedencia se re~iza a partir de la fecha de la notificación de las precitadas resoluciones, las cuales se han ejecutado antes de vencer los plazos para que queden consentidas, a tenor de lo normado por el acápite la del artículo veintiocho de la Ley N° 23506, es decir que no hay necesidad de agotar las vías previas. Alega además que en su condición de trabajador del sector salud, con veinte años de servicios consecutivos, sin antecedentes administrativos y habiendo aprobado las anteriores evaluaciones existentes en el sector, ha sido declarado excedente al haber sido calificado con cincuentisiete puntos en el último examen. Asímisrno, indica el demandante que ha interpuesto recursos de reconsideración y apelación, sin que hasta la fecha sean resueltos, siendo más bien notificado con las precitadas resoluciones que dispone su cese por causal de excedencia. Además el demandante indica que mediante Decreto Ley N° 26151 de fecha treinta de diciembre de mil novecientos noventidós, se autoriza al Ministerio de Salud para que culmine los procesos de reorganización y reestructuración, por un plazo de sesenta días, contados a partir de la fecha de publicación del referido Decreto Ley, la cual no se ha cumplido hasta la fecha, no obstante ser requisito previo para la evaluación, deviniendo la misma en ilegal, acreditando su aseveración con copia sinlple del Oficio N° 965- 96-RENOM-PE, de fecha once de abril de mil novecientos noventiséis, el cual se viene realizando para directivos y profesionales, quedando pendiente para técnicos y personal administrativo como asistencial. Asimismo, la segunda parte del acápite 5.1. de las V Disposiciones Generales de la Directiva N° 001-96- PRESIVMIR, publicada en el Diario Oficial El Peruano, el quince de julio de mil novecientos noventiséis, el proceso de evaluación debe realizarse en los meses de julio y enero de cada año, mandato legal que no se ha cumplido, al haberse realizado el proceso en el mes de agosto, de acuerdo al cronograma de la Resolución de la Presidencia Regional N° 330-96-CT AR-RENOMIP, de fecha diecinueve de julio de mil novecientos noventiséis. Finalmente, que la comisión de evaluación debió estar integrada por el Asesor Jurídico Regional, lo cual no se cumplió, al haber integrado la misma con el doctor Jorge Yaipen Velázquez, quien desempeña el cargo de Director Ejecutivo de Servicios Periféricos de Lambayaque, sin tener la condición de Asesor Jurídico Regional; como la circunstancia de conformar la comisión evaluadora con dos funcionarios de la sede regional, sin tomar en cuenta que la precitada directiva, disponía que se incorpore a la misma con dos funcionarios de confianza del sector correspondiente, en este caso Salud, constituyendo la misma otra violación. Admitida la demanda, ésta es contestada por la Apoderada Judicial del Consejo Transitorio de Administración Regional de la Región Nor-Oriental del Marañon, quien acredita su representación con copia fedatada de la Resolución Presidencial Regional W 416-%-CTAR-RENOMIP, de fecha veintitrés de agosto de mil novecientos noventiséis y copia de su Libreta Electoral, solicitando se declare infundada la demanda, pues: a) los funcionarios, trabajadores administrativos y de servicio de las entidades públicas del Estado, semestralmente son sometidos a evaluación, en aplicación del Decreto Ley N° 26093 Y Directiva N° 00 l-96/PRES-VMDR y Reglamento Interno de Evaluación de Rendimiento Laboral de los Trabajadores del CTA R-RENOM, aprobado por Resolución de Presidencia Regional W 330-96-CTA R-RENOMIP del diecinueve de julio de mil novecientos noventiséis; b) el CTA R-RENOM en cumplimiento de la nonllatividad vigente ceso al demandante por causal de excedencia al no haber obtenido el puntaje mínimo en el proceso de evaluación; c) el proceso de evaluación semestral está determinado para los servidores públicos y en consecuencia no tienen estabilidad laboral absoluta, toda vez que su permanencia en los centros de trabajo esta condicionada a obtener puntaje aprobatorio, por lo que no se puede considerar el cese por excedencia causal de un acto violatorio; y d) en cuanto concierne a la interpretación y aplicación de las nOmIaS legales y .'8 ~UCA0tt. reglamentarias del proceso de evaluación semestral sobre todo a la Directiva N° 001-96-PRESNMDR, existe confusión en cuanto a su aplicación. Asimismo la Procuradora Pública Encargada de los Asuntos Judiciales del Ministerio de Salud, se apersona al proceso y contesta la demanda negando y contradiciéndola sefialando que el proceso de evaluación se efectúa de acuerdo al Decreto ley N° 26093 Y nonnas complentarias, resultando valido el cese del demandante al no haber alcanzado el puntaje mínimo en el proceso de evaluación. El Juez Provisional del Segundo Juzgado Transitorio en lo Civil de Cbiclayo, expide resolución, declarando fundada la demanda Interpuesto el recurso de apelación. Con fecha diecisiete de febrero de mil novecientos noventisiete, la Segunda Sala Civil Agraria Laboral de la Corte Superior de Justicia de Lambayeque, expide resolución, revocando y reformando la apelada, la declaró infundada. Interpuesto el recurso extraordinario, los autos son elevados al Tribunal Constitucional.",6214,6149,False,False
00457-1997-AA,1997,sentencia,data\sentencia-Extract\1997\sentencia-pdf-1997.csv,,,0,0,True,False
00122-1997-AA,1997,sentencia,data\sentencia-Extract\1997\sentencia-pdf-1997.csv,,,0,0,True,False
00599-1997-AA,1997,sentencia,data\sentencia-Extract\1997\sentencia-pdf-1997.csv,,,0,0,True,False
00791-1996-AA,1997,sentencia,data\sentencia-Extract\1997\sentencia-pdf-1997.csv,"Don Roberto Hernán Gómez Cano, interpone acción de amparo contra don Ronald
Corrales Picardo, Director de Acondicionamiento y Desarrollo de la Municipalidad
Provincial de Huaraz a fin que cese la perturbación. a su derecho de propiedad del
inmueble ubicado en el Caserío de Palmira, distrito de In","Don Roberto Hernán Gómez Cano, interpone acción de amparo contra don Ronald Corrales Picardo, Director de Acondicionamiento y Desarrollo de la Municipalidad Provincial de Huaraz a fin que cese la perturbación. a su derecho de propiedad del inmueble ubicado en el Caserío de Palmira, distrito de Independencia inscrito en la Oficina de Registro de Propiedad Inmueble, cuyas construcciones pretende demoler la Municipalidad Provincial de Huaraz, aduciendo que ha sido expropiada a su favor. ~ Sostiene el demandante, que desconoce el proceso de expropiación y que no ha recibido y el justiprecio y que por tanto se está vulnerando su derecho a la propiedad cautelado por el artículo 70 de la Constitución Política del Estado. Admitida la demanda, esta es contestada por don Ronald Corrales Picardo, Director de Acondicionamiento y Desarrollo de la referida Municipalidad, quien solicita se declare improcedente la misma, por cuanto señala que el tres de julio de mil novecientos ochentisiete, la Municipalidad inició un proceso de expropiación del predio Palmira contra la sucesión Manuel Peñaranda Huerta y otros; proceso judicial que ha culminado habiéndose procedido al pago del justiprecio. Asimismo indica el demandado, que las acciones dispuestas por la Dirección de Acondicionamiento y Desarrollo de la Municipalidad, están orientadas al saneamiento físico legal del área expropiada que consiste en la ejecución del proyecto de manzaneo, lotización y habilitación de vías, accesos y áreas verdes, de acuerdo a la facultad concedida a la Municipalidad mediante la Décimo Primera Disposición Complementaria de la Ley Orgánica de la Región ChavÍn, con el objeto que los poseedores accedan al respectivo título de propiedad. Con fecha nueve de julio de mil novecientos noventiséis, el Juez Provisional del Segundo Juzgado Especializado en 10 Civil de Huaraz expide Resolución, declarando improcedente la demanda. Interpuesto el recurso de apelación, con fecha veintidós de agosto de mil novecientos noventiséis, laSala Civil de la Corte Superior de Justicia de Ancash, expide resolución confirmando la ~pelada. Interpuesto el recurso extraordinario, los au'tos son elevados al Tribunal ConstitucionaL FUNDAMENTOS: 1. Que a la presente acción se ha acompañado el expediente número quinientos setentisiete - ochentisiete seguido por la Municipalidad Provincial de Huaraz con la Sucesión de Manuel Peñaranda y otros, sobre expropiación, del que fluye que dicha entidad al amparo de la Ley 24513, Ley de Saneamiento físico legal de Pueblos Jóvenes, emitió resoluciones administrativas,por las que establece que el área de veinticinco mil noventicuatro metros cuadrados ocupada por los moradores Pro Urbanización Palmira, Huaraz constituye un Asentamiento Humano; y declara de necesidad y utilidad pública y de interés social la expropiación del predio. En mérito a dichas disposiciones, la Municipalidad accionó contra los propietarios acreditados entre ellos don Roberto Hernan Gomez Cano y los ocupantes cuya propiedad no estaba acreditada. 2. Que, corre en autos que el demandado se apersonó al proceso de expropiación por escrito de fojas setentisiete su fecha veinticiinco de agosto de mil novecientos ochentisiete que, asimismo a fojas_ cuatrocientos veintiséis vuelta corre la constancia de la notificación de la resolución de primera instancia de fecha veintiuno de junio de mil novecientos noventiuno expedida por el Juez del Segundo Juzgado Civil de Huaraz obrante a fojas cuatrocientos veintitrés a cuatrocientos veinticinco; también corre a fojas quinientos diez constancia de la notificación de la Resolución de la Sala Civil de la Corte Superior de Justicia de Ancash de fojas quinientos ocho su fecha quince de diciembre de mil novecientos noventidós. Interpuesto el recurso de nulidad este fue declarado improcedente por resolución que corre a fojas quinientos doce vuelta; quedando demostrado que el demandante tuvo conocimiento del proceso sobre expropiación. 3. Que al haberse declarado judicialmente la expropiación de los terrenos del Asentamiento Humano Palmira, a favor de la Municipalidad Provincial de Huaraz y al estar ejerciendo esta las facultades que le asignan las disposiciones sobre la materia no esta vulnerando el derecho constitucional que invoca el demandante. Por estos fundamentos el Tribunal Constitucional haciendo uso de las atribuciones que le confiere la Constitución Política del Estado y su Ley Orgánica .",4504,4447,False,False
00924-1996-AA,1997,sentencia,data\sentencia-Extract\1997\sentencia-pdf-1997.csv,,,0,0,True,False
00914-1996-AA,1997,sentencia,data\sentencia-Extract\1997\sentencia-pdf-1997.csv,,,0,0,True,False
00461-1996-AA,1997,sentencia,data\sentencia-Extract\1997\sentencia-pdf-1997.csv,,,0,0,True,False
00371-1997-AA,1997,sentencia,data\sentencia-Extract\1997\sentencia-pdf-1997.csv,,,0,0,True,False
00499-1997-AA,1997,sentencia,data\sentencia-Extract\1997\sentencia-pdf-1997.csv,,,0,0,True,False
00072-1996-AA,1997,sentencia,data\sentencia-Extract\1997\sentencia-pdf-1997.csv,,,0,0,True,False
00144-1997-AA,1997,sentencia,data\sentencia-Extract\1997\sentencia-pdf-1997.csv,,,0,0,True,False
00089-1992-AA,1997,sentencia,data\sentencia-Extract\1997\sentencia-pdf-1997.csv,,,0,0,True,False
00262-1993-AA,1997,sentencia,data\sentencia-Extract\1997\sentencia-pdf-1997.csv,,,0,0,True,False
00768-1996-AA,1997,sentencia,data\sentencia-Extract\1997\sentencia-pdf-1997.csv,,,0,0,True,False
00383-1996-AA,1997,sentencia,data\sentencia-Extract\1997\sentencia-pdf-1997.csv,,,0,0,True,False
00342-1997-AA,1997,sentencia,data\sentencia-Extract\1997\sentencia-pdf-1997.csv,,,0,0,True,False
00339-1996-AA,1997,sentencia,data\sentencia-Extract\1997\sentencia-pdf-1997.csv,,,0,0,True,False
00063-1992-AA,1997,sentencia,data\sentencia-Extract\1997\sentencia-pdf-1997.csv,,,0,0,True,False
00085-1997-AA,1997,sentencia,data\sentencia-Extract\1997\sentencia-pdf-1997.csv,,,0,0,True,False
00161-1996-AA,1997,sentencia,data\sentencia-Extract\1997\sentencia-pdf-1997.csv,"Los demandantes interponen Acción de Amparo y de Cumplimiento alegando violación a sus derechos de
petición y defensa por parte de los emplazados quienes se han negado a notificarles la resolución del dos
de junio de mil novecientos noventa y cuatro, por la que se declara nula la sentencia apelada","Los demandantes interponen Acción de Amparo y de Cumplimiento alegando violación a sus derechos de petición y defensa por parte de los emplazados quienes se han negado a notificarles la resolución del dos de junio de mil novecientos noventa y cuatro, por la que se declara nula la sentencia apelada del veintinueve de febrero del mismo año que resuelve el sobreseimiento de la causa seguida con Expediente No . 287-94 y todo ello, no obstante que su abogado patrocinante señalo en su alegato el domicilio procesal de los recurrentes. Admitida la acción a tramite por la Primera Sala Civil de la Corte Superior de Justicia de Lima, se dispone su tramite por ante el Juez del Tercer Juzgado Especializado en lo Civil de Lima, el que a su vez corre traslado de la misma al Procurador Público encargado de los Asuntos del Poder Judicial. , • • • • • Contestada la demanda, por el citado Procurador, y posteriormente, por los directos emplazados, esta es negada y contradecida por estimarse que resulta de aplicación lo normado en la segunda parte del inciso 2 del artículo 200 de la Constitución y en inciso 2 del artículo 6 de la Ley No. 23506, ya que mediante amparo se pretende enervar la validez y efectos de una resolución dictada por un órgano jurisdiccional competente, y que por otra parte, la acción de cumplimiento no es aplicable respecto de un acto procesal. Remitidos los autos a la Sala Civil pertinente, se dispone su envío a la Primera Fiscalía Superior en lo Civil, la que mediante dictamen se pronuncia por la Improcedencia de la acción y devueltos estos, con fecha veintidós de mayo de mil novecientos noventa y cinco ya fojas setenta y uno, la Primera Sala Civil de • la Corte Superior de Justicia de Lima, declara Improcedente la demanda por considerar: Que el inciso 2 del artículo 6 de la Ley No. 23506 prohibe la interposición de garantías contra resoluciones judiciales dictadas en procedimientos regulares y; Que la pretensión demandada se apoya en un vicio de procedimiento, ante el cual los interesados han tenido expedito su derecho para hacerlo valer dentro del aludido procedimiento regular. Interpuesto recurso de nulidad los autos son remitidos a la Fiscalía Suprema en lo Contencioso Administrativa para efectos de la vista correspondiente y devueltos estos con dictamen que se pronuncia por la Improcedencia de la acción, la Sala de Derecho Constitucional y Social de la Corte Suprema de Justicia de la República, con fecha treinta y uno de enero de mil novecientos noventa y seis, declara no haber nulidad por los fundamentos pertinentes de la apelada y por considerar: Que para la reparación del acto supuestamente lesivo los actores debieron recurrir a los mecanismos procesales que la ley les prevee y no suplir estos recurriendo a la vía excepcional de las acciones de garantía. Contra esta resolución los demandantes interponen recurso extraordinario, por lo que de conformidad con los dispositivos legales vigentes, se dispuso el envío de los autos al Tribunal Constitucional. l'VNDAMENTOS Que como se aprecia de los autos, la demanda de Amparo y de Cumplimiento planteada por los actores ha sido intentada contra una situación de omisión procesal, consistente en no haber sido notificados de una resolución judicial expedida, dentro de un procedimiento penal regular. Que siendo esto aSÍ, la presente demanda debe desestimarse en aplicación del artículo 10 de la Ley No. 25398, complementaria de la Ley No. 23506, por cuanto las anomalías que pudieran cometerse dentro del proceso regular al que se refiere el inciso del articulo de la Ley, deben ventilarse y resolverse dentro de 2 6 los mismos procesos mediante el ejercicio de los recursos que las normas procesales especificas establecen y no mediante las acciones de garantía constitucional, reservadas exclusivamente, en el caso de las autoridades jurisdiccionales, para aquellas situaciones, en las que exista una evidente desnaturalización al Debido Proceso. Que a mayor abundamiento tampoco es viable una demanda conjunta como la que se ha intentado en el caso de autos pues el amparo y la acción de cumplimiento, poseen tramites independientes, debiéndose optar por una de las dos alternativas, según la naturaleza de la pretensión que se solicite. Por estos fundamentos, el Tribunal Constitucional, en uso de las atribuciones conferidas por la Constitución, su Ley Orgánica No. 26435 y la Ley Modificatoria No. 26801 . . , , • , • •",4493,4432,False,False
00174-1996-AA,1997,sentencia,data\sentencia-Extract\1997\sentencia-pdf-1997.csv,,,0,0,True,False
00201-1995-AA,1997,sentencia,data\sentencia-Extract\1997\sentencia-pdf-1997.csv,,,0,0,True,False
00234-1997-AC,1997,sentencia,data\sentencia-Extract\1997\sentencia-pdf-1997.csv,"La actora solicita que se disponga el cumplimiento de lo ordenado en la Resolución
Ministerial N° 469-96-SNDM, de dos de agosto de mil novecientos noventiséis expedida por
el Ministerio de Salud que declarando fundado el recurso de apelación presentado por la
actora deja sin efecto la excedencia ","La actora solicita que se disponga el cumplimiento de lo ordenado en la Resolución Ministerial N° 469-96-SNDM, de dos de agosto de mil novecientos noventiséis expedida por el Ministerio de Salud que declarando fundado el recurso de apelación presentado por la actora deja sin efecto la excedencia dispuesta en la Resolución Directoral N° 081-93-SBH, y en consecuencia dispone reincorporarla como servidora de la Sociedad de Beneficencia de Huancayo; señala que esta resolución al disponer su reincorporación, tácitamente, ordena el pago de las remuneraciones dejadas de percibir, por tanto, la administración está obligada a pagarle. Contestan la demanda negándola pues afirman que ellos han cumplido con la reincorporación mas no pueden abonarle ningún concepto por remuneraciones por no estar ordenado mediante resolución ya que como institución pública está sujeta a control y todos sus egresos tienen que estar sustentados. El Segundo Juzgado Mixto del Distrito Judicial de Huancayo, declara fundada la demanda, considerando que la resolución de incorporación no debe ser entendida literalmente sino que debe interpretarse )más aún cuando los derechos de remuneraciones está consagrado por la Constitución. La Sala Civil de la Corte Superior de Justicia de Junm, con lo expuesto por la físcal(a superior, revocando la apelada declara infundada la acción estimando que la demanda no es amparable por falta de sustento legal. Interpuesto el recurso extraordinario, los autos son elevados al Tribunal Constitucional.",1536,1517,False,False
00279-1997-AA,1997,sentencia,data\sentencia-Extract\1997\sentencia-pdf-1997.csv,,,0,0,True,False
00257-1997-AA,1997,sentencia,data\sentencia-Extract\1997\sentencia-pdf-1997.csv,,,0,0,True,False
00340-1993-AA,1997,sentencia,data\sentencia-Extract\1997\sentencia-pdf-1997.csv,,,0,0,True,False
00222-1997-AA,1997,sentencia,data\sentencia-Extract\1997\sentencia-pdf-1997.csv,,,0,0,True,False
00341-1993-AA,1997,sentencia,data\sentencia-Extract\1997\sentencia-pdf-1997.csv,,,0,0,True,False
00412-1997-AA,1997,sentencia,data\sentencia-Extract\1997\sentencia-pdf-1997.csv,,,0,0,True,False
00091-1996-AC,1997,sentencia,data\sentencia-Extract\1997\sentencia-pdf-1997.csv,,,0,0,True,False
00292-1997-AA,1997,sentencia,data\sentencia-Extract\1997\sentencia-pdf-1997.csv,,,0,0,True,False
00639-1997-AA,1997,sentencia,data\sentencia-Extract\1997\sentencia-pdf-1997.csv,,,0,0,True,False
00701-1996-AA,1997,sentencia,data\sentencia-Extract\1997\sentencia-pdf-1997.csv,,,0,0,True,False
00166-1993-AA,1997,sentencia,data\sentencia-Extract\1997\sentencia-pdf-1997.csv,,,0,0,True,False
00313-1997-AA,1997,sentencia,data\sentencia-Extract\1997\sentencia-pdf-1997.csv,,,0,0,True,False
00370-1997-AA,1997,sentencia,data\sentencia-Extract\1997\sentencia-pdf-1997.csv,"Don Franco Torres Ordoñez, interpone Acción de Amparo contra el Presidente Ejecutivo del
Consejo Transitorio de Administración Regional de la Región Nor-Oriental del Marañon, General de División
(R) don César Ramal Pesantes, a fm de que quede sin efecto las Resoluciones Presidenciales Nro. 467 y 4","Don Franco Torres Ordoñez, interpone Acción de Amparo contra el Presidente Ejecutivo del Consejo Transitorio de Administración Regional de la Región Nor-Oriental del Marañon, General de División (R) don César Ramal Pesantes, a fm de que quede sin efecto las Resoluciones Presidenciales Nro. 467 y 468- 96-CTAR-RENOM-P, de diecisiete de setiembre de mil novecientos noventiséis, por violación de sus derechos constitucionales fundamentales de violación al derecho al trabajo, del derecho de petición ante autoridad competente atentando contra la integridad fisica del recurrente y de su familia, al disponerse su cese por causal de excedencia, solicitando se sirva dejar sin efecto dichas resoluciones y se disponga su reposición en sus labores habituales, como al pago de todos sus beneficios y remuneraciones dejadas de percibir conforme a ley. Sostiene el demandante que, su cese por causal de excedencia se realiza a partir de la fecha de la notificación de las precitadas resoluciones, las cuales se han ejecutado antes de vencer los plazos para que queden consentidas, a tenor de lo normado por el acápite 10 del artículo veintiocho de la Ley N° 23506, es decir que no hay necesidad de agotar las vías previas. Alega además que en su condición de trabajador del sector salud, con veinte años de servicios consecutivos, sin antecedentes administrativos y habiendo aprobado las anteriores evaluaciones existentes en el sector, ha sido declarado excedente al haber sido calificado con cincuentisiete puntos en el último examen. Asimismo, indica el demandante que ha interpuso recursos de reconsideración y apelación, sin que hasta la fecha sean resueltos, siendo más bien notificado con las precitadas resoluciones que dispone su cese por causal de excedencia. Además el demandante indica que mediante Decreto Ley N° 26151 de fecha treinta de diciembre de mil novecientos noventidós, se autoriza al Ministerio de Salud para que culmine los procesos de reorganización y reestructuración, por un plazo de sesenta días, contados a partir de la fecha de publicación del referido Decreto Ley, la cual no se ha cumplido hasta la fecha, no obstante ser requisito previo para la evaluación, deviniendo la misma en ilegal, acreditando su aseveración con copia simple del Oficio N° 965- 96-RENOM-PE, de fecha once de abril de mil novecientos noventiséis, el cual se viene realizando para directivos y profesionales, quedando pendiente para técnicos y personal administrativo como asistencial. Asimismo, la segunda parte del acápite 5.1. de la V Disposiciones Generales de la Directiva N° 001-96- PRESIVMIR, publicada en el Diario Oficial El Peruano, el quince de julio de mil novecientos noventiséis, el proceso de evaluación debe realizarse en los meses de julio y enero de cada año, mandato legal que no se ha cumplido, al haberse realizado el proceso en el mes de agosto, de acuerdo al cronograma de la Resolución de la Presidencia Regional N° 330-96-CTAR-RENOMIP, de fecha diecinueve de julio de mil novecientos noventiséis. Finalmente, que la comisión de evaluación debió estar integrada por el Asesor Juridico Regional, 10 cual no se cumplió, al haber integrado la misma con el doctor Jorge Yaipen Velázquez, quien desempeña el cargo de Director Ejecutivo de Servicios Periféricos de Lambayaque, sin tener la condición de Asesor Juridico Regional; como la circunstancia de conformar la comisión evaluadora con dos funcionarios de la sede regional, sin tomar en cuenta que la precitada directiva, disponía que se incorpore a la misma con dos funcionarios de confianza del sector correspondiente, en este caso Salud, constituyendo la misma otra violación. Admitida la demanda, ésta es contestada por la Apoderada Judicial del Consejo Transitorio de Administración Regional de la Región Nor-Oriental del Marañon, quien acredita su representación con copia fedatada de la Resolución Presidencial Regional N° 416-96-CTAR-RENOMIP, de fecha veintitrés de agosto de mil novecientos noventiséis y copia de su Libreta Electoral, solicitando se declare infundada la demanda, pues: a) los funcionarios, trabajadores administrativos y de servicio de las entidades públicas del Estado, semestralmente son sometidos a evaluación, en aplicación del Decreto Ley N° 26093 Y Directiva N° 001-96/PRES-VMDR y Reglamento Interno de Evaluación de Rendimiento Laboral de los Trabajadores del CTAR-RENOM, aprobado por Resolución de Presidencia Regional N° 330-96-CTAR-RENOMIP del diecinueve de julio de mil novecientos noventiséis; b) el CT AR-RENOM en cumplimiento de la normatividad vigente cesó al demandante por causal de excedencia al no haber obtenido el puntaje m1nimo en el proceso de evaluación; c) el proceso de evaluación semestral está determinado para los servidores públicos y en consecuencia no tienen estabilidad laboral absoluta, toda vez que su permanencia en los centros de trabajo esta condicionada a obtener puntaje aprobatorio, por 10 que no se puede considerar el cese por excedencia causal de un acto violatorio; y d) en cuanto concierne a la interpretación y aplicación de las normas legales y reglamentarias del proceso de evaluación semestral sobre todo a la Directiva N° 001-96-PRESIVMDR, existe confusión en cuanto a su aplicación. Asimismo la Procuradora Pública Encargada de los Asuntos Judiciales del Ministerio de Salud, se apersona al proceso y contesta la demanda negando y contradiciéndola señalando que el proceso de evaluación se efectúa de acuerdo al Decreto ley N° 26093 y normas complentarias, resultando válido el cese del demandante al no haber alcanzado el puntaje mínimo en el proceso de evaluación. El Juez Provisional del Segundo Juzgado Transitorio en lo Civil de Chiclayo, expide resolución, declarando fundada la demanda. Interpuesto el recurso de apelación. Con fecha primero de abril de míl novecientos noventisiete, la Segunda Sala Civil de la Corte Superior de Justicia de Lambayeque, expide resolución, revocando y reformando la apelada, la declaró infundada. Interpuesto el recurso extraordinario, los autos son elevados al Tribunal Constitucional.",6140,6077,False,False
00285-1997-AA,1997,sentencia,data\sentencia-Extract\1997\sentencia-pdf-1997.csv,,,0,0,True,False
00351-1996-HC,1997,sentencia,data\sentencia-Extract\1997\sentencia-pdf-1997.csv,,,0,0,True,False
00210-1995-AA,1997,sentencia,data\sentencia-Extract\1997\sentencia-pdf-1997.csv,,,0,0,True,False
00138-1996-AA,1997,sentencia,data\sentencia-Extract\1997\sentencia-pdf-1997.csv,,,0,0,True,False
00816-1996-AA,1997,sentencia,data\sentencia-Extract\1997\sentencia-pdf-1997.csv,,,0,0,True,False
00420-1996-AA,1997,sentencia,data\sentencia-Extract\1997\sentencia-pdf-1997.csv,,,0,0,True,False
00815-1996-AA,1997,sentencia,data\sentencia-Extract\1997\sentencia-pdf-1997.csv,,,0,0,True,False
00061-1992-AA,1997,sentencia,data\sentencia-Extract\1997\sentencia-pdf-1997.csv,,,0,0,True,False
00052-1992-AA,1997,sentencia,data\sentencia-Extract\1997\sentencia-pdf-1997.csv,"La demandante interpone Acción de Amparo sustentando su reclamo en el hecho de haberse
declarado por el Tribunal Agrario la nulidad de la sentencia de fecha veinticuatro de octubre de
mil novecientos setenta y cinco así como su aclaratoria del veintitrés de octubre de mil
novecientos setenta y oc","La demandante interpone Acción de Amparo sustentando su reclamo en el hecho de haberse declarado por el Tribunal Agrario la nulidad de la sentencia de fecha veinticuatro de octubre de mil novecientos setenta y cinco así como su aclaratoria del veintitrés de octubre de mil novecientos setenta y ocho, expedidas ambas por el mismo Tribunal Agrario, pues dicha situación vulnera el derecho constitucional a la inalterabilidad de la cosa juzgada, motivo por el que la demandante exige se repongan las cosas al estado anterior a la referida transgresión. Especifica la demandante que años atrás sostuvo con don Leandro Ramos Villafuerte y otros, un proceso judicial sobre nulidad de acto jurídico ante el fuero agrario. Dentro de dicho proceso se expidió resolución por el Juzgado de Tierras con fecha veintiuno de julio de mil novecientos setenta y cinco por la que se declaró infundada la demanda. Sin embargo, al ser apelado dicho fallo, el Tribunal Agrario dictó la sentencia del veinticuatro de octubre de mil novecientos setenta y cinco, revocando la apelada y por el contrario, declarando fundada la demanda interpuesta. Contra esta resolución, Leandro Ramos Villafuerte dedujo diversas articulaciones y pedidos de nulidad, el último de los cuales fue desestimado con fecha quince de agosto de mil novecientos ochenta y cinco, contingencia que motivó que el citado litigante interpusiera Acción de Amparo, la misma que al ser resuelta en última instancia por la Corte Suprema y con fecha veintisiete de mayo de mil novecientos ochenta y seis, declaró fundada en parte la demanda interpuesta ordenando la expedición de nuevo fallo por el Tribunal Agrario respecto de la petición de nulidad que se le formulaba aun cuando sin afectar a la sentencia del veinticuatro de octubre de mil novecientos setenta y cinco. No obstante, al reasumirse jurisdicción por el Tribunal Agrario, se emite con fecha veinticinco de febrero de mil novecientos ochenta y ocho, nueva sentencia, la misma que declara nula la resolución del mismo tribunal del veinticuatro de octubre de mil novecientos setenta y cinco así como su aclaratoria del veintitrés de octubre de mil novecientos setenta y ocho. Es justamente esta nueva sentencia la que ha dado lugar a la presente Acción de Amparo con la que se pretende enervar los efectos definitivos contenidos en su fallo. Tramitada la causa con arreglo su naturaleza, se formula dictamen por la Tercera Fiscalía Superior en lo Civil, que se pronuncia por la improcedencia de la acción. Devueltos los autos a la Tercera Sala Civil de la Corte Superior de Lima a fojas ciento cincuenta y ocho y ciento cincuenta y nueve y con fecha veintinueve de diciembre de mil novecientos ochenta y ocho, se expide resolución por la que se declara improcedente la Acción. Dicha resolución empero es recurrida en nulidad por la demandante, la que es resuelta favorablemente por la Corte Suprema que declara nula la resolución emitida y ordena la expedición de nuevo pronunciamiento. Cumplido dicho mandato la Tercera Sala Civil de la Corte Superior de Lima a fojas ciento setenta y nueve y ciento ochenta y de conformidad con el dictamen fiscal expide resolución con fecha cuatro de octubre de mil novecientos noventa declarando improcedente la Acción, principalmente por considerar: Que conforme al inciso 2 del artículo 6º de la Ley 23506 no proceden las garantías contra resoluciones judiciales emanadas de un procedimiento regular. Interpuesto recurso de nulidad los autos son remitidos a la Fiscalía Suprema en lo Contencioso Administrativo para efectos de la vista correspondiente y devueltos con dictámen que se pronuncia porque no hay nulidad en la recurrida, la Segunda Sala Civil de la Corte Suprema de la República con fecha veintisiete de diciembre de mil novecientos noventa y uno y de fojas cuarenta y uno a cuarenta y cuatro del cuaderno respectivo, declara No Haber Nulidad en la sentencia de vista. Contra esta última resolución, así como contra lo que resuelve la misma Sala de la Corte Suprema sobre un pedido de recusación, la demandante interpone Recurso de Casación, por lo que de conformidad con el artículo 41º y la Disposición Transitoria Quinta de la Ley 26412 y entendiendo el presente Recurso como Extraordinario, se dispuso el envío de los autos al FUNDAMENTOS: Que del texto de la demanda interpuesta se advierte que la pretensión principal de la demandante se encuentra encaminada a cuestionar la validez de la sentencia expedida por el Tribunal Agrario con fecha veinticinco de febrero de mil novecientos ochenta y ocho, por entender que la misma transgrede el derecho a la inalterabilidad de la cosa juzgada que supuestamente reclama para las resoluciones expedidas por el mismo Tribunal Agrario con fecha veinticuatro de octubre de mil novecientos setenta y cinco y veintitrés de octubre de mil novecientos setenta y ocho. Que la resolución del Tribunal Agrario que cuestiona la demandante fue expedida en cumplimiento del mandato contenido en la Ejecutoria Suprema de fecha veintisiete de mayo de mil novecientos ochenta y seis dentro del proceso de Amparo interpuesto por Leandro Ramos Villafuerte y que precisamente ordena al Tribunal Agrario el pronunciarse sobre una petición de nulidad no resuelta por dicho colegiado, de manera que al resolverse por la nulidad de las resoluciones anteriormente expedidas no se estaba haciendo otra cosa que acatar el mandato de la máxima instancia judicial actuando como defensora de la Constitución. Que en todo caso, al pronunciarse la Corte Suprema porque se resuelva la articulación de nulidad efectuada es evidente que ello respondía a que tanto la sentencia del veinticuatro de octubre de mil novecientos setenta y cinco como su aclaratoria del veintitrés de octubre de mil novecientos ochenta y ocho, no ostentaban la categoría de cosa juzgada ni por consiguiente resultaban inalterables. Que consecuentemente no habiendo existido irregularidad alguna que haya desnaturalizado el proceso ventilado ante el Tribunal Agrario, sino al contrario una corrección del mismo mediante pronunciamiento de la Corte Suprema de Justicia, resulta de aplicación el inciso 2 del artículo 6º de la Ley 23506 que prohíbe expresamente la procedencia de las acciones de garantía contra resoluciones judiciales emanadas de un procedimiento regular. Que finalmente y por otra parte es menester precisar que el recurso planteado por la demandante ante este Tribunal, sólo puede referirse a la pretensión de fondo que se invoca y por ello resolverse conforme se ha hecho, pero resulta totalmente improcedente, respecto de incidencias como la recusación que se interpuso por ante la Corte Suprema de la República. Por estos fundamentos el Tribunal Constitucional, en uso de las atribuciones conferidas por la Constitución y su Ley Orgánica,",6885,6805,False,False
00669-1996-AA,1997,sentencia,data\sentencia-Extract\1997\sentencia-pdf-1997.csv,,,0,0,True,False
00672-1996-AA,1997,sentencia,data\sentencia-Extract\1997\sentencia-pdf-1997.csv,,,0,0,True,False
00824-1996-AA,1997,sentencia,data\sentencia-Extract\1997\sentencia-pdf-1997.csv,,,0,0,True,False
00821-1996-AA,1997,sentencia,data\sentencia-Extract\1997\sentencia-pdf-1997.csv,,,0,0,True,False
00823-1996-AA,1997,sentencia,data\sentencia-Extract\1997\sentencia-pdf-1997.csv,,,0,0,True,False
00817-1996-AA,1997,sentencia,data\sentencia-Extract\1997\sentencia-pdf-1997.csv,,,0,0,True,False
00818-1996-AA,1997,sentencia,data\sentencia-Extract\1997\sentencia-pdf-1997.csv,,,0,0,True,False
00819-1996-AA,1997,sentencia,data\sentencia-Extract\1997\sentencia-pdf-1997.csv,,,0,0,True,False
00820-1996-AA,1997,sentencia,data\sentencia-Extract\1997\sentencia-pdf-1997.csv,,,0,0,True,False
00828-1996-AA,1997,sentencia,data\sentencia-Extract\1997\sentencia-pdf-1997.csv,,,0,0,True,False
00827-1996-AA,1997,sentencia,data\sentencia-Extract\1997\sentencia-pdf-1997.csv,,,0,0,True,False
00321-1996-AA,1997,sentencia,data\sentencia-Extract\1997\sentencia-pdf-1997.csv,,,0,0,True,False
00793-1996-HC,1997,sentencia,data\sentencia-Extract\1997\sentencia-pdf-1997.csv,,,0,0,True,False
00329-1996-HC,1997,sentencia,data\sentencia-Extract\1997\sentencia-pdf-1997.csv,,,0,0,True,False
00326-1996-AA,1997,sentencia,data\sentencia-Extract\1997\sentencia-pdf-1997.csv,,,0,0,True,False
00792-1996-HC,1997,sentencia,data\sentencia-Extract\1997\sentencia-pdf-1997.csv,,,0,0,True,False
00177-1995-HC,1997,sentencia,data\sentencia-Extract\1997\sentencia-pdf-1997.csv,,,0,0,True,False
00591-1996-AA,1997,sentencia,data\sentencia-Extract\1997\sentencia-pdf-1997.csv,"La demandante solicita se le reponga en el puesto que desempeñaba y se le abonen
las remuneraciones dejadas de percibir; ordenando dejar sin efecto Memorándum N° 021-
el
OPER-OGA-MPM, mediante el cual se le notifica la terminación de su contrato de trabajo;
argumentando que ella laboró para la M","La demandante solicita se le reponga en el puesto que desempeñaba y se le abonen las remuneraciones dejadas de percibir; ordenando dejar sin efecto Memorándum N° 021- el OPER-OGA-MPM, mediante el cual se le notifica la terminación de su contrato de trabajo; argumentando que ella laboró para la Municipalidad durante más de un año, en forma • ininternllnpida, y que, por tanto, le asisten los derechos de personal estable, y sólo puede ser despedida por justa causa, de modo que dicho memorándum es arbitrario y lesiona sus derechos constitucionales de protección contra el despido arbitrario. La Municipalidad sostiene que la accionante fue contratada para prestar un servicio específico en el programa de ""Comedores Populares"", vía suscripción de contratos a tiempo - • determinado, y que el Jefe de Personal actuó correctamente y dentro de sus funciones, • haciéndole recordar el vencimiento de su contrato, por lo que, no habiendo violación de derechos, solicita se declare infundada la demanda. El Primer Juzgado Especializado en lo Civil de Maynas, declaró infundada la acción, estimando que la Municipalidad actuó dentro sus facultades al emitir el memorándum, con el único fin de recordar el vencimiento del contrato a plazo determinado, celebrado entre ambas partes, y que era de obligatorio cumplimiento, agregando que, por tanto, no existió vulneración de derechos. La Sala Especializada en 10 Civil de Loreto, confirmó la apelada, estimando que la actora era personal eventual, contratada para un proyecto específico de la Municipalidad. FUNDAMENTOS Y Fallo Considerando: que de autos fluye que el contrato invocado fue uno de plazo determinado, para un programa específico de la municipalidad, con fechas de inicio y terminación establecidas; que el hecho de emitir un memorándum recordando el vencimiento del plazo, no constituye violación a la Constitución, pues ello es consecuencia, lógica del contrato celebrado por ambas partes;",1976,1947,False,False
00602-1996-AA,1997,sentencia,data\sentencia-Extract\1997\sentencia-pdf-1997.csv,"El accionante solicita se anule el irregular proceso de ejecución de sentencia que se
viene tramitando en el expediente civil, sobre cancelación de contrato de locación de obra, e
indemnización de daños y perjuicios, por considerar que las resoluciones emanadas de él
~,
•
•
•
•
•
•
•
!
a","El accionante solicita se anule el irregular proceso de ejecución de sentencia que se viene tramitando en el expediente civil, sobre cancelación de contrato de locación de obra, e indemnización de daños y perjuicios, por considerar que las resoluciones emanadas de él ~, • • • • • • • ! atentan contra sus derechos constitucionales del debido proceso, y contra la autoridad de cosa juzgada. La Sala Mixta resuelve, de plano, la improcedencia de la demanda, considerando que las acciones de garantía no son instancias de revisión de resoluciones judiciales, y que de autos no aparece la tramitación de un proceso viciado. NTOSyfallo Considerando: que el estado del proceso, supuestamente irregular, es el de ejecución de sentencia, de conformidad con el inciso 2°, del artículo 6°, de la Ley N° 23506, Y artículo veintitrés de la Ley N° 25398, •",865,844,False,False
00678-1996-AA,1997,sentencia,data\sentencia-Extract\1997\sentencia-pdf-1997.csv,"La accionante pide se declare la nulidad de la Resolución de Alcaldía N° 1495-94-
MASL, de fecha seis de setiembre de mil novecientos noventa y cuatro, que dispone la
clausura de la playa de estacionamiento de su propiedad, por violación de la libertad de
contratar, del derecho de propiedad y de ","La accionante pide se declare la nulidad de la Resolución de Alcaldía N° 1495-94- MASL, de fecha seis de setiembre de mil novecientos noventa y cuatro, que dispone la clausura de la playa de estacionamiento de su propiedad, por violación de la libertad de contratar, del derecho de propiedad y de los derechos a la paz y tranquilidad; aduciendo que no es necesario agotar la vía previa, porque en tal caso, podría convertirse en irreparable la agresión. · ' ' El Alcalde demandado alega, como excepción, que no se agotó la vía previa; y sostiene que no ha existido violación constitucional, habiendo actuado en ejercicio de sus funciones y dentro del marco legal de su competencia. El Tercer Juzgado Especializado en lo Civil de Lima, declara infundada la excepción y fundada la demanda, por haber violación del derecho de contratación, de propiedad, de la libertad de trabajo; y, en consecuencia, deja sin efecto la resolución cuestionada. La Sala Superior confirma la apelada, aduciendo, con fundamentos propios, que se han violado los derechos constitucionales al debido proceso, y de defensa, durante el procedimiento administrativo. La Sala de Derecho Constitucional y Social, con lo expuesto por el dictamen fiscal, declara haber nulidad e improcedente la acción de garantía, por no haberse agotado la vía previa. FUNDAMENTOS Y Fallo Considerando: que, en el caso de autos el agotamiento de la vía previa no era exigible y existiendo vulneración del debido proceso;",1493,1471,False,False
00506-1996-AA,1997,sentencia,data\sentencia-Extract\1997\sentencia-pdf-1997.csv,,,0,0,True,False
00825-1996-AA,1997,sentencia,data\sentencia-Extract\1997\sentencia-pdf-1997.csv,,,0,0,True,False
00826-1996-AA,1997,sentencia,data\sentencia-Extract\1997\sentencia-pdf-1997.csv,,,0,0,True,False
00012-1996-AI,1997,sentencia,data\sentencia-Extract\1997\sentencia-pdf-1997.csv,,,0,0,True,False
00020-1996-AI,1997,sentencia,data\sentencia-Extract\1997\sentencia-pdf-1997.csv,,,0,0,True,False
00013-1996-AI,1997,sentencia,data\sentencia-Extract\1997\sentencia-pdf-1997.csv,,,0,0,True,False
00018-1996-AI,1997,sentencia,data\sentencia-Extract\1997\sentencia-pdf-1997.csv,,,0,0,True,False
00021-1996-AI,1997,sentencia,data\sentencia-Extract\1997\sentencia-pdf-1997.csv,,,0,0,True,False
00014-1996-AI,1997,sentencia,data\sentencia-Extract\1997\sentencia-pdf-1997.csv,"Con fecha seis de diciembre de mil novecientos noventa y seis, los demandantes
interponen acción de inconstitucionalidad contra la Ley N° 26530:
Sostienen, en su demanda, que la única finalidad de la ley impugnada es modificar
el artículo VI del Título Preliminar del Decreto Legislativo N° 346 (L","Con fecha seis de diciembre de mil novecientos noventa y seis, los demandantes interponen acción de inconstitucionalidad contra la Ley N° 26530: Sostienen, en su demanda, que la única finalidad de la ley impugnada es modificar el artículo VI del Título Preliminar del Decreto Legislativo N° 346 (Ley de Política Nacional de la Población), y que, con esta modificación, se incluye a la esterilización quirúrgica entre los métodos de planificación familiar autorizados, violándose derechos fundamentales del hombre, consagrados en la Carta Magna, como lo son: a) el recogido en el artículo 2°, inciso 1) de la Constitución, ya que -expresan- ""... la esterilización está .. : considerada por la más autorizada doctrina jurídica como una lesión a la integridad fisica, pues supone una intervención quirúrgica que elimina una función primordial del ser humano, como es la de procrear ... ""; agregando que "" ... provoca incapacidad fisiológica permanente, y, en muchos casos, irreversible, lo que no concuerda con la naturaleza temporal de los métodos anticonceptivos ..."" ; y b) el que protege la libertad individual, aduciendo que ésta, "" ... en cuanto al poder de decisión de que está dotando el ser humano, puede determinar la planificación de la familia y no tener hijos durante un tiempo -para lo cual usa métodos anticonceptivos- pero puede, también, optar en algún otro momento del de decurso existencial, procrearlos ... ""; y añadiendo que "" ... en esto consiste la libertad a la cual se refiere nuestra Carta Constitucional y los convenios y Pactos Internacionales citados, que son ley en nuestro país"". Complementan su pensamiento diciendo que "" ... la esterilización significa abdicar de la libertad ... en lo que respecta a la procreación ... "", y también"" ... desconoce el derecho a perpetuarse de la especie humana"". En su calidad de apoderado del demandado, se apersona el congresista Ricardo Marcenaro Frers, y, al absolver el traslado, subraya, entre otras cosas, lo siguiente: 1.- Que, con el fin de incorporar a nuestra legislación los procedimientos quirúrgicos, el Presidente de la República propuso modificar el artículo VI del Título preliminar del Decreto Legislativo N° 346. 2.- Que la Comisión de Salud, Población y Familia del Congreso, estudió el proyecto con la opinión calificada del Colegio Médico del Perú; y que, concluido el estudio, se presentaron dos dictámenes, uno a favor, firmado por la mayoría, y otro en contra, firmado por uno sólo de sus integrantes. 3.- Que, puesto a consideración del Pleno, se aprobó el texto, lográndose el consenso, sobre todo por la incorporación de un párrafo ""in fine"", destinado a garantizar que la adopción de métodos de planificación familiar se base en el libre ejercicio de la voluntad, sin que medien estímulos ni recompensas. 4.- En cuanto a los fundamentos, sostuvo que el hombre es un ser libre en esencia y que puede conformarse con su capacidad o rebelarse frente a ella, así como elegir un proyecto de vida dentro del bien común, ya sea por causas de orden sanitario (enfermedades congénitas) o de orden personal (planificación familiar). 5.- Entre sus principales argumentos, destacó, también, el de que el uso de procedimientos quirúrgicos responde a exigencias y circunstancias de la vida real, así como a la necesidad de "" ... ampliar los efectos de la Política Nacional de Población, para lograr más elevados índices de desarrollo poblacional ... "". '. Producidos los informes orales con fecha trece de marzo de mil novecientos noventisiete, la causa quedo al voto.",3592,3546,False,False
