numero_expediente,year,doc_type,source_file,original_snippet,cleaned_text,original_len,cleaned_len,noisy,reversed_fixed
01291-1999-AA,2000,sentencia,data\sentencia-Extract\2000\sentencia-pdf-2000.csv,,,0,0,True,False
00369-1999-AA,2000,sentencia,data\sentencia-Extract\2000\sentencia-pdf-2000.csv,,,0,0,True,False
00728-1999-AA,2000,sentencia,data\sentencia-Extract\2000\sentencia-pdf-2000.csv,,,0,0,True,False
00833-1999-HC,2000,sentencia,data\sentencia-Extract\2000\sentencia-pdf-2000.csv,,,0,0,True,False
00620-1999-AA,2000,sentencia,data\sentencia-Extract\2000\sentencia-pdf-2000.csv,,,0,0,True,False
00622-1999-AA,2000,sentencia,data\sentencia-Extract\2000\sentencia-pdf-2000.csv,,,0,0,True,False
00623-1999-AA,2000,sentencia,data\sentencia-Extract\2000\sentencia-pdf-2000.csv,,,0,0,True,False
00570-1999-AA,2000,sentencia,data\sentencia-Extract\2000\sentencia-pdf-2000.csv,,,0,0,True,False
00627-1999-AA,2000,sentencia,data\sentencia-Extract\2000\sentencia-pdf-2000.csv,,,0,0,True,False
00566-1997-AA,2000,sentencia,data\sentencia-Extract\2000\sentencia-pdf-2000.csv,,,0,0,True,False
00630-1997-AA,2000,sentencia,data\sentencia-Extract\2000\sentencia-pdf-2000.csv,,,0,0,True,False
00631-1997-AA,2000,sentencia,data\sentencia-Extract\2000\sentencia-pdf-2000.csv,,,0,0,True,False
00979-1998-AC,2000,sentencia,data\sentencia-Extract\2000\sentencia-pdf-2000.csv,,,0,0,True,False
01061-1998-AA,2000,sentencia,data\sentencia-Extract\2000\sentencia-pdf-2000.csv,,,0,0,True,False
00613-1999-HC,2000,sentencia,data\sentencia-Extract\2000\sentencia-pdf-2000.csv,,,0,0,True,False
01069-1996-AA,2000,sentencia,data\sentencia-Extract\2000\sentencia-pdf-2000.csv,,,0,0,True,False
00673-1997-AA,2000,sentencia,data\sentencia-Extract\2000\sentencia-pdf-2000.csv,,,0,0,True,False
00392-1998-AA,2000,sentencia,data\sentencia-Extract\2000\sentencia-pdf-2000.csv,,,0,0,True,False
00461-1997-AA,2000,sentencia,data\sentencia-Extract\2000\sentencia-pdf-2000.csv,,,0,0,True,False
00417-1999-AA,2000,sentencia,data\sentencia-Extract\2000\sentencia-pdf-2000.csv,,,0,0,True,False
00403-1999-AA,2000,sentencia,data\sentencia-Extract\2000\sentencia-pdf-2000.csv,,,0,0,True,False
00375-1999-AA,2000,sentencia,data\sentencia-Extract\2000\sentencia-pdf-2000.csv,,,0,0,True,False
00376-1999-AA,2000,sentencia,data\sentencia-Extract\2000\sentencia-pdf-2000.csv,,,0,0,True,False
00386-1998-AA,2000,sentencia,data\sentencia-Extract\2000\sentencia-pdf-2000.csv,,,0,0,True,False
00497-1999-HC,2000,sentencia,data\sentencia-Extract\2000\sentencia-pdf-2000.csv,,,0,0,True,False
00510-1999-AA,2000,sentencia,data\sentencia-Extract\2000\sentencia-pdf-2000.csv,,,0,0,True,False
00441-1999-AA,2000,sentencia,data\sentencia-Extract\2000\sentencia-pdf-2000.csv,,,0,0,True,False
01112-1997-AA,2000,sentencia,data\sentencia-Extract\2000\sentencia-pdf-2000.csv,,,0,0,True,False
00379-1999-AA,2000,sentencia,data\sentencia-Extract\2000\sentencia-pdf-2000.csv,,,0,0,True,False
00634-1997-AA,2000,sentencia,data\sentencia-Extract\2000\sentencia-pdf-2000.csv,,,0,0,True,False
00674-1997-AA,2000,sentencia,data\sentencia-Extract\2000\sentencia-pdf-2000.csv,,,0,0,True,False
00638-1999-HC,2000,sentencia,data\sentencia-Extract\2000\sentencia-pdf-2000.csv,,,0,0,True,False
00677-1997-AA,2000,sentencia,data\sentencia-Extract\2000\sentencia-pdf-2000.csv,,,0,0,True,False
00176-1998-AC,2000,sentencia,data\sentencia-Extract\2000\sentencia-pdf-2000.csv,,,0,0,True,False
00525-1997-HC,2000,sentencia,data\sentencia-Extract\2000\sentencia-pdf-2000.csv,,,0,0,True,False
00185-1999-AA,2000,sentencia,data\sentencia-Extract\2000\sentencia-pdf-2000.csv,,,0,0,True,False
00183-1998-AA,2000,sentencia,data\sentencia-Extract\2000\sentencia-pdf-2000.csv,,,0,0,True,False
00170-1998-AA,2000,sentencia,data\sentencia-Extract\2000\sentencia-pdf-2000.csv,,,0,0,True,False
00328-1999-AA,2000,sentencia,data\sentencia-Extract\2000\sentencia-pdf-2000.csv,,,0,0,True,False
00329-1999-AA,2000,sentencia,data\sentencia-Extract\2000\sentencia-pdf-2000.csv,,,0,0,True,False
00322-1997-AA,2000,sentencia,data\sentencia-Extract\2000\sentencia-pdf-2000.csv,,,0,0,True,False
00286-1999-AA,2000,sentencia,data\sentencia-Extract\2000\sentencia-pdf-2000.csv,,,0,0,True,False
00848-1997-HC,2000,sentencia,data\sentencia-Extract\2000\sentencia-pdf-2000.csv,,,0,0,True,False
00752-1997-AC,2000,sentencia,data\sentencia-Extract\2000\sentencia-pdf-2000.csv,,,0,0,True,False
00336-1999-AA,2000,sentencia,data\sentencia-Extract\2000\sentencia-pdf-2000.csv,,,0,0,True,False
00834-1999-HC,2000,sentencia,data\sentencia-Extract\2000\sentencia-pdf-2000.csv,,,0,0,True,False
00770-1997-AA,2000,sentencia,data\sentencia-Extract\2000\sentencia-pdf-2000.csv,,,0,0,True,False
01221-1997-AA,2000,sentencia,data\sentencia-Extract\2000\sentencia-pdf-2000.csv,,,0,0,True,False
01131-1999-HC,2000,sentencia,data\sentencia-Extract\2000\sentencia-pdf-2000.csv,,,0,0,True,False
01133-1997-AA,2000,sentencia,data\sentencia-Extract\2000\sentencia-pdf-2000.csv,,,0,0,True,False
00771-1997-AA,2000,sentencia,data\sentencia-Extract\2000\sentencia-pdf-2000.csv,,,0,0,True,False
00072-1999-HC,2000,sentencia,data\sentencia-Extract\2000\sentencia-pdf-2000.csv,,,0,0,True,False
00094-1999-AA,2000,sentencia,data\sentencia-Extract\2000\sentencia-pdf-2000.csv,,,0,0,True,False
00005-1999-AA,2000,sentencia,data\sentencia-Extract\2000\sentencia-pdf-2000.csv,,,0,0,True,False
00011-1998-AA,2000,sentencia,data\sentencia-Extract\2000\sentencia-pdf-2000.csv,,,0,0,True,False
00025-1999-AA,2000,sentencia,data\sentencia-Extract\2000\sentencia-pdf-2000.csv,,,0,0,True,False
00006-1999-AA,2000,sentencia,data\sentencia-Extract\2000\sentencia-pdf-2000.csv,,,0,0,True,False
01007-1997-AA,2000,sentencia,data\sentencia-Extract\2000\sentencia-pdf-2000.csv,,,0,0,True,False
01056-1998-AA,2000,sentencia,data\sentencia-Extract\2000\sentencia-pdf-2000.csv,,,0,0,True,False
00866-1998-AA,2000,sentencia,data\sentencia-Extract\2000\sentencia-pdf-2000.csv,,,0,0,True,False
00861-1998-AA,2000,sentencia,data\sentencia-Extract\2000\sentencia-pdf-2000.csv,,,0,0,True,False
00862-1997-AA,2000,sentencia,data\sentencia-Extract\2000\sentencia-pdf-2000.csv,,,0,0,True,False
00912-1997-AA,2000,sentencia,data\sentencia-Extract\2000\sentencia-pdf-2000.csv,,,0,0,True,False
01037-1998-AA,2000,sentencia,data\sentencia-Extract\2000\sentencia-pdf-2000.csv,,,0,0,True,False
00998-1998-AA,2000,sentencia,data\sentencia-Extract\2000\sentencia-pdf-2000.csv,,,0,0,True,False
00515-1999-AA,2000,sentencia,data\sentencia-Extract\2000\sentencia-pdf-2000.csv,,,0,0,True,False
00561-1999-AA,2000,sentencia,data\sentencia-Extract\2000\sentencia-pdf-2000.csv,,,0,0,True,False
00640-1997-AA,2000,sentencia,data\sentencia-Extract\2000\sentencia-pdf-2000.csv,,,0,0,True,False
01124-1998-AA,2000,sentencia,data\sentencia-Extract\2000\sentencia-pdf-2000.csv,,,0,0,True,False
01071-1997-AA,2000,sentencia,data\sentencia-Extract\2000\sentencia-pdf-2000.csv,,,0,0,True,False
00975-1999-HC,2000,sentencia,data\sentencia-Extract\2000\sentencia-pdf-2000.csv,,,0,0,True,False
01120-1997-AA,2000,sentencia,data\sentencia-Extract\2000\sentencia-pdf-2000.csv,,,0,0,True,False
01113-1997-AA,2000,sentencia,data\sentencia-Extract\2000\sentencia-pdf-2000.csv,,,0,0,True,False
01070-1997-AA,2000,sentencia,data\sentencia-Extract\2000\sentencia-pdf-2000.csv,,,0,0,True,False
01116-1997-AA,2000,sentencia,data\sentencia-Extract\2000\sentencia-pdf-2000.csv,,,0,0,True,False
01118-1997-AA,2000,sentencia,data\sentencia-Extract\2000\sentencia-pdf-2000.csv,,,0,0,True,False
01123-1997-AA,2000,sentencia,data\sentencia-Extract\2000\sentencia-pdf-2000.csv,,,0,0,True,False
01129-1997-AA,2000,sentencia,data\sentencia-Extract\2000\sentencia-pdf-2000.csv,,,0,0,True,False
01127-1997-AA,2000,sentencia,data\sentencia-Extract\2000\sentencia-pdf-2000.csv,,,0,0,True,False
01128-1997-AA,2000,sentencia,data\sentencia-Extract\2000\sentencia-pdf-2000.csv,,,0,0,True,False
01126-1997-AA,2000,sentencia,data\sentencia-Extract\2000\sentencia-pdf-2000.csv,,,0,0,True,False
00596-1999-HC,2000,sentencia,data\sentencia-Extract\2000\sentencia-pdf-2000.csv,,,0,0,True,False
00644-1997-AA,2000,sentencia,data\sentencia-Extract\2000\sentencia-pdf-2000.csv,,,0,0,True,False
00628-1997-AC,2000,sentencia,data\sentencia-Extract\2000\sentencia-pdf-2000.csv,,,0,0,True,False
00920-1997-AA,2000,sentencia,data\sentencia-Extract\2000\sentencia-pdf-2000.csv,,,0,0,True,False
00842-1997-AA,2000,sentencia,data\sentencia-Extract\2000\sentencia-pdf-2000.csv,,,0,0,True,False
00851-1997-AA,2000,sentencia,data\sentencia-Extract\2000\sentencia-pdf-2000.csv,,,0,0,True,False
00758-1997-AA,2000,sentencia,data\sentencia-Extract\2000\sentencia-pdf-2000.csv,,,0,0,True,False
00831-1999-HC,2000,sentencia,data\sentencia-Extract\2000\sentencia-pdf-2000.csv,,,0,0,True,False
01010-1997-AA,2000,sentencia,data\sentencia-Extract\2000\sentencia-pdf-2000.csv,,,0,0,True,False
01053-1997-AA,2000,sentencia,data\sentencia-Extract\2000\sentencia-pdf-2000.csv,,,0,0,True,False
01055-1997-AA,2000,sentencia,data\sentencia-Extract\2000\sentencia-pdf-2000.csv,,,0,0,True,False
00962-1997-AA,2000,sentencia,data\sentencia-Extract\2000\sentencia-pdf-2000.csv,,,0,0,True,False
01039-1997-AA,2000,sentencia,data\sentencia-Extract\2000\sentencia-pdf-2000.csv,,,0,0,True,False
00894-1997-AA,2000,sentencia,data\sentencia-Extract\2000\sentencia-pdf-2000.csv,,,0,0,True,False
01029-1997-AA,2000,sentencia,data\sentencia-Extract\2000\sentencia-pdf-2000.csv,,,0,0,True,False
00939-1997-AA,2000,sentencia,data\sentencia-Extract\2000\sentencia-pdf-2000.csv,,,0,0,True,False
01031-1997-AA,2000,sentencia,data\sentencia-Extract\2000\sentencia-pdf-2000.csv,,,0,0,True,False
01119-1997-AA,2000,sentencia,data\sentencia-Extract\2000\sentencia-pdf-2000.csv,,,0,0,True,False
01072-1997-AA,2000,sentencia,data\sentencia-Extract\2000\sentencia-pdf-2000.csv,,,0,0,True,False
01115-1997-AA,2000,sentencia,data\sentencia-Extract\2000\sentencia-pdf-2000.csv,,,0,0,True,False
01138-1997-AA,2000,sentencia,data\sentencia-Extract\2000\sentencia-pdf-2000.csv,,,0,0,True,False
01125-1997-AA,2000,sentencia,data\sentencia-Extract\2000\sentencia-pdf-2000.csv,,,0,0,True,False
01110-1997-AA,2000,sentencia,data\sentencia-Extract\2000\sentencia-pdf-2000.csv,,,0,0,True,False
01102-1997-AA,2000,sentencia,data\sentencia-Extract\2000\sentencia-pdf-2000.csv,,,0,0,True,False
01107-1997-AA,2000,sentencia,data\sentencia-Extract\2000\sentencia-pdf-2000.csv,,,0,0,True,False
01018-1997-AA,2000,sentencia,data\sentencia-Extract\2000\sentencia-pdf-2000.csv,,,0,0,True,False
01139-1997-AA,2000,sentencia,data\sentencia-Extract\2000\sentencia-pdf-2000.csv,,,0,0,True,False
00845-1997-AA,2000,sentencia,data\sentencia-Extract\2000\sentencia-pdf-2000.csv,,,0,0,True,False
00850-1997-AA,2000,sentencia,data\sentencia-Extract\2000\sentencia-pdf-2000.csv,,,0,0,True,False
01011-1997-AA,2000,sentencia,data\sentencia-Extract\2000\sentencia-pdf-2000.csv,,,0,0,True,False
00858-1997-AA,2000,sentencia,data\sentencia-Extract\2000\sentencia-pdf-2000.csv,,,0,0,True,False
00900-1997-AA,2000,sentencia,data\sentencia-Extract\2000\sentencia-pdf-2000.csv,,,0,0,True,False
01019-1997-AA,2000,sentencia,data\sentencia-Extract\2000\sentencia-pdf-2000.csv,,,0,0,True,False
00961-1997-AA,2000,sentencia,data\sentencia-Extract\2000\sentencia-pdf-2000.csv,,,0,0,True,False
01015-1997-AA,2000,sentencia,data\sentencia-Extract\2000\sentencia-pdf-2000.csv,,,0,0,True,False
01008-1997-AA,2000,sentencia,data\sentencia-Extract\2000\sentencia-pdf-2000.csv,,,0,0,True,False
01037-1997-AA,2000,sentencia,data\sentencia-Extract\2000\sentencia-pdf-2000.csv,,,0,0,True,False
01061-1997-AA,2000,sentencia,data\sentencia-Extract\2000\sentencia-pdf-2000.csv,,,0,0,True,False
01026-1997-AA,2000,sentencia,data\sentencia-Extract\2000\sentencia-pdf-2000.csv,,,0,0,True,False
00944-1997-AA,2000,sentencia,data\sentencia-Extract\2000\sentencia-pdf-2000.csv,,,0,0,True,False
01062-1997-AA,2000,sentencia,data\sentencia-Extract\2000\sentencia-pdf-2000.csv,,,0,0,True,False
00922-1997-AA,2000,sentencia,data\sentencia-Extract\2000\sentencia-pdf-2000.csv,,,0,0,True,False
01049-1997-AA,2000,sentencia,data\sentencia-Extract\2000\sentencia-pdf-2000.csv,,,0,0,True,False
00985-1997-AA,2000,sentencia,data\sentencia-Extract\2000\sentencia-pdf-2000.csv,,,0,0,True,False
01021-1997-AA,2000,sentencia,data\sentencia-Extract\2000\sentencia-pdf-2000.csv,,,0,0,True,False
00837-1998-AA,2000,sentencia,data\sentencia-Extract\2000\sentencia-pdf-2000.csv,,,0,0,True,False
00681-1997-AA,2000,sentencia,data\sentencia-Extract\2000\sentencia-pdf-2000.csv,,,0,0,True,False
00805-1997-AA,2000,sentencia,data\sentencia-Extract\2000\sentencia-pdf-2000.csv,,,0,0,True,False
00296-1997-AA,2000,sentencia,data\sentencia-Extract\2000\sentencia-pdf-2000.csv,,,0,0,True,False
00156-1998-AA,2000,sentencia,data\sentencia-Extract\2000\sentencia-pdf-2000.csv,,,0,0,True,False
00043-1998-AA,2000,sentencia,data\sentencia-Extract\2000\sentencia-pdf-2000.csv,,,0,0,True,False
00533-1999-AA,2000,sentencia,data\sentencia-Extract\2000\sentencia-pdf-2000.csv,,,0,0,True,False
00418-1998-AA,2000,sentencia,data\sentencia-Extract\2000\sentencia-pdf-2000.csv,,,0,0,True,False
00354-1998-AC,2000,sentencia,data\sentencia-Extract\2000\sentencia-pdf-2000.csv,,,0,0,True,False
00285-1999-AA,2000,sentencia,data\sentencia-Extract\2000\sentencia-pdf-2000.csv,,,0,0,True,False
00393-1999-AC,2000,sentencia,data\sentencia-Extract\2000\sentencia-pdf-2000.csv,,,0,0,True,False
00510-1998-AA,2000,sentencia,data\sentencia-Extract\2000\sentencia-pdf-2000.csv,,,0,0,True,False
00089-1999-AC,2000,sentencia,data\sentencia-Extract\2000\sentencia-pdf-2000.csv,,,0,0,True,False
00010-1998-AA,2000,sentencia,data\sentencia-Extract\2000\sentencia-pdf-2000.csv,,,0,0,True,False
01249-1997-AA,2000,sentencia,data\sentencia-Extract\2000\sentencia-pdf-2000.csv,,,0,0,True,False
01281-1997-AA,2000,sentencia,data\sentencia-Extract\2000\sentencia-pdf-2000.csv,,,0,0,True,False
01139-1998-AA,2000,sentencia,data\sentencia-Extract\2000\sentencia-pdf-2000.csv,,,0,0,True,False
01155-1997-AC,2000,sentencia,data\sentencia-Extract\2000\sentencia-pdf-2000.csv,,,0,0,True,False
01158-1997-AA,2000,sentencia,data\sentencia-Extract\2000\sentencia-pdf-2000.csv,,,0,0,True,False
00965-1999-HC,2000,sentencia,data\sentencia-Extract\2000\sentencia-pdf-2000.csv,,,0,0,True,False
01026-1998-AA,2000,sentencia,data\sentencia-Extract\2000\sentencia-pdf-2000.csv,,,0,0,True,False
00923-1997-AA,2000,sentencia,data\sentencia-Extract\2000\sentencia-pdf-2000.csv,,,0,0,True,False
00928-1998-AA,2000,sentencia,data\sentencia-Extract\2000\sentencia-pdf-2000.csv,,,0,0,True,False
00617-1999-HC,2000,sentencia,data\sentencia-Extract\2000\sentencia-pdf-2000.csv,,,0,0,True,False
00573-1999-AA,2000,sentencia,data\sentencia-Extract\2000\sentencia-pdf-2000.csv,,,0,0,True,False
00698-1997-AA,2000,sentencia,data\sentencia-Extract\2000\sentencia-pdf-2000.csv,,,0,0,True,False
00568-1999-AA,2000,sentencia,data\sentencia-Extract\2000\sentencia-pdf-2000.csv,,,0,0,True,False
00673-1999-AA,2000,sentencia,data\sentencia-Extract\2000\sentencia-pdf-2000.csv,,,0,0,True,False
00725-1998-AA,2000,sentencia,data\sentencia-Extract\2000\sentencia-pdf-2000.csv,,,0,0,True,False
00806-1999-AA,2000,sentencia,data\sentencia-Extract\2000\sentencia-pdf-2000.csv,,,0,0,True,False
00804-1997-AA,2000,sentencia,data\sentencia-Extract\2000\sentencia-pdf-2000.csv,,,0,0,True,False
00295-1997-AA,2000,sentencia,data\sentencia-Extract\2000\sentencia-pdf-2000.csv,,,0,0,True,False
00251-1999-AA,2000,sentencia,data\sentencia-Extract\2000\sentencia-pdf-2000.csv,,,0,0,True,False
00753-1999-AA,2000,sentencia,data\sentencia-Extract\2000\sentencia-pdf-2000.csv,,,0,0,True,False
00603-1999-HC,2000,sentencia,data\sentencia-Extract\2000\sentencia-pdf-2000.csv,,,0,0,True,False
00281-1999-HC,2000,sentencia,data\sentencia-Extract\2000\sentencia-pdf-2000.csv,,,0,0,True,False
00119-1999-AA,2000,sentencia,data\sentencia-Extract\2000\sentencia-pdf-2000.csv,,,0,0,True,False
00199-1998-AA,2000,sentencia,data\sentencia-Extract\2000\sentencia-pdf-2000.csv,,,0,0,True,False
00548-1999-HC,2000,sentencia,data\sentencia-Extract\2000\sentencia-pdf-2000.csv,,,0,0,True,False
00572-1999-AA,2000,sentencia,data\sentencia-Extract\2000\sentencia-pdf-2000.csv,,,0,0,True,False
00571-1999-AA,2000,sentencia,data\sentencia-Extract\2000\sentencia-pdf-2000.csv,,,0,0,True,False
00511-1999-AA,2000,sentencia,data\sentencia-Extract\2000\sentencia-pdf-2000.csv,,,0,0,True,False
00511-1998-AA,2000,sentencia,data\sentencia-Extract\2000\sentencia-pdf-2000.csv,,,0,0,True,False
00356-1997-AA,2000,sentencia,data\sentencia-Extract\2000\sentencia-pdf-2000.csv,,,0,0,True,False
01141-1998-AA,2000,sentencia,data\sentencia-Extract\2000\sentencia-pdf-2000.csv,,,0,0,True,False
00763-1997-AA,2000,sentencia,data\sentencia-Extract\2000\sentencia-pdf-2000.csv,,,0,0,True,False
00802-1998-AA,2000,sentencia,data\sentencia-Extract\2000\sentencia-pdf-2000.csv,,,0,0,True,False
00002-1999-CC,2000,sentencia,data\sentencia-Extract\2000\sentencia-pdf-2000.csv,,,0,0,True,False
00980-1997-AA,2000,sentencia,data\sentencia-Extract\2000\sentencia-pdf-2000.csv,,,0,0,True,False
00967-1997-AA,2000,sentencia,data\sentencia-Extract\2000\sentencia-pdf-2000.csv,,,0,0,True,False
00550-1999-HC,2000,sentencia,data\sentencia-Extract\2000\sentencia-pdf-2000.csv,,,0,0,True,False
00175-1999-AA,2000,sentencia,data\sentencia-Extract\2000\sentencia-pdf-2000.csv,,,0,0,True,False
00840-1997-AA,2000,sentencia,data\sentencia-Extract\2000\sentencia-pdf-2000.csv,,,0,0,True,False
00844-1997-AA,2000,sentencia,data\sentencia-Extract\2000\sentencia-pdf-2000.csv,,,0,0,True,False
01131-1997-AA,2000,sentencia,data\sentencia-Extract\2000\sentencia-pdf-2000.csv,,,0,0,True,False
00853-1997-AA,2000,sentencia,data\sentencia-Extract\2000\sentencia-pdf-2000.csv,,,0,0,True,False
01121-1997-AA,2000,sentencia,data\sentencia-Extract\2000\sentencia-pdf-2000.csv,,,0,0,True,False
01075-1997-AA,2000,sentencia,data\sentencia-Extract\2000\sentencia-pdf-2000.csv,,,0,0,True,False
01104-1997-AA,2000,sentencia,data\sentencia-Extract\2000\sentencia-pdf-2000.csv,,,0,0,True,False
01103-1997-AA,2000,sentencia,data\sentencia-Extract\2000\sentencia-pdf-2000.csv,,,0,0,True,False
01109-1997-AA,2000,sentencia,data\sentencia-Extract\2000\sentencia-pdf-2000.csv,,,0,0,True,False
00032-1998-AC,2000,sentencia,data\sentencia-Extract\2000\sentencia-pdf-2000.csv,,,0,0,True,False
00065-1998-AA,2000,sentencia,data\sentencia-Extract\2000\sentencia-pdf-2000.csv,,,0,0,True,False
00052-1999-AA,2000,sentencia,data\sentencia-Extract\2000\sentencia-pdf-2000.csv,,,0,0,True,False
00958-1997-AA,2000,sentencia,data\sentencia-Extract\2000\sentencia-pdf-2000.csv,,,0,0,True,False
00027-1999-AA,2000,sentencia,data\sentencia-Extract\2000\sentencia-pdf-2000.csv,,,0,0,True,False
00979-1997-AA,2000,sentencia,data\sentencia-Extract\2000\sentencia-pdf-2000.csv,,,0,0,True,False
00891-1997-AA,2000,sentencia,data\sentencia-Extract\2000\sentencia-pdf-2000.csv,,,0,0,True,False
00971-1997-AA,2000,sentencia,data\sentencia-Extract\2000\sentencia-pdf-2000.csv,,,0,0,True,False
01016-1997-AA,2000,sentencia,data\sentencia-Extract\2000\sentencia-pdf-2000.csv,,,0,0,True,False
01017-1997-AA,2000,sentencia,data\sentencia-Extract\2000\sentencia-pdf-2000.csv,,,0,0,True,False
00864-1997-AA,2000,sentencia,data\sentencia-Extract\2000\sentencia-pdf-2000.csv,,,0,0,True,False
00865-1997-AA,2000,sentencia,data\sentencia-Extract\2000\sentencia-pdf-2000.csv,,,0,0,True,False
00964-1997-AA,2000,sentencia,data\sentencia-Extract\2000\sentencia-pdf-2000.csv,,,0,0,True,False
00966-1997-AA,2000,sentencia,data\sentencia-Extract\2000\sentencia-pdf-2000.csv,,,0,0,True,False
00960-1997-AA,2000,sentencia,data\sentencia-Extract\2000\sentencia-pdf-2000.csv,,,0,0,True,False
00959-1997-AA,2000,sentencia,data\sentencia-Extract\2000\sentencia-pdf-2000.csv,,,0,0,True,False
01009-1997-AA,2000,sentencia,data\sentencia-Extract\2000\sentencia-pdf-2000.csv,,,0,0,True,False
00885-1997-AA,2000,sentencia,data\sentencia-Extract\2000\sentencia-pdf-2000.csv,,,0,0,True,False
00892-1997-AA,2000,sentencia,data\sentencia-Extract\2000\sentencia-pdf-2000.csv,,,0,0,True,False
00973-1997-AA,2000,sentencia,data\sentencia-Extract\2000\sentencia-pdf-2000.csv,,,0,0,True,False
00895-1997-AA,2000,sentencia,data\sentencia-Extract\2000\sentencia-pdf-2000.csv,,,0,0,True,False
00970-1997-AA,2000,sentencia,data\sentencia-Extract\2000\sentencia-pdf-2000.csv,,,0,0,True,False
00937-1997-AA,2000,sentencia,data\sentencia-Extract\2000\sentencia-pdf-2000.csv,,,0,0,True,False
00984-1997-AA,2000,sentencia,data\sentencia-Extract\2000\sentencia-pdf-2000.csv,,,0,0,True,False
00927-1997-AA,2000,sentencia,data\sentencia-Extract\2000\sentencia-pdf-2000.csv,,,0,0,True,False
00888-1997-AA,2000,sentencia,data\sentencia-Extract\2000\sentencia-pdf-2000.csv,,,0,0,True,False
00936-1997-AA,2000,sentencia,data\sentencia-Extract\2000\sentencia-pdf-2000.csv,,,0,0,True,False
01063-1997-AA,2000,sentencia,data\sentencia-Extract\2000\sentencia-pdf-2000.csv,,,0,0,True,False
00514-1998-AA,2000,sentencia,data\sentencia-Extract\2000\sentencia-pdf-2000.csv,,,0,0,True,False
00903-1997-AA,2000,sentencia,data\sentencia-Extract\2000\sentencia-pdf-2000.csv,,,0,0,True,False
01191-1997-AA,2000,sentencia,data\sentencia-Extract\2000\sentencia-pdf-2000.csv,,,0,0,True,False
00467-1998-AA,2000,sentencia,data\sentencia-Extract\2000\sentencia-pdf-2000.csv,,,0,0,True,False
00433-1998-AA,2000,sentencia,data\sentencia-Extract\2000\sentencia-pdf-2000.csv,,,0,0,True,False
00622-1998-AA,2000,sentencia,data\sentencia-Extract\2000\sentencia-pdf-2000.csv,,,0,0,True,False
00638-1997-AA,2000,sentencia,data\sentencia-Extract\2000\sentencia-pdf-2000.csv,,,0,0,True,False
00527-1998-AA,2000,sentencia,data\sentencia-Extract\2000\sentencia-pdf-2000.csv,,,0,0,True,False
00294-1998-AA,2000,sentencia,data\sentencia-Extract\2000\sentencia-pdf-2000.csv,,,0,0,True,False
00264-1998-AA,2000,sentencia,data\sentencia-Extract\2000\sentencia-pdf-2000.csv,,,0,0,True,False
00415-1999-AA,2000,sentencia,data\sentencia-Extract\2000\sentencia-pdf-2000.csv,,,0,0,True,False
00470-1998-AA,2000,sentencia,data\sentencia-Extract\2000\sentencia-pdf-2000.csv,,,0,0,True,False
00481-1997-AA,2000,sentencia,data\sentencia-Extract\2000\sentencia-pdf-2000.csv,,,0,0,True,False
00405-1998-AA,2000,sentencia,data\sentencia-Extract\2000\sentencia-pdf-2000.csv,,,0,0,True,False
00623-1998-AA,2000,sentencia,data\sentencia-Extract\2000\sentencia-pdf-2000.csv,,,0,0,True,False
00555-1999-AA,2000,sentencia,data\sentencia-Extract\2000\sentencia-pdf-2000.csv,,,0,0,True,False
00597-1998-AA,2000,sentencia,data\sentencia-Extract\2000\sentencia-pdf-2000.csv,,,0,0,True,False
00917-1997-AA,2000,sentencia,data\sentencia-Extract\2000\sentencia-pdf-2000.csv,,,0,0,True,False
00918-1999-AA,2000,sentencia,data\sentencia-Extract\2000\sentencia-pdf-2000.csv,,,0,0,True,False
00849-1999-AA,2000,sentencia,data\sentencia-Extract\2000\sentencia-pdf-2000.csv,,,0,0,True,False
00850-1999-HC,2000,sentencia,data\sentencia-Extract\2000\sentencia-pdf-2000.csv,,,0,0,True,False
00717-1999-AA,2000,sentencia,data\sentencia-Extract\2000\sentencia-pdf-2000.csv,,,0,0,True,False
01132-1997-AA,2000,sentencia,data\sentencia-Extract\2000\sentencia-pdf-2000.csv,,,0,0,True,False
00812-1999-AA,2000,sentencia,data\sentencia-Extract\2000\sentencia-pdf-2000.csv,,,0,0,True,False
00853-1999-HC,2000,sentencia,data\sentencia-Extract\2000\sentencia-pdf-2000.csv,,,0,0,True,False
00723-1998-AA,2000,sentencia,data\sentencia-Extract\2000\sentencia-pdf-2000.csv,,,0,0,True,False
01207-1997-AA,2000,sentencia,data\sentencia-Extract\2000\sentencia-pdf-2000.csv,,,0,0,True,False
01136-1997-AA,2000,sentencia,data\sentencia-Extract\2000\sentencia-pdf-2000.csv,,,0,0,True,False
01141-1997-AA,2000,sentencia,data\sentencia-Extract\2000\sentencia-pdf-2000.csv,,,0,0,True,False
01209-1997-AA,2000,sentencia,data\sentencia-Extract\2000\sentencia-pdf-2000.csv,,,0,0,True,False
00889-1997-AC,2000,sentencia,data\sentencia-Extract\2000\sentencia-pdf-2000.csv,,,0,0,True,False
00911-1998-AA,2000,sentencia,data\sentencia-Extract\2000\sentencia-pdf-2000.csv,,,0,0,True,False
00935-1997-AA,2000,sentencia,data\sentencia-Extract\2000\sentencia-pdf-2000.csv,,,0,0,True,False
01002-1997-AA,2000,sentencia,data\sentencia-Extract\2000\sentencia-pdf-2000.csv,,,0,0,True,False
01003-1997-AA,2000,sentencia,data\sentencia-Extract\2000\sentencia-pdf-2000.csv,,,0,0,True,False
00535-1999-AA,2000,sentencia,data\sentencia-Extract\2000\sentencia-pdf-2000.csv,,,0,0,True,False
00661-1998-AC,2000,sentencia,data\sentencia-Extract\2000\sentencia-pdf-2000.csv,,,0,0,True,False
00458-1998-AA,2000,sentencia,data\sentencia-Extract\2000\sentencia-pdf-2000.csv,,,0,0,True,False
01024-1998-AA,2000,sentencia,data\sentencia-Extract\2000\sentencia-pdf-2000.csv,,,0,0,True,False
00672-1999-AA,2000,sentencia,data\sentencia-Extract\2000\sentencia-pdf-2000.csv,,,0,0,True,False
00541-1998-AA,2000,sentencia,data\sentencia-Extract\2000\sentencia-pdf-2000.csv,,,0,0,True,False
00189-1999-AA,2000,sentencia,data\sentencia-Extract\2000\sentencia-pdf-2000.csv,,,0,0,True,False
00200-1999-AA,2000,sentencia,data\sentencia-Extract\2000\sentencia-pdf-2000.csv,,,0,0,True,False
00746-1997-AA,2000,sentencia,data\sentencia-Extract\2000\sentencia-pdf-2000.csv,,,0,0,True,False
00291-1999-AC,2000,sentencia,data\sentencia-Extract\2000\sentencia-pdf-2000.csv,,,0,0,True,False
00798-1998-AA,2000,sentencia,data\sentencia-Extract\2000\sentencia-pdf-2000.csv,,,0,0,True,False
00844-1998-AA,2000,sentencia,data\sentencia-Extract\2000\sentencia-pdf-2000.csv,,,0,0,True,False
00749-1999-AC,2000,sentencia,data\sentencia-Extract\2000\sentencia-pdf-2000.csv,,,0,0,True,False
00269-1998-AA,2000,sentencia,data\sentencia-Extract\2000\sentencia-pdf-2000.csv,,,0,0,True,False
00292-1999-AC,2000,sentencia,data\sentencia-Extract\2000\sentencia-pdf-2000.csv,,,0,0,True,False
00791-1998-AA,2000,sentencia,data\sentencia-Extract\2000\sentencia-pdf-2000.csv,,,0,0,True,False
00826-1999-HC,2000,sentencia,data\sentencia-Extract\2000\sentencia-pdf-2000.csv,,,0,0,True,False
00759-1998-AA,2000,sentencia,data\sentencia-Extract\2000\sentencia-pdf-2000.csv,,,0,0,True,False
00732-1998-AA,2000,sentencia,data\sentencia-Extract\2000\sentencia-pdf-2000.csv,,,0,0,True,False
00763-1998-AA,2000,sentencia,data\sentencia-Extract\2000\sentencia-pdf-2000.csv,,,0,0,True,False
00811-1998-AA,2000,sentencia,data\sentencia-Extract\2000\sentencia-pdf-2000.csv,,,0,0,True,False
01084-1998-AA,2000,sentencia,data\sentencia-Extract\2000\sentencia-pdf-2000.csv,,,0,0,True,False
01076-1997-AA,2000,sentencia,data\sentencia-Extract\2000\sentencia-pdf-2000.csv,,,0,0,True,False
01105-1998-AA,2000,sentencia,data\sentencia-Extract\2000\sentencia-pdf-2000.csv,,,0,0,True,False
01195-1997-AA,2000,sentencia,data\sentencia-Extract\2000\sentencia-pdf-2000.csv,,,0,0,True,False
01205-1997-AA,2000,sentencia,data\sentencia-Extract\2000\sentencia-pdf-2000.csv,,,0,0,True,False
00416-1998-AA,2000,sentencia,data\sentencia-Extract\2000\sentencia-pdf-2000.csv,,,0,0,True,False
01240-1997-AA,2000,sentencia,data\sentencia-Extract\2000\sentencia-pdf-2000.csv,,,0,0,True,False
01089-1998-AC,2000,sentencia,data\sentencia-Extract\2000\sentencia-pdf-2000.csv,,,0,0,True,False
00373-1999-AA,2000,sentencia,data\sentencia-Extract\2000\sentencia-pdf-2000.csv,,,0,0,True,False
01078-1998-HC,2000,sentencia,data\sentencia-Extract\2000\sentencia-pdf-2000.csv,,,0,0,True,False
00420-1999-AA,2000,sentencia,data\sentencia-Extract\2000\sentencia-pdf-2000.csv,,,0,0,True,False
00476-1998-AA,2000,sentencia,data\sentencia-Extract\2000\sentencia-pdf-2000.csv,,,0,0,True,False
00396-1998-AC,2000,sentencia,data\sentencia-Extract\2000\sentencia-pdf-2000.csv,,,0,0,True,False
00345-1997-AA,2000,sentencia,data\sentencia-Extract\2000\sentencia-pdf-2000.csv,,,0,0,True,False
00431-1998-AA,2000,sentencia,data\sentencia-Extract\2000\sentencia-pdf-2000.csv,,,0,0,True,False
00078-1999-AA,2000,sentencia,data\sentencia-Extract\2000\sentencia-pdf-2000.csv,,,0,0,True,False
00046-1993-AA,2000,sentencia,data\sentencia-Extract\2000\sentencia-pdf-2000.csv,,,0,0,True,False
00013-1995-AA,2000,sentencia,data\sentencia-Extract\2000\sentencia-pdf-2000.csv,,,0,0,True,False
00087-1999-AC,2000,sentencia,data\sentencia-Extract\2000\sentencia-pdf-2000.csv,,,0,0,True,False
00900-1999-HC,2000,sentencia,data\sentencia-Extract\2000\sentencia-pdf-2000.csv,,,0,0,True,False
00901-1999-HC,2000,sentencia,data\sentencia-Extract\2000\sentencia-pdf-2000.csv,,,0,0,True,False
00978-1998-AA,2000,sentencia,data\sentencia-Extract\2000\sentencia-pdf-2000.csv,,,0,0,True,False
00971-1999-HC,2000,sentencia,data\sentencia-Extract\2000\sentencia-pdf-2000.csv,,,0,0,True,False
00970-1999-HC,2000,sentencia,data\sentencia-Extract\2000\sentencia-pdf-2000.csv,,,0,0,True,False
00995-1998-AA,2000,sentencia,data\sentencia-Extract\2000\sentencia-pdf-2000.csv,,,0,0,True,False
00654-1998-AA,2000,sentencia,data\sentencia-Extract\2000\sentencia-pdf-2000.csv,,,0,0,True,False
00649-1997-AC,2000,sentencia,data\sentencia-Extract\2000\sentencia-pdf-2000.csv,,,0,0,True,False
00651-1997-AA,2000,sentencia,data\sentencia-Extract\2000\sentencia-pdf-2000.csv,,,0,0,True,False
00568-1997-AA,2000,sentencia,data\sentencia-Extract\2000\sentencia-pdf-2000.csv,,,0,0,True,False
00569-1999-AA,2000,sentencia,data\sentencia-Extract\2000\sentencia-pdf-2000.csv,,,0,0,True,False
00625-1998-AA,2000,sentencia,data\sentencia-Extract\2000\sentencia-pdf-2000.csv,,,0,0,True,False
00519-1999-AA,2000,sentencia,data\sentencia-Extract\2000\sentencia-pdf-2000.csv,,,0,0,True,False
00543-1999-AA,2000,sentencia,data\sentencia-Extract\2000\sentencia-pdf-2000.csv,,,0,0,True,False
00678-1999-HC,2000,sentencia,data\sentencia-Extract\2000\sentencia-pdf-2000.csv,,,0,0,True,False
00587-1999-AA,2000,sentencia,data\sentencia-Extract\2000\sentencia-pdf-2000.csv,,,0,0,True,False
00539-1999-AA,2000,sentencia,data\sentencia-Extract\2000\sentencia-pdf-2000.csv,,,0,0,True,False
00628-1999-AA,2000,sentencia,data\sentencia-Extract\2000\sentencia-pdf-2000.csv,,,0,0,True,False
01199-1999-AA,2000,sentencia,data\sentencia-Extract\2000\sentencia-pdf-2000.csv,,,0,0,True,False
01079-1999-HC,2000,sentencia,data\sentencia-Extract\2000\sentencia-pdf-2000.csv,,,0,0,True,False
00395-1997-AA,2000,sentencia,data\sentencia-Extract\2000\sentencia-pdf-2000.csv,,,0,0,True,False
00410-1999-AA,2000,sentencia,data\sentencia-Extract\2000\sentencia-pdf-2000.csv,,,0,0,True,False
00451-1999-AA,2000,sentencia,data\sentencia-Extract\2000\sentencia-pdf-2000.csv,,,0,0,True,False
00411-1999-AA,2000,sentencia,data\sentencia-Extract\2000\sentencia-pdf-2000.csv,,,0,0,True,False
00349-1998-AC,2000,sentencia,data\sentencia-Extract\2000\sentencia-pdf-2000.csv,,,0,0,True,False
00760-1999-AA,2000,sentencia,data\sentencia-Extract\2000\sentencia-pdf-2000.csv,,,0,0,True,False
00962-1999-HC,2000,sentencia,data\sentencia-Extract\2000\sentencia-pdf-2000.csv,,,0,0,True,False
01283-1997-AA,2000,sentencia,data\sentencia-Extract\2000\sentencia-pdf-2000.csv,,,0,0,True,False
00342-1998-AC,2000,sentencia,data\sentencia-Extract\2000\sentencia-pdf-2000.csv,,,0,0,True,False
00907-1997-AA,2000,sentencia,data\sentencia-Extract\2000\sentencia-pdf-2000.csv,,,0,0,True,False
00933-1998-AA,2000,sentencia,data\sentencia-Extract\2000\sentencia-pdf-2000.csv,,,0,0,True,False
00961-1999-HC,2000,sentencia,data\sentencia-Extract\2000\sentencia-pdf-2000.csv,,,0,0,True,False
00895-1998-AC,2000,sentencia,data\sentencia-Extract\2000\sentencia-pdf-2000.csv,,,0,0,True,False
00902-1999-HC,2000,sentencia,data\sentencia-Extract\2000\sentencia-pdf-2000.csv,,,0,0,True,False
00896-1998-AC,2000,sentencia,data\sentencia-Extract\2000\sentencia-pdf-2000.csv,,,0,0,True,False
01047-1998-AA,2000,sentencia,data\sentencia-Extract\2000\sentencia-pdf-2000.csv,,,0,0,True,False
00936-1998-AA,2000,sentencia,data\sentencia-Extract\2000\sentencia-pdf-2000.csv,,,0,0,True,False
01045-1999-HC,2000,sentencia,data\sentencia-Extract\2000\sentencia-pdf-2000.csv,,,0,0,True,False
01028-1997-AA,2000,sentencia,data\sentencia-Extract\2000\sentencia-pdf-2000.csv,,,0,0,True,False
00514-1999-AA,2000,sentencia,data\sentencia-Extract\2000\sentencia-pdf-2000.csv,,,0,0,True,False
00692-1998-AA,2000,sentencia,data\sentencia-Extract\2000\sentencia-pdf-2000.csv,,,0,0,True,False
00700-1997-AA,2000,sentencia,data\sentencia-Extract\2000\sentencia-pdf-2000.csv,,,0,0,True,False
00680-1999-HC,2000,sentencia,data\sentencia-Extract\2000\sentencia-pdf-2000.csv,,,0,0,True,False
00562-1999-AA,2000,sentencia,data\sentencia-Extract\2000\sentencia-pdf-2000.csv,,,0,0,True,False
00675-1999-AA,2000,sentencia,data\sentencia-Extract\2000\sentencia-pdf-2000.csv,,,0,0,True,False
00643-1997-AA,2000,sentencia,data\sentencia-Extract\2000\sentencia-pdf-2000.csv,,,0,0,True,False
00546-1999-AA,2000,sentencia,data\sentencia-Extract\2000\sentencia-pdf-2000.csv,,,0,0,True,False
00671-1999-HC,2000,sentencia,data\sentencia-Extract\2000\sentencia-pdf-2000.csv,,,0,0,True,False
00163-1998-AA,2000,sentencia,data\sentencia-Extract\2000\sentencia-pdf-2000.csv,,,0,0,True,False
00165-1999-AC,2000,sentencia,data\sentencia-Extract\2000\sentencia-pdf-2000.csv,,,0,0,True,False
00145-1999-AA,2000,sentencia,data\sentencia-Extract\2000\sentencia-pdf-2000.csv,,,0,0,True,False
00161-1999-AC,2000,sentencia,data\sentencia-Extract\2000\sentencia-pdf-2000.csv,,,0,0,True,False
00668-1999-AA,2000,sentencia,data\sentencia-Extract\2000\sentencia-pdf-2000.csv,,,0,0,True,False
00202-1998-AA,2000,sentencia,data\sentencia-Extract\2000\sentencia-pdf-2000.csv,,,0,0,True,False
00174-1999-AA,2000,sentencia,data\sentencia-Extract\2000\sentencia-pdf-2000.csv,,,0,0,True,False
00125-1998-AA,2000,sentencia,data\sentencia-Extract\2000\sentencia-pdf-2000.csv,,,0,0,True,False
00189-1998-AA,2000,sentencia,data\sentencia-Extract\2000\sentencia-pdf-2000.csv,,,0,0,True,False
00136-1996-AA,2000,sentencia,data\sentencia-Extract\2000\sentencia-pdf-2000.csv,,,0,0,True,False
00238-1999-AA,2000,sentencia,data\sentencia-Extract\2000\sentencia-pdf-2000.csv,,,0,0,True,False
00122-1998-AA,2000,sentencia,data\sentencia-Extract\2000\sentencia-pdf-2000.csv,,,0,0,True,False
00289-1999-AA,2000,sentencia,data\sentencia-Extract\2000\sentencia-pdf-2000.csv,,,0,0,True,False
00332-1998-AC,2000,sentencia,data\sentencia-Extract\2000\sentencia-pdf-2000.csv,,,0,0,True,False
00751-1999-AA,2000,sentencia,data\sentencia-Extract\2000\sentencia-pdf-2000.csv,,,0,0,True,False
00226-1998-AA,2000,sentencia,data\sentencia-Extract\2000\sentencia-pdf-2000.csv,,,0,0,True,False
00851-1998-AA,2000,sentencia,data\sentencia-Extract\2000\sentencia-pdf-2000.csv,,,0,0,True,False
00833-1998-AA,2000,sentencia,data\sentencia-Extract\2000\sentencia-pdf-2000.csv,,,0,0,True,False
00835-1999-HC,2000,sentencia,data\sentencia-Extract\2000\sentencia-pdf-2000.csv,,,0,0,True,False
00767-1999-HC,2000,sentencia,data\sentencia-Extract\2000\sentencia-pdf-2000.csv,,,0,0,True,False
00773-1999-AA,2000,sentencia,data\sentencia-Extract\2000\sentencia-pdf-2000.csv,,,0,0,True,False
00855-1998-AC,2000,sentencia,data\sentencia-Extract\2000\sentencia-pdf-2000.csv,,,0,0,True,False
00926-1997-AA,2000,sentencia,data\sentencia-Extract\2000\sentencia-pdf-2000.csv,,,0,0,True,False
00820-1997-AA,2000,sentencia,data\sentencia-Extract\2000\sentencia-pdf-2000.csv,,,0,0,True,False
01023-1998-AA,2000,sentencia,data\sentencia-Extract\2000\sentencia-pdf-2000.csv,,,0,0,True,False
00761-1997-AC,2000,sentencia,data\sentencia-Extract\2000\sentencia-pdf-2000.csv,,,0,0,True,False
00838-1997-AA,2000,sentencia,data\sentencia-Extract\2000\sentencia-pdf-2000.csv,,,0,0,True,False
00808-1999-HC,2000,sentencia,data\sentencia-Extract\2000\sentencia-pdf-2000.csv,,,0,0,True,False
00810-1999-AA,2000,sentencia,data\sentencia-Extract\2000\sentencia-pdf-2000.csv,,,0,0,True,False
01067-1997-AA,2000,sentencia,data\sentencia-Extract\2000\sentencia-pdf-2000.csv,,,0,0,True,False
01146-1998-AA,2000,sentencia,data\sentencia-Extract\2000\sentencia-pdf-2000.csv,,,0,0,True,False
00472-1999-AA,2000,sentencia,data\sentencia-Extract\2000\sentencia-pdf-2000.csv,,,0,0,True,False
01293-1997-AA,2000,sentencia,data\sentencia-Extract\2000\sentencia-pdf-2000.csv,,,0,0,True,False
00424-1998-AA,2000,sentencia,data\sentencia-Extract\2000\sentencia-pdf-2000.csv,,,0,0,True,False
01142-1999-AA,2000,sentencia,data\sentencia-Extract\2000\sentencia-pdf-2000.csv,,,0,0,True,False
01129-1999-HC,2000,sentencia,data\sentencia-Extract\2000\sentencia-pdf-2000.csv,,,0,0,True,False
00443-1998-AA,2000,sentencia,data\sentencia-Extract\2000\sentencia-pdf-2000.csv,,,0,0,True,False
00874-1999-HC,2000,sentencia,data\sentencia-Extract\2000\sentencia-pdf-2000.csv,,,0,0,True,False
00592-1998-AA,2000,sentencia,data\sentencia-Extract\2000\sentencia-pdf-2000.csv,,,0,0,True,False
00644-1999-AC,2000,sentencia,data\sentencia-Extract\2000\sentencia-pdf-2000.csv,,,0,0,True,False
00600-1998-AA,2000,sentencia,data\sentencia-Extract\2000\sentencia-pdf-2000.csv,,,0,0,True,False
00174-1998-AA,2000,sentencia,data\sentencia-Extract\2000\sentencia-pdf-2000.csv,,,0,0,True,False
00338-1999-AA,2000,sentencia,data\sentencia-Extract\2000\sentencia-pdf-2000.csv,,,0,0,True,False
00425-1999-AC,2000,sentencia,data\sentencia-Extract\2000\sentencia-pdf-2000.csv,,,0,0,True,False
00073-1998-AA,2000,sentencia,data\sentencia-Extract\2000\sentencia-pdf-2000.csv,,,0,0,True,False
00397-1997-AA,2000,sentencia,data\sentencia-Extract\2000\sentencia-pdf-2000.csv,,,0,0,True,False
00397-1998-AA,2000,sentencia,data\sentencia-Extract\2000\sentencia-pdf-2000.csv,,,0,0,True,False
00400-1997-AA,2000,sentencia,data\sentencia-Extract\2000\sentencia-pdf-2000.csv,,,0,0,True,False
00449-1999-AA,2000,sentencia,data\sentencia-Extract\2000\sentencia-pdf-2000.csv,,,0,0,True,False
00413-1998-AA,2000,sentencia,data\sentencia-Extract\2000\sentencia-pdf-2000.csv,,,0,0,True,False
00200-1998-AA,2000,sentencia,data\sentencia-Extract\2000\sentencia-pdf-2000.csv,,,0,0,True,False
00198-1998-AA,2000,sentencia,data\sentencia-Extract\2000\sentencia-pdf-2000.csv,,,0,0,True,False
00173-1999-AC,2000,sentencia,data\sentencia-Extract\2000\sentencia-pdf-2000.csv,,,0,0,True,False
00148-1998-AA,2000,sentencia,data\sentencia-Extract\2000\sentencia-pdf-2000.csv,,,0,0,True,False
00154-1998-AA,2000,sentencia,data\sentencia-Extract\2000\sentencia-pdf-2000.csv,,,0,0,True,False
00205-1999-AA,2000,sentencia,data\sentencia-Extract\2000\sentencia-pdf-2000.csv,,,0,0,True,False
00208-1998-AA,2000,sentencia,data\sentencia-Extract\2000\sentencia-pdf-2000.csv,,,0,0,True,False
00151-19998-AA,2000,sentencia,data\sentencia-Extract\2000\sentencia-pdf-2000.csv,,,0,0,True,False
00260-1998-AA,2000,sentencia,data\sentencia-Extract\2000\sentencia-pdf-2000.csv,,,0,0,True,False
00286-1998-AA,2000,sentencia,data\sentencia-Extract\2000\sentencia-pdf-2000.csv,,,0,0,True,False
00334-1999-AA,2000,sentencia,data\sentencia-Extract\2000\sentencia-pdf-2000.csv,,,0,0,True,False
00318-1998-AA,2000,sentencia,data\sentencia-Extract\2000\sentencia-pdf-2000.csv,,,0,0,True,False
00303-1997-AA,2000,sentencia,data\sentencia-Extract\2000\sentencia-pdf-2000.csv,,,0,0,True,False
00019-1999-AA,2000,sentencia,data\sentencia-Extract\2000\sentencia-pdf-2000.csv,,,0,0,True,False
00022-1999-AA,2000,sentencia,data\sentencia-Extract\2000\sentencia-pdf-2000.csv,,,0,0,True,False
00050-1999-AA,2000,sentencia,data\sentencia-Extract\2000\sentencia-pdf-2000.csv,,,0,0,True,False
00086-1999-AA,2000,sentencia,data\sentencia-Extract\2000\sentencia-pdf-2000.csv,,,0,0,True,False
00032-1999-AA,2000,sentencia,data\sentencia-Extract\2000\sentencia-pdf-2000.csv,,,0,0,True,False
00061-1999-AC,2000,sentencia,data\sentencia-Extract\2000\sentencia-pdf-2000.csv,,,0,0,True,False
00054-1999-AA,2000,sentencia,data\sentencia-Extract\2000\sentencia-pdf-2000.csv,,,0,0,True,False
00059-1998-AA,2000,sentencia,data\sentencia-Extract\2000\sentencia-pdf-2000.csv,,,0,0,True,False
00056-1999-AA,2000,sentencia,data\sentencia-Extract\2000\sentencia-pdf-2000.csv,,,0,0,True,False
00394-1998-AA,2000,sentencia,data\sentencia-Extract\2000\sentencia-pdf-2000.csv,,,0,0,True,False
00505-1999-AA,2000,sentencia,data\sentencia-Extract\2000\sentencia-pdf-2000.csv,,,0,0,True,False
00471-1998-AA,2000,sentencia,data\sentencia-Extract\2000\sentencia-pdf-2000.csv,,,0,0,True,False
00453-1998-AA,2000,sentencia,data\sentencia-Extract\2000\sentencia-pdf-2000.csv,,,0,0,True,False
00513-1998-AA,2000,sentencia,data\sentencia-Extract\2000\sentencia-pdf-2000.csv,,,0,0,True,False
00513-1999-AA,2000,sentencia,data\sentencia-Extract\2000\sentencia-pdf-2000.csv,,,0,0,True,False
00462-1999-AA,2000,sentencia,data\sentencia-Extract\2000\sentencia-pdf-2000.csv,,,0,0,True,False
00528-1998-AA,2000,sentencia,data\sentencia-Extract\2000\sentencia-pdf-2000.csv,,,0,0,True,False
00564-1999-AA,2000,sentencia,data\sentencia-Extract\2000\sentencia-pdf-2000.csv,,,0,0,True,False
00625-1999-AC,2000,sentencia,data\sentencia-Extract\2000\sentencia-pdf-2000.csv,,,0,0,True,False
00544-1999-AA,2000,sentencia,data\sentencia-Extract\2000\sentencia-pdf-2000.csv,,,0,0,True,False
00643-1999-AA,2000,sentencia,data\sentencia-Extract\2000\sentencia-pdf-2000.csv,,,0,0,True,False
00520-1999-AA,2000,sentencia,data\sentencia-Extract\2000\sentencia-pdf-2000.csv,,,0,0,True,False
00572-1997-AA,2000,sentencia,data\sentencia-Extract\2000\sentencia-pdf-2000.csv,,,0,0,True,False
00590-1999-HC,2000,sentencia,data\sentencia-Extract\2000\sentencia-pdf-2000.csv,,,0,0,True,False
00607-1999-HC,2000,sentencia,data\sentencia-Extract\2000\sentencia-pdf-2000.csv,,,0,0,True,False
00578-1999-HC,2000,sentencia,data\sentencia-Extract\2000\sentencia-pdf-2000.csv,,,0,0,True,False
00741-1999-AA,2000,sentencia,data\sentencia-Extract\2000\sentencia-pdf-2000.csv,,,0,0,True,False
00697-1999-AA,2000,sentencia,data\sentencia-Extract\2000\sentencia-pdf-2000.csv,,,0,0,True,False
00664-1998-AA,2000,sentencia,data\sentencia-Extract\2000\sentencia-pdf-2000.csv,,,0,0,True,False
00711-1999-AA,2000,sentencia,data\sentencia-Extract\2000\sentencia-pdf-2000.csv,,,0,0,True,False
00799-1999-AA,2000,sentencia,data\sentencia-Extract\2000\sentencia-pdf-2000.csv,,,0,0,True,False
00745-1998-AA,2000,sentencia,data\sentencia-Extract\2000\sentencia-pdf-2000.csv,,,0,0,True,False
00734-1998-AA,2000,sentencia,data\sentencia-Extract\2000\sentencia-pdf-2000.csv,,,0,0,True,False
00742-1999-AA,2000,sentencia,data\sentencia-Extract\2000\sentencia-pdf-2000.csv,,,0,0,True,False
00836-1999-HC,2000,sentencia,data\sentencia-Extract\2000\sentencia-pdf-2000.csv,,,0,0,True,False
00738-1997-AA,2000,sentencia,data\sentencia-Extract\2000\sentencia-pdf-2000.csv,,,0,0,True,False
00781-1998-AA,2000,sentencia,data\sentencia-Extract\2000\sentencia-pdf-2000.csv,,,0,0,True,False
00722-1998-AA,2000,sentencia,data\sentencia-Extract\2000\sentencia-pdf-2000.csv,,,0,0,True,False
00809-1999-AA,2000,sentencia,data\sentencia-Extract\2000\sentencia-pdf-2000.csv,,,0,0,True,False
00733-1998-AA,2000,sentencia,data\sentencia-Extract\2000\sentencia-pdf-2000.csv,,,0,0,True,False
00698-1999-AA,2000,sentencia,data\sentencia-Extract\2000\sentencia-pdf-2000.csv,,,0,0,True,False
00657-1999-AC,2000,sentencia,data\sentencia-Extract\2000\sentencia-pdf-2000.csv,,,0,0,True,False
00694-1999-AA,2000,sentencia,data\sentencia-Extract\2000\sentencia-pdf-2000.csv,,,0,0,True,False
00729-1998-AC,2000,sentencia,data\sentencia-Extract\2000\sentencia-pdf-2000.csv,,,0,0,True,False
00811-1999-AA,2000,sentencia,data\sentencia-Extract\2000\sentencia-pdf-2000.csv,,,0,0,True,False
00555-1998-AA,2000,sentencia,data\sentencia-Extract\2000\sentencia-pdf-2000.csv,,,0,0,True,False
01072-1998-AA,2000,sentencia,data\sentencia-Extract\2000\sentencia-pdf-2000.csv,,,0,0,True,False
01072-1999-HC,2000,sentencia,data\sentencia-Extract\2000\sentencia-pdf-2000.csv,,,0,0,True,False
01185-1997-AA,2000,sentencia,data\sentencia-Extract\2000\sentencia-pdf-2000.csv,,,0,0,True,False
01097-1999-AA,2000,sentencia,data\sentencia-Extract\2000\sentencia-pdf-2000.csv,,,0,0,True,False
01237-1997-AA,2000,sentencia,data\sentencia-Extract\2000\sentencia-pdf-2000.csv,,,0,0,True,False
01218-1997-AA,2000,sentencia,data\sentencia-Extract\2000\sentencia-pdf-2000.csv,,,0,0,True,False
00501-1999-AA,2000,sentencia,data\sentencia-Extract\2000\sentencia-pdf-2000.csv,,,0,0,True,False
00882-1999-AA,2000,sentencia,data\sentencia-Extract\2000\sentencia-pdf-2000.csv,,,0,0,True,False
00622-1997-AA,2000,sentencia,data\sentencia-Extract\2000\sentencia-pdf-2000.csv,,,0,0,True,False
01290-1997-AA,2000,sentencia,data\sentencia-Extract\2000\sentencia-pdf-2000.csv,,,0,0,True,False
01220-1997-AC,2000,sentencia,data\sentencia-Extract\2000\sentencia-pdf-2000.csv,,,0,0,True,False
00980-1998-AC,2000,sentencia,data\sentencia-Extract\2000\sentencia-pdf-2000.csv,,,0,0,True,False
01026-1999-AA,2000,sentencia,data\sentencia-Extract\2000\sentencia-pdf-2000.csv,,,0,0,True,False
00902-1997-AA,2000,sentencia,data\sentencia-Extract\2000\sentencia-pdf-2000.csv,,,0,0,True,False
00998-1999-AA,2000,sentencia,data\sentencia-Extract\2000\sentencia-pdf-2000.csv,,,0,0,True,False
00970-1998-AA,2000,sentencia,data\sentencia-Extract\2000\sentencia-pdf-2000.csv,,,0,0,True,False
00996-1999-AA,2000,sentencia,data\sentencia-Extract\2000\sentencia-pdf-2000.csv,,,0,0,True,False
00938-1999-HC,2000,sentencia,data\sentencia-Extract\2000\sentencia-pdf-2000.csv,,,0,0,True,False
00899-1997-AA,2000,sentencia,data\sentencia-Extract\2000\sentencia-pdf-2000.csv,,,0,0,True,False
00984-1998-AC,2000,sentencia,data\sentencia-Extract\2000\sentencia-pdf-2000.csv,,,0,0,True,False
00927-1999-HC,2000,sentencia,data\sentencia-Extract\2000\sentencia-pdf-2000.csv,,,0,0,True,False
00693-1999-AA,2000,sentencia,data\sentencia-Extract\2000\sentencia-pdf-2000.csv,,,0,0,True,False
00700-1999-AA,2000,sentencia,data\sentencia-Extract\2000\sentencia-pdf-2000.csv,,,0,0,True,False
00626-1999-AA,2000,sentencia,data\sentencia-Extract\2000\sentencia-pdf-2000.csv,,,0,0,True,False
01122-1997-AA,2000,sentencia,data\sentencia-Extract\2000\sentencia-pdf-2000.csv,,,0,0,True,False
00529-1999-AA,2000,sentencia,data\sentencia-Extract\2000\sentencia-pdf-2000.csv,,,0,0,True,False
00624-1999-AA,2000,sentencia,data\sentencia-Extract\2000\sentencia-pdf-2000.csv,,,0,0,True,False
00566-1998-AA,2000,sentencia,data\sentencia-Extract\2000\sentencia-pdf-2000.csv,,,0,0,True,False
01184-1999-HC,2000,sentencia,data\sentencia-Extract\2000\sentencia-pdf-2000.csv,,,0,0,True,False
00634-1998-AA,2000,sentencia,data\sentencia-Extract\2000\sentencia-pdf-2000.csv,,,0,0,True,False
01149-1999-HC,2000,sentencia,data\sentencia-Extract\2000\sentencia-pdf-2000.csv,,,0,0,True,False
01236-1997-AA,2000,sentencia,data\sentencia-Extract\2000\sentencia-pdf-2000.csv,,,0,0,True,False
01230-1999-HC,2000,sentencia,data\sentencia-Extract\2000\sentencia-pdf-2000.csv,,,0,0,True,False
01091-1998-AA,2000,sentencia,data\sentencia-Extract\2000\sentencia-pdf-2000.csv,,,0,0,True,False
00708-1998-AC,2000,sentencia,data\sentencia-Extract\2000\sentencia-pdf-2000.csv,,,0,0,True,False
01150-1999-HC,2000,sentencia,data\sentencia-Extract\2000\sentencia-pdf-2000.csv,,,0,0,True,False
00670-1999-AA,2000,sentencia,data\sentencia-Extract\2000\sentencia-pdf-2000.csv,,,0,0,True,False
00701-1999-AA,2000,sentencia,data\sentencia-Extract\2000\sentencia-pdf-2000.csv,,,0,0,True,False
01300-1999-HC,2000,sentencia,data\sentencia-Extract\2000\sentencia-pdf-2000.csv,,,0,0,True,False
01279-1999-HC,2000,sentencia,data\sentencia-Extract\2000\sentencia-pdf-2000.csv,,,0,0,True,False
01281-1999-HC,2000,sentencia,data\sentencia-Extract\2000\sentencia-pdf-2000.csv,,,0,0,True,False
00752-1999-AA,2000,sentencia,data\sentencia-Extract\2000\sentencia-pdf-2000.csv,,,0,0,True,False
00744-1999-AA,2000,sentencia,data\sentencia-Extract\2000\sentencia-pdf-2000.csv,,,0,0,True,False
00856-1999-AA,2000,sentencia,data\sentencia-Extract\2000\sentencia-pdf-2000.csv,,,0,0,True,False
01130-1999-HC,2000,sentencia,data\sentencia-Extract\2000\sentencia-pdf-2000.csv,,,0,0,True,False
00904-1999-AA,2000,sentencia,data\sentencia-Extract\2000\sentencia-pdf-2000.csv,,,0,0,True,False
00867-1999-HC,2000,sentencia,data\sentencia-Extract\2000\sentencia-pdf-2000.csv,,,0,0,True,False
00944-1999-AA,2000,sentencia,data\sentencia-Extract\2000\sentencia-pdf-2000.csv,,,0,0,True,False
00652-1998-AA,2000,sentencia,data\sentencia-Extract\2000\sentencia-pdf-2000.csv,,,0,0,True,False
00649-1998-AA,2000,sentencia,data\sentencia-Extract\2000\sentencia-pdf-2000.csv,,,0,0,True,False
00650-1998-AA,2000,sentencia,data\sentencia-Extract\2000\sentencia-pdf-2000.csv,,,0,0,True,False
01185-1999-HC,2000,sentencia,data\sentencia-Extract\2000\sentencia-pdf-2000.csv,,,0,0,True,False
00763-1999-AA,2000,sentencia,data\sentencia-Extract\2000\sentencia-pdf-2000.csv,,,0,0,True,False
00627-1998-AA,2000,sentencia,data\sentencia-Extract\2000\sentencia-pdf-2000.csv,,,0,0,True,False
00371-1999-AA,2000,sentencia,data\sentencia-Extract\2000\sentencia-pdf-2000.csv,,,0,0,True,False
00479-1998-AA,2000,sentencia,data\sentencia-Extract\2000\sentencia-pdf-2000.csv,,,0,0,True,False
00445-1998-AA,2000,sentencia,data\sentencia-Extract\2000\sentencia-pdf-2000.csv,,,0,0,True,False
00775-1998-AA,2000,sentencia,data\sentencia-Extract\2000\sentencia-pdf-2000.csv,,,0,0,True,False
00341-1998-AA,2000,sentencia,data\sentencia-Extract\2000\sentencia-pdf-2000.csv,,,0,0,True,False
00323-1999-AA,2000,sentencia,data\sentencia-Extract\2000\sentencia-pdf-2000.csv,,,0,0,True,False
00714-1999-AA,2000,sentencia,data\sentencia-Extract\2000\sentencia-pdf-2000.csv,,,0,0,True,False
00738-1999-AA,2000,sentencia,data\sentencia-Extract\2000\sentencia-pdf-2000.csv,,,0,0,True,False
00079-1997-AA,2000,sentencia,data\sentencia-Extract\2000\sentencia-pdf-2000.csv,,,0,0,True,False
00959-1996-AA,2000,sentencia,data\sentencia-Extract\2000\sentencia-pdf-2000.csv,,,0,0,True,False
00987-1997-AA,2000,sentencia,data\sentencia-Extract\2000\sentencia-pdf-2000.csv,,,0,0,True,False
00519-1998-AA,2000,sentencia,data\sentencia-Extract\2000\sentencia-pdf-2000.csv,,,0,0,True,False
00675-1998-AA,2000,sentencia,data\sentencia-Extract\2000\sentencia-pdf-2000.csv,,,0,0,True,False
00689-1998-AA,2000,sentencia,data\sentencia-Extract\2000\sentencia-pdf-2000.csv,,,0,0,True,False
00697-1998-AA,2000,sentencia,data\sentencia-Extract\2000\sentencia-pdf-2000.csv,,,0,0,True,False
00453-1999-AA,2000,sentencia,data\sentencia-Extract\2000\sentencia-pdf-2000.csv,,,0,0,True,False
01082-1998-AA,2000,sentencia,data\sentencia-Extract\2000\sentencia-pdf-2000.csv,,,0,0,True,False
00517-1999-AC,2000,sentencia,data\sentencia-Extract\2000\sentencia-pdf-2000.csv,,,0,0,True,False
01113-1999-AC,2000,sentencia,data\sentencia-Extract\2000\sentencia-pdf-2000.csv,,,0,0,True,False
01149-1998-AA,2000,sentencia,data\sentencia-Extract\2000\sentencia-pdf-2000.csv,,,0,0,True,False
01125-1998-AA,2000,sentencia,data\sentencia-Extract\2000\sentencia-pdf-2000.csv,,,0,0,True,False
01126-1998-AA,2000,sentencia,data\sentencia-Extract\2000\sentencia-pdf-2000.csv,,,0,0,True,False
01090-1999-AA,2000,sentencia,data\sentencia-Extract\2000\sentencia-pdf-2000.csv,,,0,0,True,False
01092-1999-AA,2000,sentencia,data\sentencia-Extract\2000\sentencia-pdf-2000.csv,,,0,0,True,False
01108-1997-AA,2000,sentencia,data\sentencia-Extract\2000\sentencia-pdf-2000.csv,,,0,0,True,False
01129-1998-AA,2000,sentencia,data\sentencia-Extract\2000\sentencia-pdf-2000.csv,,,0,0,True,False
01128-1998-AA,2000,sentencia,data\sentencia-Extract\2000\sentencia-pdf-2000.csv,,,0,0,True,False
00112-1999-AA,2000,sentencia,data\sentencia-Extract\2000\sentencia-pdf-2000.csv,,,0,0,True,False
00663-1999-AA,2000,sentencia,data\sentencia-Extract\2000\sentencia-pdf-2000.csv,,,0,0,True,False
00120-1999-AA,2000,sentencia,data\sentencia-Extract\2000\sentencia-pdf-2000.csv,,,0,0,True,False
00121-1999-AA,2000,sentencia,data\sentencia-Extract\2000\sentencia-pdf-2000.csv,,,0,0,True,False
00102-1999-AA,2000,sentencia,data\sentencia-Extract\2000\sentencia-pdf-2000.csv,,,0,0,True,False
01267-1999-AA,2000,sentencia,data\sentencia-Extract\2000\sentencia-pdf-2000.csv,,,0,0,True,False
00321-1999-AA,2000,sentencia,data\sentencia-Extract\2000\sentencia-pdf-2000.csv,,,0,0,True,False
00234-1999-AA,2000,sentencia,data\sentencia-Extract\2000\sentencia-pdf-2000.csv,,,0,0,True,False
00819-1998-AA,2000,sentencia,data\sentencia-Extract\2000\sentencia-pdf-2000.csv,,,0,0,True,False
00758-1999-AA,2000,sentencia,data\sentencia-Extract\2000\sentencia-pdf-2000.csv,,,0,0,True,False
00942-1999-AA,2000,sentencia,data\sentencia-Extract\2000\sentencia-pdf-2000.csv,,,0,0,True,False
01054-1997-AA,2000,sentencia,data\sentencia-Extract\2000\sentencia-pdf-2000.csv,,,0,0,True,False
00963-1999-AA,2000,sentencia,data\sentencia-Extract\2000\sentencia-pdf-2000.csv,,,0,0,True,False
00922-1998-AA,2000,sentencia,data\sentencia-Extract\2000\sentencia-pdf-2000.csv,,,0,0,True,False
00924-1998-AA,2000,sentencia,data\sentencia-Extract\2000\sentencia-pdf-2000.csv,,,0,0,True,False
00655-1997-AA,2000,sentencia,data\sentencia-Extract\2000\sentencia-pdf-2000.csv,,,0,0,True,False
01022-1999-AA,2000,sentencia,data\sentencia-Extract\2000\sentencia-pdf-2000.csv,,,0,0,True,False
01112-1999-AA,2000,sentencia,data\sentencia-Extract\2000\sentencia-pdf-2000.csv,,,0,0,True,False
01157-1998-AA,2000,sentencia,data\sentencia-Extract\2000\sentencia-pdf-2000.csv,,,0,0,True,False
00778-1998-AA,2000,sentencia,data\sentencia-Extract\2000\sentencia-pdf-2000.csv,,,0,0,True,False
00236-1999-AA,2000,sentencia,data\sentencia-Extract\2000\sentencia-pdf-2000.csv,,,0,0,True,False
00142-1998-AA,2000,sentencia,data\sentencia-Extract\2000\sentencia-pdf-2000.csv,,,0,0,True,False
00140-1998-AA,2000,sentencia,data\sentencia-Extract\2000\sentencia-pdf-2000.csv,,,0,0,True,False
00128-1998-AA,2000,sentencia,data\sentencia-Extract\2000\sentencia-pdf-2000.csv,,,0,0,True,False
00166-1998-AA,2000,sentencia,data\sentencia-Extract\2000\sentencia-pdf-2000.csv,,,0,0,True,False
00260-1999-AA,2000,sentencia,data\sentencia-Extract\2000\sentencia-pdf-2000.csv,,,0,0,True,False
00249-1998-AC,2000,sentencia,data\sentencia-Extract\2000\sentencia-pdf-2000.csv,,,0,0,True,False
00212-1999-AA,2000,sentencia,data\sentencia-Extract\2000\sentencia-pdf-2000.csv,,,0,0,True,False
00261-1998-AA,2000,sentencia,data\sentencia-Extract\2000\sentencia-pdf-2000.csv,,,0,0,True,False
00262-1999-AA,2000,sentencia,data\sentencia-Extract\2000\sentencia-pdf-2000.csv,,,0,0,True,False
00227-1999-AA,2000,sentencia,data\sentencia-Extract\2000\sentencia-pdf-2000.csv,,,0,0,True,False
00228-1999-AA,2000,sentencia,data\sentencia-Extract\2000\sentencia-pdf-2000.csv,,,0,0,True,False
00507-1998-AA,2000,sentencia,data\sentencia-Extract\2000\sentencia-pdf-2000.csv,,,0,0,True,False
01105-1999-AA,2000,sentencia,data\sentencia-Extract\2000\sentencia-pdf-2000.csv,,,0,0,True,False
00540-1998-AA,2000,sentencia,data\sentencia-Extract\2000\sentencia-pdf-2000.csv,,,0,0,True,False
00880-1999-AA,2000,sentencia,data\sentencia-Extract\2000\sentencia-pdf-2000.csv,,,0,0,True,False
00881-1999-AA,2000,sentencia,data\sentencia-Extract\2000\sentencia-pdf-2000.csv,,,0,0,True,False
00877-1999-AA,2000,sentencia,data\sentencia-Extract\2000\sentencia-pdf-2000.csv,,,0,0,True,False
00876-1999-AA,2000,sentencia,data\sentencia-Extract\2000\sentencia-pdf-2000.csv,,,0,0,True,False
00912-1998-AC,2000,sentencia,data\sentencia-Extract\2000\sentencia-pdf-2000.csv,,,0,0,True,False
00636-1996-AA,2000,sentencia,data\sentencia-Extract\2000\sentencia-pdf-2000.csv,,,0,0,True,False
01099-1999-AA,2000,sentencia,data\sentencia-Extract\2000\sentencia-pdf-2000.csv,,,0,0,True,False
00807-1998-AA,2000,sentencia,data\sentencia-Extract\2000\sentencia-pdf-2000.csv,,,0,0,True,False
00216-1999-AA,2000,sentencia,data\sentencia-Extract\2000\sentencia-pdf-2000.csv,,,0,0,True,False
00841-1998-AC,2000,sentencia,data\sentencia-Extract\2000\sentencia-pdf-2000.csv,,,0,0,True,False
00320-1998-AA,2000,sentencia,data\sentencia-Extract\2000\sentencia-pdf-2000.csv,,,0,0,True,False
00782-1998-AA,2000,sentencia,data\sentencia-Extract\2000\sentencia-pdf-2000.csv,,,0,0,True,False
01115-1999-AA,2000,sentencia,data\sentencia-Extract\2000\sentencia-pdf-2000.csv,,,0,0,True,False
01070-1998-AA,2000,sentencia,data\sentencia-Extract\2000\sentencia-pdf-2000.csv,,,0,0,True,False
00728-1998-AA,2000,sentencia,data\sentencia-Extract\2000\sentencia-pdf-2000.csv,,,0,0,True,False
00070-2000-HC,2000,sentencia,data\sentencia-Extract\2000\sentencia-pdf-2000.csv,,,0,0,True,False
00043-2000-HC,2000,sentencia,data\sentencia-Extract\2000\sentencia-pdf-2000.csv,,,0,0,True,False
01048-1997-AA,2000,sentencia,data\sentencia-Extract\2000\sentencia-pdf-2000.csv,,,0,0,True,False
00464-1999-AA,2000,sentencia,data\sentencia-Extract\2000\sentencia-pdf-2000.csv,,,0,0,True,False
01048-1998-HD,2000,sentencia,data\sentencia-Extract\2000\sentencia-pdf-2000.csv,,,0,0,True,False
00033-2000-HC,2000,sentencia,data\sentencia-Extract\2000\sentencia-pdf-2000.csv,,,0,0,True,False
01211-1999-AA,2000,sentencia,data\sentencia-Extract\2000\sentencia-pdf-2000.csv,,,0,0,True,False
00354-1999-AA,2000,sentencia,data\sentencia-Extract\2000\sentencia-pdf-2000.csv,,,0,0,True,False
00478-1998-AA,2000,sentencia,data\sentencia-Extract\2000\sentencia-pdf-2000.csv,,,0,0,True,False
00465-1999-AA,2000,sentencia,data\sentencia-Extract\2000\sentencia-pdf-2000.csv,,,0,0,True,False
01080-1998-AA,2000,sentencia,data\sentencia-Extract\2000\sentencia-pdf-2000.csv,,,0,0,True,False
01127-1999-AA,2000,sentencia,data\sentencia-Extract\2000\sentencia-pdf-2000.csv,,,0,0,True,False
00467-1999-AA,2000,sentencia,data\sentencia-Extract\2000\sentencia-pdf-2000.csv,,,0,0,True,False
00469-1999-AA,2000,sentencia,data\sentencia-Extract\2000\sentencia-pdf-2000.csv,,,0,0,True,False
00440-1998-AA,2000,sentencia,data\sentencia-Extract\2000\sentencia-pdf-2000.csv,,,0,0,True,False
00466-1999-AA,2000,sentencia,data\sentencia-Extract\2000\sentencia-pdf-2000.csv,,,0,0,True,False
00504-1999-AA,2000,sentencia,data\sentencia-Extract\2000\sentencia-pdf-2000.csv,,,0,0,True,False
00113-1999-AA,2000,sentencia,data\sentencia-Extract\2000\sentencia-pdf-2000.csv,,,0,0,True,False
00208-1999-AA,2000,sentencia,data\sentencia-Extract\2000\sentencia-pdf-2000.csv,,,0,0,True,False
01273-1997-AA,2000,sentencia,data\sentencia-Extract\2000\sentencia-pdf-2000.csv,,,0,0,True,False
01257-1999-AA,2000,sentencia,data\sentencia-Extract\2000\sentencia-pdf-2000.csv,,,0,0,True,False
00258-1999-AA,2000,sentencia,data\sentencia-Extract\2000\sentencia-pdf-2000.csv,,,0,0,True,False
01146-1999-AA,2000,sentencia,data\sentencia-Extract\2000\sentencia-pdf-2000.csv,,,0,0,True,False
01152-1998-AC,2000,sentencia,data\sentencia-Extract\2000\sentencia-pdf-2000.csv,,,0,0,True,False
00029-1998-AC,2000,sentencia,data\sentencia-Extract\2000\sentencia-pdf-2000.csv,,,0,0,True,False
00889-1998-AA,2000,sentencia,data\sentencia-Extract\2000\sentencia-pdf-2000.csv,,,0,0,True,False
00935-1999-AA,2000,sentencia,data\sentencia-Extract\2000\sentencia-pdf-2000.csv,,,0,0,True,False
00949-1997-AA,2000,sentencia,data\sentencia-Extract\2000\sentencia-pdf-2000.csv,,,0,0,True,False
00605-1997-AA,2000,sentencia,data\sentencia-Extract\2000\sentencia-pdf-2000.csv,,,0,0,True,False
00636-1998-AC,2000,sentencia,data\sentencia-Extract\2000\sentencia-pdf-2000.csv,,,0,0,True,False
00579-1998-AA,2000,sentencia,data\sentencia-Extract\2000\sentencia-pdf-2000.csv,,,0,0,True,False
00600-1999-AA,2000,sentencia,data\sentencia-Extract\2000\sentencia-pdf-2000.csv,,,0,0,True,False
00387-1999-AA,2000,sentencia,data\sentencia-Extract\2000\sentencia-pdf-2000.csv,,,0,0,True,False
01305-1999-AA,2000,sentencia,data\sentencia-Extract\2000\sentencia-pdf-2000.csv,,,0,0,True,False
00919-1999-AA,2000,sentencia,data\sentencia-Extract\2000\sentencia-pdf-2000.csv,,,0,0,True,False
01258-1999-AA,2000,sentencia,data\sentencia-Extract\2000\sentencia-pdf-2000.csv,,,0,0,True,False
00279-1999-AA,2000,sentencia,data\sentencia-Extract\2000\sentencia-pdf-2000.csv,,,0,0,True,False
01306-1999-AA,2000,sentencia,data\sentencia-Extract\2000\sentencia-pdf-2000.csv,,,0,0,True,False
00712-1999-AA,2000,sentencia,data\sentencia-Extract\2000\sentencia-pdf-2000.csv,,,0,0,True,False
00845-1998-AA,2000,sentencia,data\sentencia-Extract\2000\sentencia-pdf-2000.csv,,,0,0,True,False
00709-1998-AA,2000,sentencia,data\sentencia-Extract\2000\sentencia-pdf-2000.csv,,,0,0,True,False
00316-1999-AA,2000,sentencia,data\sentencia-Extract\2000\sentencia-pdf-2000.csv,,,0,0,True,False
00252-1998-AA,2000,sentencia,data\sentencia-Extract\2000\sentencia-pdf-2000.csv,,,0,0,True,False
01070-1999-AA,2000,sentencia,data\sentencia-Extract\2000\sentencia-pdf-2000.csv,,,0,0,True,False
01175-1999-AC,2000,sentencia,data\sentencia-Extract\2000\sentencia-pdf-2000.csv,,,0,0,True,False
01100-1999-AA,2000,sentencia,data\sentencia-Extract\2000\sentencia-pdf-2000.csv,,,0,0,True,False
01156-1999-AA,2000,sentencia,data\sentencia-Extract\2000\sentencia-pdf-2000.csv,,,0,0,True,False
01196-1999-AA,2000,sentencia,data\sentencia-Extract\2000\sentencia-pdf-2000.csv,,,0,0,True,False
01148-1999-AC,2000,sentencia,data\sentencia-Extract\2000\sentencia-pdf-2000.csv,,,0,0,True,False
01206-1999-AA,2000,sentencia,data\sentencia-Extract\2000\sentencia-pdf-2000.csv,,,0,0,True,False
00031-1999-AA,2000,sentencia,data\sentencia-Extract\2000\sentencia-pdf-2000.csv,,,0,0,True,False
00930-1999-AA,2000,sentencia,data\sentencia-Extract\2000\sentencia-pdf-2000.csv,,,0,0,True,False
00589-1998-AA,2000,sentencia,data\sentencia-Extract\2000\sentencia-pdf-2000.csv,,,0,0,True,False
00595-1998-AA,2000,sentencia,data\sentencia-Extract\2000\sentencia-pdf-2000.csv,,,0,0,True,False
00580-1999-AA,2000,sentencia,data\sentencia-Extract\2000\sentencia-pdf-2000.csv,,,0,0,True,False
00587-1998-AA,2000,sentencia,data\sentencia-Extract\2000\sentencia-pdf-2000.csv,,,0,0,True,False
00670-1998-AA,2000,sentencia,data\sentencia-Extract\2000\sentencia-pdf-2000.csv,,,0,0,True,False
00599-1999-AA,2000,sentencia,data\sentencia-Extract\2000\sentencia-pdf-2000.csv,,,0,0,True,False
00398-1999-AA,2000,sentencia,data\sentencia-Extract\2000\sentencia-pdf-2000.csv,,,0,0,True,False
01079-1998-AA,2000,sentencia,data\sentencia-Extract\2000\sentencia-pdf-2000.csv,,,0,0,True,False
00205-1998-AA,2000,sentencia,data\sentencia-Extract\2000\sentencia-pdf-2000.csv,,,0,0,True,False
01264-1999-AA,2000,sentencia,data\sentencia-Extract\2000\sentencia-pdf-2000.csv,,,0,0,True,False
01250-1999-AA,2000,sentencia,data\sentencia-Extract\2000\sentencia-pdf-2000.csv,,,0,0,True,False
00745-1999-AA,2000,sentencia,data\sentencia-Extract\2000\sentencia-pdf-2000.csv,,,0,0,True,False
00748-1999-AA,2000,sentencia,data\sentencia-Extract\2000\sentencia-pdf-2000.csv,,,0,0,True,False
00783-1998-AA,2000,sentencia,data\sentencia-Extract\2000\sentencia-pdf-2000.csv,,,0,0,True,False
00806-1998-AA,2000,sentencia,data\sentencia-Extract\2000\sentencia-pdf-2000.csv,,,0,0,True,False
01094-1999-AA,2000,sentencia,data\sentencia-Extract\2000\sentencia-pdf-2000.csv,,,0,0,True,False
01204-1999-AA,2000,sentencia,data\sentencia-Extract\2000\sentencia-pdf-2000.csv,,,0,0,True,False
01102-1999-AA,2000,sentencia,data\sentencia-Extract\2000\sentencia-pdf-2000.csv,,,0,0,True,False
00035-1998-AA,2000,sentencia,data\sentencia-Extract\2000\sentencia-pdf-2000.csv,,,0,0,True,False
00060-1999-AA,2000,sentencia,data\sentencia-Extract\2000\sentencia-pdf-2000.csv,,,0,0,True,False
00003-1999-AA,2000,sentencia,data\sentencia-Extract\2000\sentencia-pdf-2000.csv,,,0,0,True,False
00860-1999-AA,2000,sentencia,data\sentencia-Extract\2000\sentencia-pdf-2000.csv,,,0,0,True,False
00943-1999-AA,2000,sentencia,data\sentencia-Extract\2000\sentencia-pdf-2000.csv,,,0,0,True,False
01013-1998-AC,2000,sentencia,data\sentencia-Extract\2000\sentencia-pdf-2000.csv,,,0,0,True,False
00999-1999-AA,2000,sentencia,data\sentencia-Extract\2000\sentencia-pdf-2000.csv,,,0,0,True,False
01041-1997-AA,2000,sentencia,data\sentencia-Extract\2000\sentencia-pdf-2000.csv,,,0,0,True,False
00930-1998-AA,2000,sentencia,data\sentencia-Extract\2000\sentencia-pdf-2000.csv,,,0,0,True,False
01046-1999-AA,2000,sentencia,data\sentencia-Extract\2000\sentencia-pdf-2000.csv,,,0,0,True,False
00699-1999-AA,2000,sentencia,data\sentencia-Extract\2000\sentencia-pdf-2000.csv,,,0,0,True,False
00591-1998-AA,2000,sentencia,data\sentencia-Extract\2000\sentencia-pdf-2000.csv,,,0,0,True,False
00520-1998-AA,2000,sentencia,data\sentencia-Extract\2000\sentencia-pdf-2000.csv,,,0,0,True,False
00548-1998-AA,2000,sentencia,data\sentencia-Extract\2000\sentencia-pdf-2000.csv,,,0,0,True,False
00596-1998-AA,2000,sentencia,data\sentencia-Extract\2000\sentencia-pdf-2000.csv,,,0,0,True,False
00704-1999-AA,2000,sentencia,data\sentencia-Extract\2000\sentencia-pdf-2000.csv,,,0,0,True,False
00098-1999-AA,2000,sentencia,data\sentencia-Extract\2000\sentencia-pdf-2000.csv,,,0,0,True,False
00423-1998-AA,2000,sentencia,data\sentencia-Extract\2000\sentencia-pdf-2000.csv,,,0,0,True,False
00869-1999-AA,2000,sentencia,data\sentencia-Extract\2000\sentencia-pdf-2000.csv,,,0,0,True,False
00879-1999-AA,2000,sentencia,data\sentencia-Extract\2000\sentencia-pdf-2000.csv,,,0,0,True,False
00225-1998-AA,2000,sentencia,data\sentencia-Extract\2000\sentencia-pdf-2000.csv,,,0,0,True,False
01316-1999-HC,2000,sentencia,data\sentencia-Extract\2000\sentencia-pdf-2000.csv,,,0,0,True,False
00302-1999-AA,2000,sentencia,data\sentencia-Extract\2000\sentencia-pdf-2000.csv,,,0,0,True,False
00768-1999-AA,2000,sentencia,data\sentencia-Extract\2000\sentencia-pdf-2000.csv,,,0,0,True,False
01162-1999-AA,2000,sentencia,data\sentencia-Extract\2000\sentencia-pdf-2000.csv,,,0,0,True,False
01147-1999-AA,2000,sentencia,data\sentencia-Extract\2000\sentencia-pdf-2000.csv,,,0,0,True,False
01152-1999-AA,2000,sentencia,data\sentencia-Extract\2000\sentencia-pdf-2000.csv,,,0,0,True,False
01210-1999-AC,2000,sentencia,data\sentencia-Extract\2000\sentencia-pdf-2000.csv,,,0,0,True,False
00063-1999-AA,2000,sentencia,data\sentencia-Extract\2000\sentencia-pdf-2000.csv,,,0,0,True,False
00024-1998-AA,2000,sentencia,data\sentencia-Extract\2000\sentencia-pdf-2000.csv,,,0,0,True,False
00706-1999-AA,2000,sentencia,data\sentencia-Extract\2000\sentencia-pdf-2000.csv,,,0,0,True,False
01313-1999-AA,2000,sentencia,data\sentencia-Extract\2000\sentencia-pdf-2000.csv,,,0,0,True,False
00497-1998-AA,2000,sentencia,data\sentencia-Extract\2000\sentencia-pdf-2000.csv,,,0,0,True,False
00703-1998-AA,2000,sentencia,data\sentencia-Extract\2000\sentencia-pdf-2000.csv,,,0,0,True,False
00692-1999-AA,2000,sentencia,data\sentencia-Extract\2000\sentencia-pdf-2000.csv,,,0,0,True,False
00915-1999-AA,2000,sentencia,data\sentencia-Extract\2000\sentencia-pdf-2000.csv,,,0,0,True,False
00747-1998-AA,2000,sentencia,data\sentencia-Extract\2000\sentencia-pdf-2000.csv,,,0,0,True,False
00793-1998-AA,2000,sentencia,data\sentencia-Extract\2000\sentencia-pdf-2000.csv,,,0,0,True,False
00808-1998-AA,2000,sentencia,data\sentencia-Extract\2000\sentencia-pdf-2000.csv,,,0,0,True,False
01132-1998-AA,2000,sentencia,data\sentencia-Extract\2000\sentencia-pdf-2000.csv,,,0,0,True,False
00852-1999-AA,2000,sentencia,data\sentencia-Extract\2000\sentencia-pdf-2000.csv,,,0,0,True,False
01145-1999-AA,2000,sentencia,data\sentencia-Extract\2000\sentencia-pdf-2000.csv,,,0,0,True,False
00990-1998-AA,2000,sentencia,data\sentencia-Extract\2000\sentencia-pdf-2000.csv,,,0,0,True,False
01063-1999-AC,2000,sentencia,data\sentencia-Extract\2000\sentencia-pdf-2000.csv,,,0,0,True,False
00706-1997-AA,2000,sentencia,data\sentencia-Extract\2000\sentencia-pdf-2000.csv,,,0,0,True,False
00871-1998-AA,2000,sentencia,data\sentencia-Extract\2000\sentencia-pdf-2000.csv,,,0,0,True,False
00593-1998-AA,2000,sentencia,data\sentencia-Extract\2000\sentencia-pdf-2000.csv,,,0,0,True,False
00695-1999-AA,2000,sentencia,data\sentencia-Extract\2000\sentencia-pdf-2000.csv,,,0,0,True,False
01083-1998-AA,2000,sentencia,data\sentencia-Extract\2000\sentencia-pdf-2000.csv,,,0,0,True,False
01144-1999-AA,2000,sentencia,data\sentencia-Extract\2000\sentencia-pdf-2000.csv,,,0,0,True,False
00557-1998-AA,2000,sentencia,data\sentencia-Extract\2000\sentencia-pdf-2000.csv,,,0,0,True,False
00665-1998-AA,2000,sentencia,data\sentencia-Extract\2000\sentencia-pdf-2000.csv,,,0,0,True,False
00484-1999-AA,2000,sentencia,data\sentencia-Extract\2000\sentencia-pdf-2000.csv,,,0,0,True,False
00141-2000-AC,2000,sentencia,data\sentencia-Extract\2000\sentencia-pdf-2000.csv,,,0,0,True,False
00304-1999-AA,2000,sentencia,data\sentencia-Extract\2000\sentencia-pdf-2000.csv,,,0,0,True,False
00267-1999-AA,2000,sentencia,data\sentencia-Extract\2000\sentencia-pdf-2000.csv,,,0,0,True,False
00300-1999-AA,2000,sentencia,data\sentencia-Extract\2000\sentencia-pdf-2000.csv,,,0,0,True,False
00854-1999-AA,2000,sentencia,data\sentencia-Extract\2000\sentencia-pdf-2000.csv,,,0,0,True,False
00855-1999-AA,2000,sentencia,data\sentencia-Extract\2000\sentencia-pdf-2000.csv,,,0,0,True,False
01205-1999-AA,2000,sentencia,data\sentencia-Extract\2000\sentencia-pdf-2000.csv,,,0,0,True,False
01009-1998-AA,2000,sentencia,data\sentencia-Extract\2000\sentencia-pdf-2000.csv,,,0,0,True,False
00604-1999-AA,2000,sentencia,data\sentencia-Extract\2000\sentencia-pdf-2000.csv,,,0,0,True,False
00870-1998-AA,2000,sentencia,data\sentencia-Extract\2000\sentencia-pdf-2000.csv,,,0,0,True,False
01023-1999-AA,2000,sentencia,data\sentencia-Extract\2000\sentencia-pdf-2000.csv,,,0,0,True,False
00488-1999-AA,2000,sentencia,data\sentencia-Extract\2000\sentencia-pdf-2000.csv,,,0,0,True,False
00630-1999-AA,2000,sentencia,data\sentencia-Extract\2000\sentencia-pdf-2000.csv,,,0,0,True,False
00409-1999-AA,2000,sentencia,data\sentencia-Extract\2000\sentencia-pdf-2000.csv,,,0,0,True,False
00347-1999-AA,2000,sentencia,data\sentencia-Extract\2000\sentencia-pdf-2000.csv,,,0,0,True,False
00475-1999-AC,2000,sentencia,data\sentencia-Extract\2000\sentencia-pdf-2000.csv,,,0,0,True,False
00829-1998-AA,2000,sentencia,data\sentencia-Extract\2000\sentencia-pdf-2000.csv,,,0,0,True,False
00226-1999-AA,2000,sentencia,data\sentencia-Extract\2000\sentencia-pdf-2000.csv,,,0,0,True,False
00246-1999-AA,2000,sentencia,data\sentencia-Extract\2000\sentencia-pdf-2000.csv,,,0,0,True,False
00114-1999-AA,2000,sentencia,data\sentencia-Extract\2000\sentencia-pdf-2000.csv,,,0,0,True,False
00107-1999-AA,2000,sentencia,data\sentencia-Extract\2000\sentencia-pdf-2000.csv,,,0,0,True,False
00560-1999-AA,2000,sentencia,data\sentencia-Extract\2000\sentencia-pdf-2000.csv,,,0,0,True,False
00878-1999-AA,2000,sentencia,data\sentencia-Extract\2000\sentencia-pdf-2000.csv,,,0,0,True,False
00585-1999-AA,2000,sentencia,data\sentencia-Extract\2000\sentencia-pdf-2000.csv,,,0,0,True,False
00696-1999-AA,2000,sentencia,data\sentencia-Extract\2000\sentencia-pdf-2000.csv,,,0,0,True,False
00870-1999-AA,2000,sentencia,data\sentencia-Extract\2000\sentencia-pdf-2000.csv,,,0,0,True,False
00903-1999-AA,2000,sentencia,data\sentencia-Extract\2000\sentencia-pdf-2000.csv,,,0,0,True,False
00691-1998-AA,2000,sentencia,data\sentencia-Extract\2000\sentencia-pdf-2000.csv,,,0,0,True,False
00001-1999-AA,2000,sentencia,data\sentencia-Extract\2000\sentencia-pdf-2000.csv,,,0,0,True,False
00074-1999-AA,2000,sentencia,data\sentencia-Extract\2000\sentencia-pdf-2000.csv,,,0,0,True,False
00014-1999-AA,2000,sentencia,data\sentencia-Extract\2000\sentencia-pdf-2000.csv,,,0,0,True,False
00059-2000-AA,2000,sentencia,data\sentencia-Extract\2000\sentencia-pdf-2000.csv,,,0,0,True,False
01005-1998-AA,2000,sentencia,data\sentencia-Extract\2000\sentencia-pdf-2000.csv,,,0,0,True,False
01006-1998-AA,2000,sentencia,data\sentencia-Extract\2000\sentencia-pdf-2000.csv,,,0,0,True,False
01006-1999-AA,2000,sentencia,data\sentencia-Extract\2000\sentencia-pdf-2000.csv,,,0,0,True,False
00057-1998-AA,2000,sentencia,data\sentencia-Extract\2000\sentencia-pdf-2000.csv,,,0,0,True,False
00926-1998-AA,2000,sentencia,data\sentencia-Extract\2000\sentencia-pdf-2000.csv,,,0,0,True,False
00923-1999-AA,2000,sentencia,data\sentencia-Extract\2000\sentencia-pdf-2000.csv,,,0,0,True,False
01002-1999-AA,2000,sentencia,data\sentencia-Extract\2000\sentencia-pdf-2000.csv,,,0,0,True,False
01143-1999-AC,2000,sentencia,data\sentencia-Extract\2000\sentencia-pdf-2000.csv,,,0,0,True,False
00111-1999-AA,2000,sentencia,data\sentencia-Extract\2000\sentencia-pdf-2000.csv,,,0,0,True,False
00111-1999-AA,2000,sentencia,data\sentencia-Extract\2000\sentencia-pdf-2000.csv,,,0,0,True,False
00181-1999-AA,2000,sentencia,data\sentencia-Extract\2000\sentencia-pdf-2000.csv,,,0,0,True,False
00181-1999-AA,2000,sentencia,data\sentencia-Extract\2000\sentencia-pdf-2000.csv,,,0,0,True,False
00145-1998-AA,2000,sentencia,data\sentencia-Extract\2000\sentencia-pdf-2000.csv,,,0,0,True,False
00009-1999-AA,2000,sentencia,data\sentencia-Extract\2000\sentencia-pdf-2000.csv,,,0,0,True,False
00009-1999-AA,2000,sentencia,data\sentencia-Extract\2000\sentencia-pdf-2000.csv,,,0,0,True,False
01007-1998-AA,2000,sentencia,data\sentencia-Extract\2000\sentencia-pdf-2000.csv,,,0,0,True,False
01114-1999-AA,2000,sentencia,data\sentencia-Extract\2000\sentencia-pdf-2000.csv,,,0,0,True,False
01007-1998-AA,2000,sentencia,data\sentencia-Extract\2000\sentencia-pdf-2000.csv,,,0,0,True,False
00256-1999-AA,2000,sentencia,data\sentencia-Extract\2000\sentencia-pdf-2000.csv,,,0,0,True,False
00247-1999-AA,2000,sentencia,data\sentencia-Extract\2000\sentencia-pdf-2000.csv,,,0,0,True,False
01077-1998-AA,2000,sentencia,data\sentencia-Extract\2000\sentencia-pdf-2000.csv,,,0,0,True,False
01077-1998-AA,2000,sentencia,data\sentencia-Extract\2000\sentencia-pdf-2000.csv,,,0,0,True,False
00214-1999-AA,2000,sentencia,data\sentencia-Extract\2000\sentencia-pdf-2000.csv,,,0,0,True,False
00214-1999-AA,2000,sentencia,data\sentencia-Extract\2000\sentencia-pdf-2000.csv,,,0,0,True,False
00184-1999-AA,2000,sentencia,data\sentencia-Extract\2000\sentencia-pdf-2000.csv,,,0,0,True,False
00184-1999-AA,2000,sentencia,data\sentencia-Extract\2000\sentencia-pdf-2000.csv,,,0,0,True,False
01084-1999-AA,2000,sentencia,data\sentencia-Extract\2000\sentencia-pdf-2000.csv,,,0,0,True,False
01084-1999-AA,2000,sentencia,data\sentencia-Extract\2000\sentencia-pdf-2000.csv,,,0,0,True,False
00019-1998-AA,2000,sentencia,data\sentencia-Extract\2000\sentencia-pdf-2000.csv,,,0,0,True,False
00019-1998-AA,2000,sentencia,data\sentencia-Extract\2000\sentencia-pdf-2000.csv,,,0,0,True,False
01045-1998-AA,2000,sentencia,data\sentencia-Extract\2000\sentencia-pdf-2000.csv,,,0,0,True,False
01045-1998-AA,2000,sentencia,data\sentencia-Extract\2000\sentencia-pdf-2000.csv,,,0,0,True,False
00567-1999-AC,2000,sentencia,data\sentencia-Extract\2000\sentencia-pdf-2000.csv,,,0,0,True,False
00567-1999-AC,2000,sentencia,data\sentencia-Extract\2000\sentencia-pdf-2000.csv,,,0,0,True,False
00640-1999-AA,2000,sentencia,data\sentencia-Extract\2000\sentencia-pdf-2000.csv,,,0,0,True,False
00608-1998-AA,2000,sentencia,data\sentencia-Extract\2000\sentencia-pdf-2000.csv,,,0,0,True,False
00608-1998-AA,2000,sentencia,data\sentencia-Extract\2000\sentencia-pdf-2000.csv,,,0,0,True,False
00628-1998-AA,2000,sentencia,data\sentencia-Extract\2000\sentencia-pdf-2000.csv,,,0,0,True,False
00584-1999-AA,2000,sentencia,data\sentencia-Extract\2000\sentencia-pdf-2000.csv,,,0,0,True,False
00584-1999-AA,2000,sentencia,data\sentencia-Extract\2000\sentencia-pdf-2000.csv,,,0,0,True,False
00711-1998-AA,2000,sentencia,data\sentencia-Extract\2000\sentencia-pdf-2000.csv,,,0,0,True,False
00711-1998-AA,2000,sentencia,data\sentencia-Extract\2000\sentencia-pdf-2000.csv,,,0,0,True,False
00756-1999-AA,2000,sentencia,data\sentencia-Extract\2000\sentencia-pdf-2000.csv,,,0,0,True,False
00756-1999-AA,2000,sentencia,data\sentencia-Extract\2000\sentencia-pdf-2000.csv,,,0,0,True,False
00311-1999-AA,2000,sentencia,data\sentencia-Extract\2000\sentencia-pdf-2000.csv,,,0,0,True,False
00311-1999-AA,2000,sentencia,data\sentencia-Extract\2000\sentencia-pdf-2000.csv,,,0,0,True,False
00272-1998-AA,2000,sentencia,data\sentencia-Extract\2000\sentencia-pdf-2000.csv,,,0,0,True,False
00272-1998-AA,2000,sentencia,data\sentencia-Extract\2000\sentencia-pdf-2000.csv,,,0,0,True,False
00743-1999-AA,2000,sentencia,data\sentencia-Extract\2000\sentencia-pdf-2000.csv,,,0,0,True,False
00743-1999-AA,2000,sentencia,data\sentencia-Extract\2000\sentencia-pdf-2000.csv,,,0,0,True,False
00730-1998-AA,2000,sentencia,data\sentencia-Extract\2000\sentencia-pdf-2000.csv,,,0,0,True,False
00730-1998-AA,2000,sentencia,data\sentencia-Extract\2000\sentencia-pdf-2000.csv,,,0,0,True,False
00730-1999-AA,2000,sentencia,data\sentencia-Extract\2000\sentencia-pdf-2000.csv,,,0,0,True,False
00730-1999-AA,2000,sentencia,data\sentencia-Extract\2000\sentencia-pdf-2000.csv,,,0,0,True,False
00339-1999-AC,2000,sentencia,data\sentencia-Extract\2000\sentencia-pdf-2000.csv,,,0,0,True,False
00435-1999-AA,2000,sentencia,data\sentencia-Extract\2000\sentencia-pdf-2000.csv,,,0,0,True,False
00435-1999-AA,2000,sentencia,data\sentencia-Extract\2000\sentencia-pdf-2000.csv,,,0,0,True,False
00401-1999-AA,2000,sentencia,data\sentencia-Extract\2000\sentencia-pdf-2000.csv,,,0,0,True,False
00362-1999-AA,2000,sentencia,data\sentencia-Extract\2000\sentencia-pdf-2000.csv,,,0,0,True,False
00362-1999-AA,2000,sentencia,data\sentencia-Extract\2000\sentencia-pdf-2000.csv,,,0,0,True,False
00363-1999-AA,2000,sentencia,data\sentencia-Extract\2000\sentencia-pdf-2000.csv,,,0,0,True,False
00496-1999-AA,2000,sentencia,data\sentencia-Extract\2000\sentencia-pdf-2000.csv,,,0,0,True,False
00496-1999-AA,2000,sentencia,data\sentencia-Extract\2000\sentencia-pdf-2000.csv,,,0,0,True,False
00431-1999-AA,2000,sentencia,data\sentencia-Extract\2000\sentencia-pdf-2000.csv,,,0,0,True,False
00431-1999-AA,2000,sentencia,data\sentencia-Extract\2000\sentencia-pdf-2000.csv,,,0,0,True,False
00457-1999-AA,2000,sentencia,data\sentencia-Extract\2000\sentencia-pdf-2000.csv,,,0,0,True,False
00457-1999-AA,2000,sentencia,data\sentencia-Extract\2000\sentencia-pdf-2000.csv,,,0,0,True,False
00433-1999-AA,2000,sentencia,data\sentencia-Extract\2000\sentencia-pdf-2000.csv,,,0,0,True,False
00769-1998-AC,2000,sentencia,data\sentencia-Extract\2000\sentencia-pdf-2000.csv,,,0,0,True,False
00769-1998-AC,2000,sentencia,data\sentencia-Extract\2000\sentencia-pdf-2000.csv,,,0,0,True,False
00295-1999-AA,2000,sentencia,data\sentencia-Extract\2000\sentencia-pdf-2000.csv,,,0,0,True,False
00762-1997-AA,2000,sentencia,data\sentencia-Extract\2000\sentencia-pdf-2000.csv,,,0,0,True,False
00762-1997-AA,2000,sentencia,data\sentencia-Extract\2000\sentencia-pdf-2000.csv,,,0,0,True,False
01082-1999-AA,2000,sentencia,data\sentencia-Extract\2000\sentencia-pdf-2000.csv,,,0,0,True,False
01082-1999-AA,2000,sentencia,data\sentencia-Extract\2000\sentencia-pdf-2000.csv,,,0,0,True,False
01067-1999-AA,2000,sentencia,data\sentencia-Extract\2000\sentencia-pdf-2000.csv,,,0,0,True,False
01067-1999-AA,2000,sentencia,data\sentencia-Extract\2000\sentencia-pdf-2000.csv,,,0,0,True,False
01118-1999-AA,2000,sentencia,data\sentencia-Extract\2000\sentencia-pdf-2000.csv,,,0,0,True,False
01118-1999-AA,2000,sentencia,data\sentencia-Extract\2000\sentencia-pdf-2000.csv,,,0,0,True,False
01179-1999-AA,2000,sentencia,data\sentencia-Extract\2000\sentencia-pdf-2000.csv,,,0,0,True,False
01179-1999-AA,2000,sentencia,data\sentencia-Extract\2000\sentencia-pdf-2000.csv,,,0,0,True,False
00454-1998-AC,2000,sentencia,data\sentencia-Extract\2000\sentencia-pdf-2000.csv,,,0,0,True,False
00454-1998-AC,2000,sentencia,data\sentencia-Extract\2000\sentencia-pdf-2000.csv,,,0,0,True,False
00421-1999-AA,2000,sentencia,data\sentencia-Extract\2000\sentencia-pdf-2000.csv,,,0,0,True,False
00357-1999-HC,2000,sentencia,data\sentencia-Extract\2000\sentencia-pdf-2000.csv,,,0,0,True,False
00421-1999-AA,2000,sentencia,data\sentencia-Extract\2000\sentencia-pdf-2000.csv,,,0,0,True,False
00430-1999-AA,2000,sentencia,data\sentencia-Extract\2000\sentencia-pdf-2000.csv,,,0,0,True,False
00029-1999-AA,2000,sentencia,data\sentencia-Extract\2000\sentencia-pdf-2000.csv,,,0,0,True,False
01055-1999-AA,2000,sentencia,data\sentencia-Extract\2000\sentencia-pdf-2000.csv,,,0,0,True,False
00988-1999-AA,2000,sentencia,data\sentencia-Extract\2000\sentencia-pdf-2000.csv,,,0,0,True,False
00955-1999-AA,2000,sentencia,data\sentencia-Extract\2000\sentencia-pdf-2000.csv,,,0,0,True,False
01040-1998-AA,2000,sentencia,data\sentencia-Extract\2000\sentencia-pdf-2000.csv,,,0,0,True,False
01266-1999-AA,2000,sentencia,data\sentencia-Extract\2000\sentencia-pdf-2000.csv,,,0,0,True,False
01266-1999-AA,2000,sentencia,data\sentencia-Extract\2000\sentencia-pdf-2000.csv,,,0,0,True,False
01192-1999-AA,2000,sentencia,data\sentencia-Extract\2000\sentencia-pdf-2000.csv,,,0,0,True,False
00827-1999-AC,2000,sentencia,data\sentencia-Extract\2000\sentencia-pdf-2000.csv,,,0,0,True,False
00827-1999-AC,2000,sentencia,data\sentencia-Extract\2000\sentencia-pdf-2000.csv,,,0,0,True,False
00823-1999-AA,2000,sentencia,data\sentencia-Extract\2000\sentencia-pdf-2000.csv,,,0,0,True,False
00823-1999-AA,2000,sentencia,data\sentencia-Extract\2000\sentencia-pdf-2000.csv,,,0,0,True,False
00022-2000-AA,2000,sentencia,data\sentencia-Extract\2000\sentencia-pdf-2000.csv,,,0,0,True,False
00022-2000-AA,2000,sentencia,data\sentencia-Extract\2000\sentencia-pdf-2000.csv,,,0,0,True,False
00883-1999-AC,2000,sentencia,data\sentencia-Extract\2000\sentencia-pdf-2000.csv,,,0,0,True,False
00883-1999-AC,2000,sentencia,data\sentencia-Extract\2000\sentencia-pdf-2000.csv,,,0,0,True,False
00893-1999-AA,2000,sentencia,data\sentencia-Extract\2000\sentencia-pdf-2000.csv,,,0,0,True,False
00893-1999-AA,2000,sentencia,data\sentencia-Extract\2000\sentencia-pdf-2000.csv,,,0,0,True,False
00928-1999-AA,2000,sentencia,data\sentencia-Extract\2000\sentencia-pdf-2000.csv,,,0,0,True,False
00928-1999-AA,2000,sentencia,data\sentencia-Extract\2000\sentencia-pdf-2000.csv,,,0,0,True,False
00666-1999-AA,2000,sentencia,data\sentencia-Extract\2000\sentencia-pdf-2000.csv,,,0,0,True,False
00581-1999-AA,2000,sentencia,data\sentencia-Extract\2000\sentencia-pdf-2000.csv,,,0,0,True,False
00179-2000-HC,2000,sentencia,data\sentencia-Extract\2000\sentencia-pdf-2000.csv,,,0,0,True,False
00179-2000-HC,2000,sentencia,data\sentencia-Extract\2000\sentencia-pdf-2000.csv,,,0,0,True,False
00846-1999-AA,2000,sentencia,data\sentencia-Extract\2000\sentencia-pdf-2000.csv,,,0,0,True,False
00846-1999-AA,2000,sentencia,data\sentencia-Extract\2000\sentencia-pdf-2000.csv,,,0,0,True,False
00788-1999-AA,2000,sentencia,data\sentencia-Extract\2000\sentencia-pdf-2000.csv,,,0,0,True,False
00788-1999-AA,2000,sentencia,data\sentencia-Extract\2000\sentencia-pdf-2000.csv,,,0,0,True,False
00786-1999-AA,2000,sentencia,data\sentencia-Extract\2000\sentencia-pdf-2000.csv,,,0,0,True,False
00786-1999-AA,2000,sentencia,data\sentencia-Extract\2000\sentencia-pdf-2000.csv,,,0,0,True,False
00787-1999-AA,2000,sentencia,data\sentencia-Extract\2000\sentencia-pdf-2000.csv,,,0,0,True,False
00787-1999-AA,2000,sentencia,data\sentencia-Extract\2000\sentencia-pdf-2000.csv,,,0,0,True,False
00820-1999-AA,2000,sentencia,data\sentencia-Extract\2000\sentencia-pdf-2000.csv,,,0,0,True,False
00782-1999-AA,2000,sentencia,data\sentencia-Extract\2000\sentencia-pdf-2000.csv,,,0,0,True,False
00782-1999-AA,2000,sentencia,data\sentencia-Extract\2000\sentencia-pdf-2000.csv,,,0,0,True,False
00372-1999-AA,2000,sentencia,data\sentencia-Extract\2000\sentencia-pdf-2000.csv,,,0,0,True,False
00372-1999-AA,2000,sentencia,data\sentencia-Extract\2000\sentencia-pdf-2000.csv,,,0,0,True,False
00424-1999-AC,2000,sentencia,data\sentencia-Extract\2000\sentencia-pdf-2000.csv,,,0,0,True,False
00307-1999-AA,2000,sentencia,data\sentencia-Extract\2000\sentencia-pdf-2000.csv,,,0,0,True,False
00307-1999-AA,2000,sentencia,data\sentencia-Extract\2000\sentencia-pdf-2000.csv,,,0,0,True,False
01033-1999-AA,2000,sentencia,data\sentencia-Extract\2000\sentencia-pdf-2000.csv,,,0,0,True,False
00121-2000-HC,2000,sentencia,data\sentencia-Extract\2000\sentencia-pdf-2000.csv,,,0,0,True,False
00121-2000-HC,2000,sentencia,data\sentencia-Extract\2000\sentencia-pdf-2000.csv,,,0,0,True,False
00796-1999-AA,2000,sentencia,data\sentencia-Extract\2000\sentencia-pdf-2000.csv,,,0,0,True,False
00796-1999-AA,2000,sentencia,data\sentencia-Extract\2000\sentencia-pdf-2000.csv,,,0,0,True,False
00076-1999-AA,2000,sentencia,data\sentencia-Extract\2000\sentencia-pdf-2000.csv,,,0,0,True,False
00076-1999-AA,2000,sentencia,data\sentencia-Extract\2000\sentencia-pdf-2000.csv,,,0,0,True,False
01064-1999-AA,2000,sentencia,data\sentencia-Extract\2000\sentencia-pdf-2000.csv,,,0,0,True,False
01064-1999-AA,2000,sentencia,data\sentencia-Extract\2000\sentencia-pdf-2000.csv,,,0,0,True,False
00736-1998-AA,2000,sentencia,data\sentencia-Extract\2000\sentencia-pdf-2000.csv,,,0,0,True,False
00736-1998-AA,2000,sentencia,data\sentencia-Extract\2000\sentencia-pdf-2000.csv,,,0,0,True,False
00772-1999-AA,2000,sentencia,data\sentencia-Extract\2000\sentencia-pdf-2000.csv,,,0,0,True,False
00772-1999-AA,2000,sentencia,data\sentencia-Extract\2000\sentencia-pdf-2000.csv,,,0,0,True,False
01165-1999-AA,2000,sentencia,data\sentencia-Extract\2000\sentencia-pdf-2000.csv,,,0,0,True,False
01165-1999-AA,2000,sentencia,data\sentencia-Extract\2000\sentencia-pdf-2000.csv,,,0,0,True,False
01089-1999-AA,2000,sentencia,data\sentencia-Extract\2000\sentencia-pdf-2000.csv,,,0,0,True,False
01089-1999-AA,2000,sentencia,data\sentencia-Extract\2000\sentencia-pdf-2000.csv,,,0,0,True,False
00408-1999-AA,2000,sentencia,data\sentencia-Extract\2000\sentencia-pdf-2000.csv,,,0,0,True,False
00408-1999-AA,2000,sentencia,data\sentencia-Extract\2000\sentencia-pdf-2000.csv,,,0,0,True,False
00487-1998-AC,2000,sentencia,data\sentencia-Extract\2000\sentencia-pdf-2000.csv,,,0,0,True,False
00487-1998-AC,2000,sentencia,data\sentencia-Extract\2000\sentencia-pdf-2000.csv,,,0,0,True,False
01304-1999-AA,2000,sentencia,data\sentencia-Extract\2000\sentencia-pdf-2000.csv,,,0,0,True,False
01304-1999-AA,2000,sentencia,data\sentencia-Extract\2000\sentencia-pdf-2000.csv,,,0,0,True,False
01311-1999-AA,2000,sentencia,data\sentencia-Extract\2000\sentencia-pdf-2000.csv,,,0,0,True,False
01311-1999-AA,2000,sentencia,data\sentencia-Extract\2000\sentencia-pdf-2000.csv,,,0,0,True,False
00047-2000-AA,2000,sentencia,data\sentencia-Extract\2000\sentencia-pdf-2000.csv,,,0,0,True,False
00047-2000-AA,2000,sentencia,data\sentencia-Extract\2000\sentencia-pdf-2000.csv,,,0,0,True,False
00086-1996-HD,2000,sentencia,data\sentencia-Extract\2000\sentencia-pdf-2000.csv,,,0,0,True,False
00086-1996-HD,2000,sentencia,data\sentencia-Extract\2000\sentencia-pdf-2000.csv,,,0,0,True,False
00864-1999-AA,2000,sentencia,data\sentencia-Extract\2000\sentencia-pdf-2000.csv,,,0,0,True,False
00864-1999-AA,2000,sentencia,data\sentencia-Extract\2000\sentencia-pdf-2000.csv,,,0,0,True,False
01093-1999-AA,2000,sentencia,data\sentencia-Extract\2000\sentencia-pdf-2000.csv,,,0,0,True,False
01093-1999-AA,2000,sentencia,data\sentencia-Extract\2000\sentencia-pdf-2000.csv,,,0,0,True,False
00865-1999-AA,2000,sentencia,data\sentencia-Extract\2000\sentencia-pdf-2000.csv,,,0,0,True,False
00865-1999-AA,2000,sentencia,data\sentencia-Extract\2000\sentencia-pdf-2000.csv,,,0,0,True,False
00935-1998-AA,2000,sentencia,data\sentencia-Extract\2000\sentencia-pdf-2000.csv,,,0,0,True,False
00935-1998-AA,2000,sentencia,data\sentencia-Extract\2000\sentencia-pdf-2000.csv,,,0,0,True,False
00565-1999-AC,2000,sentencia,data\sentencia-Extract\2000\sentencia-pdf-2000.csv,,,0,0,True,False
00565-1999-AC,2000,sentencia,data\sentencia-Extract\2000\sentencia-pdf-2000.csv,,,0,0,True,False
00605-1999-AC,2000,sentencia,data\sentencia-Extract\2000\sentencia-pdf-2000.csv,,,0,0,True,False
00605-1999-AC,2000,sentencia,data\sentencia-Extract\2000\sentencia-pdf-2000.csv,,,0,0,True,False
00554-1999-AA,2000,sentencia,data\sentencia-Extract\2000\sentencia-pdf-2000.csv,,,0,0,True,False
00554-1999-AA,2000,sentencia,data\sentencia-Extract\2000\sentencia-pdf-2000.csv,,,0,0,True,False
00621-1999-AA,2000,sentencia,data\sentencia-Extract\2000\sentencia-pdf-2000.csv,,,0,0,True,False
00621-1999-AA,2000,sentencia,data\sentencia-Extract\2000\sentencia-pdf-2000.csv,,,0,0,True,False
00134-1999-AA,2000,sentencia,data\sentencia-Extract\2000\sentencia-pdf-2000.csv,,,0,0,True,False
00134-1999-AA,2000,sentencia,data\sentencia-Extract\2000\sentencia-pdf-2000.csv,,,0,0,True,False
01314-1999-AA,2000,sentencia,data\sentencia-Extract\2000\sentencia-pdf-2000.csv,,,0,0,True,False
01314-1999-AA,2000,sentencia,data\sentencia-Extract\2000\sentencia-pdf-2000.csv,,,0,0,True,False
00244-1999-AC,2000,sentencia,data\sentencia-Extract\2000\sentencia-pdf-2000.csv,,,0,0,True,False
00244-1999-AC,2000,sentencia,data\sentencia-Extract\2000\sentencia-pdf-2000.csv,,,0,0,True,False
01263-1999-AA,2000,sentencia,data\sentencia-Extract\2000\sentencia-pdf-2000.csv,,,0,0,True,False
01263-1999-AA,2000,sentencia,data\sentencia-Extract\2000\sentencia-pdf-2000.csv,,,0,0,True,False
00708-1999-AA,2000,sentencia,data\sentencia-Extract\2000\sentencia-pdf-2000.csv,,,0,0,True,False
00708-1999-AA,2000,sentencia,data\sentencia-Extract\2000\sentencia-pdf-2000.csv,,,0,0,True,False
00812-1997-AA,2000,sentencia,data\sentencia-Extract\2000\sentencia-pdf-2000.csv,,,0,0,True,False
00812-1997-AA,2000,sentencia,data\sentencia-Extract\2000\sentencia-pdf-2000.csv,,,0,0,True,False
01131-1998-AC,2000,sentencia,data\sentencia-Extract\2000\sentencia-pdf-2000.csv,,,0,0,True,False
01131-1998-AC,2000,sentencia,data\sentencia-Extract\2000\sentencia-pdf-2000.csv,,,0,0,True,False
01107-1999-HC,2000,sentencia,data\sentencia-Extract\2000\sentencia-pdf-2000.csv,,,0,0,True,False
01107-1999-HC,2000,sentencia,data\sentencia-Extract\2000\sentencia-pdf-2000.csv,,,0,0,True,False
00393-1998-AA,2000,sentencia,data\sentencia-Extract\2000\sentencia-pdf-2000.csv,,,0,0,True,False
00393-1998-AA,2000,sentencia,data\sentencia-Extract\2000\sentencia-pdf-2000.csv,,,0,0,True,False
00031-1998-AA,2000,sentencia,data\sentencia-Extract\2000\sentencia-pdf-2000.csv,,,0,0,True,False
00031-1998-AA,2000,sentencia,data\sentencia-Extract\2000\sentencia-pdf-2000.csv,,,0,0,True,False
00303-1999-AC,2000,sentencia,data\sentencia-Extract\2000\sentencia-pdf-2000.csv,,,0,0,True,False
00303-1999-AC,2000,sentencia,data\sentencia-Extract\2000\sentencia-pdf-2000.csv,,,0,0,True,False
00133-2000-AA,2000,sentencia,data\sentencia-Extract\2000\sentencia-pdf-2000.csv,,,0,0,True,False
00133-2000-AA,2000,sentencia,data\sentencia-Extract\2000\sentencia-pdf-2000.csv,,,0,0,True,False
00132-2000-AC,2000,sentencia,data\sentencia-Extract\2000\sentencia-pdf-2000.csv,,,0,0,True,False
00132-2000-AC,2000,sentencia,data\sentencia-Extract\2000\sentencia-pdf-2000.csv,,,0,0,True,False
00193-1999-AA,2000,sentencia,data\sentencia-Extract\2000\sentencia-pdf-2000.csv,,,0,0,True,False
00193-1999-AA,2000,sentencia,data\sentencia-Extract\2000\sentencia-pdf-2000.csv,,,0,0,True,False
00277-1998-AA,2000,sentencia,data\sentencia-Extract\2000\sentencia-pdf-2000.csv,,,0,0,True,False
00679-1999-AA,2000,sentencia,data\sentencia-Extract\2000\sentencia-pdf-2000.csv,,,0,0,True,False
00679-1999-AA,2000,sentencia,data\sentencia-Extract\2000\sentencia-pdf-2000.csv,,,0,0,True,False
01110-1999-AA,2000,sentencia,data\sentencia-Extract\2000\sentencia-pdf-2000.csv,,,0,0,True,False
00384-1999-AC,2000,sentencia,data\sentencia-Extract\2000\sentencia-pdf-2000.csv,,,0,0,True,False
00384-1999-AC,2000,sentencia,data\sentencia-Extract\2000\sentencia-pdf-2000.csv,,,0,0,True,False
01010-1999-AA,2000,sentencia,data\sentencia-Extract\2000\sentencia-pdf-2000.csv,,,0,0,True,False
01010-1999-AA,2000,sentencia,data\sentencia-Extract\2000\sentencia-pdf-2000.csv,,,0,0,True,False
00945-1999-AC,2000,sentencia,data\sentencia-Extract\2000\sentencia-pdf-2000.csv,,,0,0,True,False
00945-1999-AC,2000,sentencia,data\sentencia-Extract\2000\sentencia-pdf-2000.csv,,,0,0,True,False
00779-1999-AA,2000,sentencia,data\sentencia-Extract\2000\sentencia-pdf-2000.csv,,,0,0,True,False
00779-1999-AA,2000,sentencia,data\sentencia-Extract\2000\sentencia-pdf-2000.csv,,,0,0,True,False
00601-1998-AA,2000,sentencia,data\sentencia-Extract\2000\sentencia-pdf-2000.csv,,,0,0,True,False
00601-1998-AA,2000,sentencia,data\sentencia-Extract\2000\sentencia-pdf-2000.csv,,,0,0,True,False
00755-1999-AA,2000,sentencia,data\sentencia-Extract\2000\sentencia-pdf-2000.csv,,,0,0,True,False
00750-1999-AA,2000,sentencia,data\sentencia-Extract\2000\sentencia-pdf-2000.csv,,,0,0,True,False
00750-1999-AA,2000,sentencia,data\sentencia-Extract\2000\sentencia-pdf-2000.csv,,,0,0,True,False
00922-1999-AA,2000,sentencia,data\sentencia-Extract\2000\sentencia-pdf-2000.csv,,,0,0,True,False
00922-1999-AA,2000,sentencia,data\sentencia-Extract\2000\sentencia-pdf-2000.csv,,,0,0,True,False
01065-1997-AA,2000,sentencia,data\sentencia-Extract\2000\sentencia-pdf-2000.csv,,,0,0,True,False
00854-1998-AA,2000,sentencia,data\sentencia-Extract\2000\sentencia-pdf-2000.csv,,,0,0,True,False
00854-1998-AA,2000,sentencia,data\sentencia-Extract\2000\sentencia-pdf-2000.csv,,,0,0,True,False
01091-1999-AA,2000,sentencia,data\sentencia-Extract\2000\sentencia-pdf-2000.csv,,,0,0,True,False
00019-2000-HC,2000,sentencia,data\sentencia-Extract\2000\sentencia-pdf-2000.csv,,,0,0,True,False
00019-2000-HC,2000,sentencia,data\sentencia-Extract\2000\sentencia-pdf-2000.csv,,,0,0,True,False
00023-2000-AA,2000,sentencia,data\sentencia-Extract\2000\sentencia-pdf-2000.csv,,,0,0,True,False
00023-2000-AA,2000,sentencia,data\sentencia-Extract\2000\sentencia-pdf-2000.csv,,,0,0,True,False
01288-1999-AA,2000,sentencia,data\sentencia-Extract\2000\sentencia-pdf-2000.csv,,,0,0,True,False
00864-1998-AA,2000,sentencia,data\sentencia-Extract\2000\sentencia-pdf-2000.csv,,,0,0,True,False
00864-1998-AA,2000,sentencia,data\sentencia-Extract\2000\sentencia-pdf-2000.csv,,,0,0,True,False
01008-1998-AA,2000,sentencia,data\sentencia-Extract\2000\sentencia-pdf-2000.csv,,,0,0,True,False
00676-1999-AA,2000,sentencia,data\sentencia-Extract\2000\sentencia-pdf-2000.csv,,,0,0,True,False
00676-1999-AA,2000,sentencia,data\sentencia-Extract\2000\sentencia-pdf-2000.csv,,,0,0,True,False
00619-1999-AA,2000,sentencia,data\sentencia-Extract\2000\sentencia-pdf-2000.csv,,,0,0,True,False
00619-1999-AA,2000,sentencia,data\sentencia-Extract\2000\sentencia-pdf-2000.csv,,,0,0,True,False
00904-1998-AA,2000,sentencia,data\sentencia-Extract\2000\sentencia-pdf-2000.csv,,,0,0,True,False
00904-1998-AA,2000,sentencia,data\sentencia-Extract\2000\sentencia-pdf-2000.csv,,,0,0,True,False
00084-2000-AA,2000,sentencia,data\sentencia-Extract\2000\sentencia-pdf-2000.csv,,,0,0,True,False
00906-1998-AA,2000,sentencia,data\sentencia-Extract\2000\sentencia-pdf-2000.csv,,,0,0,True,False
00897-1998-AA,2000,sentencia,data\sentencia-Extract\2000\sentencia-pdf-2000.csv,,,0,0,True,False
00969-1999-AA,2000,sentencia,data\sentencia-Extract\2000\sentencia-pdf-2000.csv,,,0,0,True,False
00660-1999-AC,2000,sentencia,data\sentencia-Extract\2000\sentencia-pdf-2000.csv,,,0,0,True,False
00667-1999-AA,2000,sentencia,data\sentencia-Extract\2000\sentencia-pdf-2000.csv,,,0,0,True,False
00157-2000-AA,2000,sentencia,data\sentencia-Extract\2000\sentencia-pdf-2000.csv,,,0,0,True,False
00844-1999-AA,2000,sentencia,data\sentencia-Extract\2000\sentencia-pdf-2000.csv,,,0,0,True,False
00213-1999-AA,2000,sentencia,data\sentencia-Extract\2000\sentencia-pdf-2000.csv,,,0,0,True,False
00335-1999-AA,2000,sentencia,data\sentencia-Extract\2000\sentencia-pdf-2000.csv,,,0,0,True,False
00308-1999-AA,2000,sentencia,data\sentencia-Extract\2000\sentencia-pdf-2000.csv,,,0,0,True,False
00779-1998-AA,2000,sentencia,data\sentencia-Extract\2000\sentencia-pdf-2000.csv,,,0,0,True,False
01214-1999-AA,2000,sentencia,data\sentencia-Extract\2000\sentencia-pdf-2000.csv,,,0,0,True,False
00724-1998-AC,2000,sentencia,data\sentencia-Extract\2000\sentencia-pdf-2000.csv,,,0,0,True,False
01148-1998-AC,2000,sentencia,data\sentencia-Extract\2000\sentencia-pdf-2000.csv,,,0,0,True,False
00350-1999-AA,2000,sentencia,data\sentencia-Extract\2000\sentencia-pdf-2000.csv,,,0,0,True,False
00359-1999-AA,2000,sentencia,data\sentencia-Extract\2000\sentencia-pdf-2000.csv,,,0,0,True,False
00089-2000-AA,2000,sentencia,data\sentencia-Extract\2000\sentencia-pdf-2000.csv,,,0,0,True,False
01137-1999-AC,2000,sentencia,data\sentencia-Extract\2000\sentencia-pdf-2000.csv,,,0,0,True,False
00538-1998-AA,2000,sentencia,data\sentencia-Extract\2000\sentencia-pdf-2000.csv,,,0,0,True,False
00795-1999-AA,2000,sentencia,data\sentencia-Extract\2000\sentencia-pdf-2000.csv,,,0,0,True,False
00052-1998-AA,2000,sentencia,data\sentencia-Extract\2000\sentencia-pdf-2000.csv,,,0,0,True,False
00848-1999-AA,2000,sentencia,data\sentencia-Extract\2000\sentencia-pdf-2000.csv,,,0,0,True,False
00259-1999-AA,2000,sentencia,data\sentencia-Extract\2000\sentencia-pdf-2000.csv,,,0,0,True,False
00219-1999-AA,2000,sentencia,data\sentencia-Extract\2000\sentencia-pdf-2000.csv,,,0,0,True,False
00765-1999-AA,2000,sentencia,data\sentencia-Extract\2000\sentencia-pdf-2000.csv,,,0,0,True,False
00759-1999-AA,2000,sentencia,data\sentencia-Extract\2000\sentencia-pdf-2000.csv,,,0,0,True,False
00761-1999-AA,2000,sentencia,data\sentencia-Extract\2000\sentencia-pdf-2000.csv,,,0,0,True,False
01136-1999-AA,2000,sentencia,data\sentencia-Extract\2000\sentencia-pdf-2000.csv,,,0,0,True,False
00018-1999-AA,2000,sentencia,data\sentencia-Extract\2000\sentencia-pdf-2000.csv,,,0,0,True,False
01050-1999-AA,2000,sentencia,data\sentencia-Extract\2000\sentencia-pdf-2000.csv,,,0,0,True,False
00859-1999-AC,2000,sentencia,data\sentencia-Extract\2000\sentencia-pdf-2000.csv,,,0,0,True,False
00954-1999-AA,2000,sentencia,data\sentencia-Extract\2000\sentencia-pdf-2000.csv,,,0,0,True,False
00358-1999-AA,2000,sentencia,data\sentencia-Extract\2000\sentencia-pdf-2000.csv,,,0,0,True,False
00475-1998-AA,2000,sentencia,data\sentencia-Extract\2000\sentencia-pdf-2000.csv,,,0,0,True,False
00099-1998-AA,2000,sentencia,data\sentencia-Extract\2000\sentencia-pdf-2000.csv,,,0,0,True,False
00802-1999-AA,2000,sentencia,data\sentencia-Extract\2000\sentencia-pdf-2000.csv,,,0,0,True,False
00777-1999-AA,2000,sentencia,data\sentencia-Extract\2000\sentencia-pdf-2000.csv,,,0,0,True,False
00589-1999-AA,2000,sentencia,data\sentencia-Extract\2000\sentencia-pdf-2000.csv,,,0,0,True,False
00945-1998-AA,2000,sentencia,data\sentencia-Extract\2000\sentencia-pdf-2000.csv,,,0,0,True,False
00566-1999-AA,2000,sentencia,data\sentencia-Extract\2000\sentencia-pdf-2000.csv,,,0,0,True,False
00947-1999-AA,2000,sentencia,data\sentencia-Extract\2000\sentencia-pdf-2000.csv,,,0,0,True,False
00003-2000-AA,2000,sentencia,data\sentencia-Extract\2000\sentencia-pdf-2000.csv,,,0,0,True,False
01245-1999-AA,2000,sentencia,data\sentencia-Extract\2000\sentencia-pdf-2000.csv,,,0,0,True,False
00412-1999-AA,2000,sentencia,data\sentencia-Extract\2000\sentencia-pdf-2000.csv,,,0,0,True,False
00713-1999-AA,2000,sentencia,data\sentencia-Extract\2000\sentencia-pdf-2000.csv,,,0,0,True,False
00875-1999-AA,2000,sentencia,data\sentencia-Extract\2000\sentencia-pdf-2000.csv,,,0,0,True,False
01197-1999-AA,2000,sentencia,data\sentencia-Extract\2000\sentencia-pdf-2000.csv,,,0,0,True,False
00062-1998-AA,2000,sentencia,data\sentencia-Extract\2000\sentencia-pdf-2000.csv,,,0,0,True,False
00988-1998-AA,2000,sentencia,data\sentencia-Extract\2000\sentencia-pdf-2000.csv,,,0,0,True,False
00952-1999-AA,2000,sentencia,data\sentencia-Extract\2000\sentencia-pdf-2000.csv,,,0,0,True,False
00312-1998-AA,2000,sentencia,data\sentencia-Extract\2000\sentencia-pdf-2000.csv,,,0,0,True,False
00389-1999-AA,2000,sentencia,data\sentencia-Extract\2000\sentencia-pdf-2000.csv,,,0,0,True,False
00144-2000-AA,2000,sentencia,data\sentencia-Extract\2000\sentencia-pdf-2000.csv,,,0,0,True,False
00341-1999-AA,2000,sentencia,data\sentencia-Extract\2000\sentencia-pdf-2000.csv,,,0,0,True,False
00097-2000-AA,2000,sentencia,data\sentencia-Extract\2000\sentencia-pdf-2000.csv,,,0,0,True,False
00151-1999-AA,2000,sentencia,data\sentencia-Extract\2000\sentencia-pdf-2000.csv,,,0,0,True,False
00840-1999-AA,2000,sentencia,data\sentencia-Extract\2000\sentencia-pdf-2000.csv,,,0,0,True,False
00747-1999-AC,2000,sentencia,data\sentencia-Extract\2000\sentencia-pdf-2000.csv,,,0,0,True,False
00312-1999-AA,2000,sentencia,data\sentencia-Extract\2000\sentencia-pdf-2000.csv,,,0,0,True,False
00734-1999-AA,2000,sentencia,data\sentencia-Extract\2000\sentencia-pdf-2000.csv,,,0,0,True,False
00817-1999-AA,2000,sentencia,data\sentencia-Extract\2000\sentencia-pdf-2000.csv,,,0,0,True,False
00727-1999-AA,2000,sentencia,data\sentencia-Extract\2000\sentencia-pdf-2000.csv,,,0,0,True,False
00722-1999-AA,2000,sentencia,data\sentencia-Extract\2000\sentencia-pdf-2000.csv,,,0,0,True,False
00718-1999-AA,2000,sentencia,data\sentencia-Extract\2000\sentencia-pdf-2000.csv,,,0,0,True,False
00776-1999-AA,2000,sentencia,data\sentencia-Extract\2000\sentencia-pdf-2000.csv,,,0,0,True,False
00816-1999-AA,2000,sentencia,data\sentencia-Extract\2000\sentencia-pdf-2000.csv,,,0,0,True,False
01190-1999-AA,2000,sentencia,data\sentencia-Extract\2000\sentencia-pdf-2000.csv,,,0,0,True,False
01155-1999-AA,2000,sentencia,data\sentencia-Extract\2000\sentencia-pdf-2000.csv,,,0,0,True,False
01139-1999-AA,2000,sentencia,data\sentencia-Extract\2000\sentencia-pdf-2000.csv,,,0,0,True,False
01170-1999-AA,2000,sentencia,data\sentencia-Extract\2000\sentencia-pdf-2000.csv,,,0,0,True,False
01187-1999-AA,2000,sentencia,data\sentencia-Extract\2000\sentencia-pdf-2000.csv,,,0,0,True,False
00002-1999-AA,2000,sentencia,data\sentencia-Extract\2000\sentencia-pdf-2000.csv,,,0,0,True,False
00067-2000-AA,2000,sentencia,data\sentencia-Extract\2000\sentencia-pdf-2000.csv,,,0,0,True,False
00006-2000-AA,2000,sentencia,data\sentencia-Extract\2000\sentencia-pdf-2000.csv,,,0,0,True,False
00886-1999-AA,2000,sentencia,data\sentencia-Extract\2000\sentencia-pdf-2000.csv,,,0,0,True,False
00948-1998-AA,2000,sentencia,data\sentencia-Extract\2000\sentencia-pdf-2000.csv,,,0,0,True,False
00437-1999-AA,2000,sentencia,data\sentencia-Extract\2000\sentencia-pdf-2000.csv,,,0,0,True,False
00499-1998-AA,2000,sentencia,data\sentencia-Extract\2000\sentencia-pdf-2000.csv,,,0,0,True,False
00661-1999-AA,2000,sentencia,data\sentencia-Extract\2000\sentencia-pdf-2000.csv,,,0,0,True,False
00492-1999-AA,2000,sentencia,data\sentencia-Extract\2000\sentencia-pdf-2000.csv,,,0,0,True,False
00507-1999-AA,2000,sentencia,data\sentencia-Extract\2000\sentencia-pdf-2000.csv,,,0,0,True,False
00160-1999-AA,2000,sentencia,data\sentencia-Extract\2000\sentencia-pdf-2000.csv,,,0,0,True,False
01298-1999-AA,2000,sentencia,data\sentencia-Extract\2000\sentencia-pdf-2000.csv,,,0,0,True,False
00843-1998-AA,2000,sentencia,data\sentencia-Extract\2000\sentencia-pdf-2000.csv,,,0,0,True,False
00262-2000-AA,2000,sentencia,data\sentencia-Extract\2000\sentencia-pdf-2000.csv,,,0,0,True,False
00742-1997-AA,2000,sentencia,data\sentencia-Extract\2000\sentencia-pdf-2000.csv,,,0,0,True,False
00813-1999-AA,2000,sentencia,data\sentencia-Extract\2000\sentencia-pdf-2000.csv,,,0,0,True,False
00085-2000-AA,2000,sentencia,data\sentencia-Extract\2000\sentencia-pdf-2000.csv,,,0,0,True,False
01008-1999-AA,2000,sentencia,data\sentencia-Extract\2000\sentencia-pdf-2000.csv,,,0,0,True,False
00998-1997-AA,2000,sentencia,data\sentencia-Extract\2000\sentencia-pdf-2000.csv,,,0,0,True,False
00937-1999-AA,2000,sentencia,data\sentencia-Extract\2000\sentencia-pdf-2000.csv,,,0,0,True,False
00939-1998-AC,2000,sentencia,data\sentencia-Extract\2000\sentencia-pdf-2000.csv,,,0,0,True,False
00545-1999-AA,2000,sentencia,data\sentencia-Extract\2000\sentencia-pdf-2000.csv,,,0,0,True,False
00556-1999-AA,2000,sentencia,data\sentencia-Extract\2000\sentencia-pdf-2000.csv,,,0,0,True,False
01241-1999-AA,2000,sentencia,data\sentencia-Extract\2000\sentencia-pdf-2000.csv,,,0,0,True,False
01212-1999-AA,2000,sentencia,data\sentencia-Extract\2000\sentencia-pdf-2000.csv,,,0,0,True,False
00439-1998-AA,2000,sentencia,data\sentencia-Extract\2000\sentencia-pdf-2000.csv,,,0,0,True,False
00406-1999-AC,2000,sentencia,data\sentencia-Extract\2000\sentencia-pdf-2000.csv,,,0,0,True,False
00436-1999-AA,2000,sentencia,data\sentencia-Extract\2000\sentencia-pdf-2000.csv,,,0,0,True,False
00400-1999-AA,2000,sentencia,data\sentencia-Extract\2000\sentencia-pdf-2000.csv,,,0,0,True,False
00387-1997-AC,2000,sentencia,data\sentencia-Extract\2000\sentencia-pdf-2000.csv,,,0,0,True,False
01244-1999-AC,2000,sentencia,data\sentencia-Extract\2000\sentencia-pdf-2000.csv,,,0,0,True,False
00166-1999-AA,2000,sentencia,data\sentencia-Extract\2000\sentencia-pdf-2000.csv,,,0,0,True,False
01315-1999-AA,2000,sentencia,data\sentencia-Extract\2000\sentencia-pdf-2000.csv,,,0,0,True,False
00152-1999-AA,2000,sentencia,data\sentencia-Extract\2000\sentencia-pdf-2000.csv,,,0,0,True,False
01307-1999-AA,2000,sentencia,data\sentencia-Extract\2000\sentencia-pdf-2000.csv,,,0,0,True,False
01262-1999-AC,2000,sentencia,data\sentencia-Extract\2000\sentencia-pdf-2000.csv,,,0,0,True,False
00794-1999-AA,2000,sentencia,data\sentencia-Extract\2000\sentencia-pdf-2000.csv,,,0,0,True,False
00295-1996-AA,2000,sentencia,data\sentencia-Extract\2000\sentencia-pdf-2000.csv,,,0,0,True,False
00824-1999-AA,2000,sentencia,data\sentencia-Extract\2000\sentencia-pdf-2000.csv,,,0,0,True,False
00825-1999-AA,2000,sentencia,data\sentencia-Extract\2000\sentencia-pdf-2000.csv,,,0,0,True,False
00814-1999-AA,2000,sentencia,data\sentencia-Extract\2000\sentencia-pdf-2000.csv,,,0,0,True,False
00783-1999-AA,2000,sentencia,data\sentencia-Extract\2000\sentencia-pdf-2000.csv,,,0,0,True,False
00721-1999-AA,2000,sentencia,data\sentencia-Extract\2000\sentencia-pdf-2000.csv,,,0,0,True,False
01120-1999-AA,2000,sentencia,data\sentencia-Extract\2000\sentencia-pdf-2000.csv,,,0,0,True,False
00031-2000-AA,2000,sentencia,data\sentencia-Extract\2000\sentencia-pdf-2000.csv,,,0,0,True,False
00890-1999-AA,2000,sentencia,data\sentencia-Extract\2000\sentencia-pdf-2000.csv,,,0,0,True,False
00926-1999-AA,2000,sentencia,data\sentencia-Extract\2000\sentencia-pdf-2000.csv,,,0,0,True,False
00654-1999-AA,2000,sentencia,data\sentencia-Extract\2000\sentencia-pdf-2000.csv,,,0,0,True,False
00537-1999-AA,2000,sentencia,data\sentencia-Extract\2000\sentencia-pdf-2000.csv,,,0,0,True,False
00658-1999-AA,2000,sentencia,data\sentencia-Extract\2000\sentencia-pdf-2000.csv,,,0,0,True,False
00921-1998-AA,2000,sentencia,data\sentencia-Extract\2000\sentencia-pdf-2000.csv,,,0,0,True,False
01127-1998-AA,2000,sentencia,data\sentencia-Extract\2000\sentencia-pdf-2000.csv,,,0,0,True,False
00195-2000-AA,2000,sentencia,data\sentencia-Extract\2000\sentencia-pdf-2000.csv,,,0,0,True,False
00542-1999-AA,2000,sentencia,data\sentencia-Extract\2000\sentencia-pdf-2000.csv,,,0,0,True,False
01025-1999-AA,2000,sentencia,data\sentencia-Extract\2000\sentencia-pdf-2000.csv,,,0,0,True,False
00696-1998-AA,2000,sentencia,data\sentencia-Extract\2000\sentencia-pdf-2000.csv,,,0,0,True,False
00707-1999-AA,2000,sentencia,data\sentencia-Extract\2000\sentencia-pdf-2000.csv,,,0,0,True,False
00565-1998-AA,2000,sentencia,data\sentencia-Extract\2000\sentencia-pdf-2000.csv,,,0,0,True,False
00648-1999-AA,2000,sentencia,data\sentencia-Extract\2000\sentencia-pdf-2000.csv,,,0,0,True,False
00896-1999-AA,2000,sentencia,data\sentencia-Extract\2000\sentencia-pdf-2000.csv,,,0,0,True,False
00924-1999-AA,2000,sentencia,data\sentencia-Extract\2000\sentencia-pdf-2000.csv,,,0,0,True,False
00885-1999-AA,2000,sentencia,data\sentencia-Extract\2000\sentencia-pdf-2000.csv,,,0,0,True,False
01039-1999-AA,2000,sentencia,data\sentencia-Extract\2000\sentencia-pdf-2000.csv,,,0,0,True,False
01038-1999-AA,2000,sentencia,data\sentencia-Extract\2000\sentencia-pdf-2000.csv,,,0,0,True,False
00914-1999-AA,2000,sentencia,data\sentencia-Extract\2000\sentencia-pdf-2000.csv,,,0,0,True,False
00933-1999-AA,2000,sentencia,data\sentencia-Extract\2000\sentencia-pdf-2000.csv,,,0,0,True,False
01004-1999-AA,2000,sentencia,data\sentencia-Extract\2000\sentencia-pdf-2000.csv,,,0,0,True,False
00183-1999-AA,2000,sentencia,data\sentencia-Extract\2000\sentencia-pdf-2000.csv,,,0,0,True,False
00839-1999-AA,2000,sentencia,data\sentencia-Extract\2000\sentencia-pdf-2000.csv,,,0,0,True,False
00709-1999-AA,2000,sentencia,data\sentencia-Extract\2000\sentencia-pdf-2000.csv,,,0,0,True,False
01213-1999-AA,2000,sentencia,data\sentencia-Extract\2000\sentencia-pdf-2000.csv,,,0,0,True,False
00739-1998-AA,2000,sentencia,data\sentencia-Extract\2000\sentencia-pdf-2000.csv,,,0,0,True,False
01083-1999-AA,2000,sentencia,data\sentencia-Extract\2000\sentencia-pdf-2000.csv,,,0,0,True,False
01176-1999-AC,2000,sentencia,data\sentencia-Extract\2000\sentencia-pdf-2000.csv,,,0,0,True,False
01178-1999-AC,2000,sentencia,data\sentencia-Extract\2000\sentencia-pdf-2000.csv,,,0,0,True,False
01203-1999-AA,2000,sentencia,data\sentencia-Extract\2000\sentencia-pdf-2000.csv,,,0,0,True,False
01229-1999-AC,2000,sentencia,data\sentencia-Extract\2000\sentencia-pdf-2000.csv,,,0,0,True,False
01125-1999-AA,2000,sentencia,data\sentencia-Extract\2000\sentencia-pdf-2000.csv,,,0,0,True,False
00016-2000-HC,2000,sentencia,data\sentencia-Extract\2000\sentencia-pdf-2000.csv,,,0,0,True,False
00072-2000-AA,2000,sentencia,data\sentencia-Extract\2000\sentencia-pdf-2000.csv,,,0,0,True,False
00907-1999-AC,2000,sentencia,data\sentencia-Extract\2000\sentencia-pdf-2000.csv,,,0,0,True,False
01198-1999-AA,2000,sentencia,data\sentencia-Extract\2000\sentencia-pdf-2000.csv,,,0,0,True,False
01242-1999-AA,2000,sentencia,data\sentencia-Extract\2000\sentencia-pdf-2000.csv,,,0,0,True,False
00618-1999-AA,2000,sentencia,data\sentencia-Extract\2000\sentencia-pdf-2000.csv,,,0,0,True,False
00062-1999-AA,2000,sentencia,data\sentencia-Extract\2000\sentencia-pdf-2000.csv,,,0,0,True,False
00985-1998-AA,2000,sentencia,data\sentencia-Extract\2000\sentencia-pdf-2000.csv,,,0,0,True,False
00080-2000-AA,2000,sentencia,data\sentencia-Extract\2000\sentencia-pdf-2000.csv,,,0,0,True,False
00079-2000-AA,2000,sentencia,data\sentencia-Extract\2000\sentencia-pdf-2000.csv,,,0,0,True,False
00158-1999-AA,2000,sentencia,data\sentencia-Extract\2000\sentencia-pdf-2000.csv,,,0,0,True,False
00597-1999-AA,2000,sentencia,data\sentencia-Extract\2000\sentencia-pdf-2000.csv,,,0,0,True,False
00838-1999-AA,2000,sentencia,data\sentencia-Extract\2000\sentencia-pdf-2000.csv,,,0,0,True,False
00208-2000-AA,2000,sentencia,data\sentencia-Extract\2000\sentencia-pdf-2000.csv,,,0,0,True,False
00917-1999-AA,2000,sentencia,data\sentencia-Extract\2000\sentencia-pdf-2000.csv,,,0,0,True,False
00342-1999-AA,2000,sentencia,data\sentencia-Extract\2000\sentencia-pdf-2000.csv,,,0,0,True,False
00055-2000-HC,2000,sentencia,data\sentencia-Extract\2000\sentencia-pdf-2000.csv,,,0,0,True,False
00156-1999-AA,2000,sentencia,data\sentencia-Extract\2000\sentencia-pdf-2000.csv,,,0,0,True,False
00956-1999-AA,2000,sentencia,data\sentencia-Extract\2000\sentencia-pdf-2000.csv,,,0,0,True,False
01277-1999-AC,2000,sentencia,data\sentencia-Extract\2000\sentencia-pdf-2000.csv,,,0,0,True,False
00828-1999-AA,2000,sentencia,data\sentencia-Extract\2000\sentencia-pdf-2000.csv,,,0,0,True,False
01138-1999-AA,2000,sentencia,data\sentencia-Extract\2000\sentencia-pdf-2000.csv,,,0,0,True,False
00655-1999-AA,2000,sentencia,data\sentencia-Extract\2000\sentencia-pdf-2000.csv,,,0,0,True,False
00639-1999-AA,2000,sentencia,data\sentencia-Extract\2000\sentencia-pdf-2000.csv,,,0,0,True,False
00953-1999-AA,2000,sentencia,data\sentencia-Extract\2000\sentencia-pdf-2000.csv,,,0,0,True,False
01159-1999-AC,2000,sentencia,data\sentencia-Extract\2000\sentencia-pdf-2000.csv,,,0,0,True,False
00423-1999-AC,2000,sentencia,data\sentencia-Extract\2000\sentencia-pdf-2000.csv,,,0,0,True,False
00438-1999-AA,2000,sentencia,data\sentencia-Extract\2000\sentencia-pdf-2000.csv,,,0,0,True,False
00393-2000-HC,2000,sentencia,data\sentencia-Extract\2000\sentencia-pdf-2000.csv,,,0,0,True,False
00361-2000-AA,2000,sentencia,data\sentencia-Extract\2000\sentencia-pdf-2000.csv,,,0,0,True,False
01269-1999-AA,2000,sentencia,data\sentencia-Extract\2000\sentencia-pdf-2000.csv,,,0,0,True,False
01043-1999-AA,2000,sentencia,data\sentencia-Extract\2000\sentencia-pdf-2000.csv,,,0,0,True,False
01286-1999-AA,2000,sentencia,data\sentencia-Extract\2000\sentencia-pdf-2000.csv,,,0,0,True,False
00897-1999-AA,2000,sentencia,data\sentencia-Extract\2000\sentencia-pdf-2000.csv,,,0,0,True,False
00982-1999-AA,2000,sentencia,data\sentencia-Extract\2000\sentencia-pdf-2000.csv,,,0,0,True,False
00552-1999-AA,2000,sentencia,data\sentencia-Extract\2000\sentencia-pdf-2000.csv,,,0,0,True,False
00212-2000-AA,2000,sentencia,data\sentencia-Extract\2000\sentencia-pdf-2000.csv,,,0,0,True,False
00719-1999-AA,2000,sentencia,data\sentencia-Extract\2000\sentencia-pdf-2000.csv,,,0,0,True,False
00232-1999-AA,2000,sentencia,data\sentencia-Extract\2000\sentencia-pdf-2000.csv,,,0,0,True,False
01226-1999-AA,2000,sentencia,data\sentencia-Extract\2000\sentencia-pdf-2000.csv,,,0,0,True,False
00258-2000-HC,2000,sentencia,data\sentencia-Extract\2000\sentencia-pdf-2000.csv,,,0,0,True,False
00171-2000-HC,2000,sentencia,data\sentencia-Extract\2000\sentencia-pdf-2000.csv,,,0,0,True,False
00190-2000-AA,2000,sentencia,data\sentencia-Extract\2000\sentencia-pdf-2000.csv,,,0,0,True,False
00192-1999-AA,2000,sentencia,data\sentencia-Extract\2000\sentencia-pdf-2000.csv,,,0,0,True,False
00113-2000-AA,2000,sentencia,data\sentencia-Extract\2000\sentencia-pdf-2000.csv,,,0,0,True,False
00176-2000-AA,2000,sentencia,data\sentencia-Extract\2000\sentencia-pdf-2000.csv,,,0,0,True,False
00140-2000-AA,2000,sentencia,data\sentencia-Extract\2000\sentencia-pdf-2000.csv,,,0,0,True,False
00139-1999-AA,2000,sentencia,data\sentencia-Extract\2000\sentencia-pdf-2000.csv,,,0,0,True,False
00107-2000-AA,2000,sentencia,data\sentencia-Extract\2000\sentencia-pdf-2000.csv,,,0,0,True,False
00341-2000-AA,2000,sentencia,data\sentencia-Extract\2000\sentencia-pdf-2000.csv,,,0,0,True,False
00459-1999-AA,2000,sentencia,data\sentencia-Extract\2000\sentencia-pdf-2000.csv,,,0,0,True,False
01134-1999-AA,2000,sentencia,data\sentencia-Extract\2000\sentencia-pdf-2000.csv,,,0,0,True,False
01104-1999-AA,2000,sentencia,data\sentencia-Extract\2000\sentencia-pdf-2000.csv,,,0,0,True,False
01140-1999-AA,2000,sentencia,data\sentencia-Extract\2000\sentencia-pdf-2000.csv,,,0,0,True,False
00130-1999-AA,2000,sentencia,data\sentencia-Extract\2000\sentencia-pdf-2000.csv,,,0,0,True,False
00200-2000-AA,2000,sentencia,data\sentencia-Extract\2000\sentencia-pdf-2000.csv,,,0,0,True,False
00134-2000-AA,2000,sentencia,data\sentencia-Extract\2000\sentencia-pdf-2000.csv,,,0,0,True,False
00280-1999-AA,2000,sentencia,data\sentencia-Extract\2000\sentencia-pdf-2000.csv,,,0,0,True,False
01272-1999-AA,2000,sentencia,data\sentencia-Extract\2000\sentencia-pdf-2000.csv,,,0,0,True,False
01280-1999-AC,2000,sentencia,data\sentencia-Extract\2000\sentencia-pdf-2000.csv,,,0,0,True,False
01282-1999-AA,2000,sentencia,data\sentencia-Extract\2000\sentencia-pdf-2000.csv,,,0,0,True,False
01274-1999-AA,2000,sentencia,data\sentencia-Extract\2000\sentencia-pdf-2000.csv,,,0,0,True,False
01254-1999-AA,2000,sentencia,data\sentencia-Extract\2000\sentencia-pdf-2000.csv,,,0,0,True,False
00210-2000-AC,2000,sentencia,data\sentencia-Extract\2000\sentencia-pdf-2000.csv,,,0,0,True,False
00218-2000-AA,2000,sentencia,data\sentencia-Extract\2000\sentencia-pdf-2000.csv,,,0,0,True,False
00255-1999-AA,2000,sentencia,data\sentencia-Extract\2000\sentencia-pdf-2000.csv,,,0,0,True,False
00294-2000-AA,2000,sentencia,data\sentencia-Extract\2000\sentencia-pdf-2000.csv,,,0,0,True,False
00766-1999-AA,2000,sentencia,data\sentencia-Extract\2000\sentencia-pdf-2000.csv,,,0,0,True,False
00731-1999-AA,2000,sentencia,data\sentencia-Extract\2000\sentencia-pdf-2000.csv,,,0,0,True,False
00021-2000-AA,2000,sentencia,data\sentencia-Extract\2000\sentencia-pdf-2000.csv,,,0,0,True,False
00960-1999-AA,2000,sentencia,data\sentencia-Extract\2000\sentencia-pdf-2000.csv,,,0,0,True,False
00983-1999-AC,2000,sentencia,data\sentencia-Extract\2000\sentencia-pdf-2000.csv,,,0,0,True,False
00691-1999-AC,2000,sentencia,data\sentencia-Extract\2000\sentencia-pdf-2000.csv,,,0,0,True,False
00642-1999-AA,2000,sentencia,data\sentencia-Extract\2000\sentencia-pdf-2000.csv,,,0,0,True,False
00144-1998-AA,2000,sentencia,data\sentencia-Extract\2000\sentencia-pdf-2000.csv,,,0,0,True,False
00112-2000-AC,2000,sentencia,data\sentencia-Extract\2000\sentencia-pdf-2000.csv,,,0,0,True,False
01153-1999-AA,2000,sentencia,data\sentencia-Extract\2000\sentencia-pdf-2000.csv,,,0,0,True,False
00100-2000-AA,2000,sentencia,data\sentencia-Extract\2000\sentencia-pdf-2000.csv,,,0,0,True,False
00100-1999-AA,2000,sentencia,data\sentencia-Extract\2000\sentencia-pdf-2000.csv,,,0,0,True,False
00180-1999-AA,2000,sentencia,data\sentencia-Extract\2000\sentencia-pdf-2000.csv,,,0,0,True,False
00142-2000-AA,2000,sentencia,data\sentencia-Extract\2000\sentencia-pdf-2000.csv,,,0,0,True,False
00602-1999-AA,2000,sentencia,data\sentencia-Extract\2000\sentencia-pdf-2000.csv,,,0,0,True,False
00562-1998-HD,2000,sentencia,data\sentencia-Extract\2000\sentencia-pdf-2000.csv,,,0,0,True,False
01028-1999-AC,2000,sentencia,data\sentencia-Extract\2000\sentencia-pdf-2000.csv,,,0,0,True,False
00895-1999-AA,2000,sentencia,data\sentencia-Extract\2000\sentencia-pdf-2000.csv,,,0,0,True,False
00934-1999-AA,2000,sentencia,data\sentencia-Extract\2000\sentencia-pdf-2000.csv,,,0,0,True,False
00892-1999-AA,2000,sentencia,data\sentencia-Extract\2000\sentencia-pdf-2000.csv,,,0,0,True,False
00910-1999-AA,2000,sentencia,data\sentencia-Extract\2000\sentencia-pdf-2000.csv,,,0,0,True,False
01034-1999-AA,2000,sentencia,data\sentencia-Extract\2000\sentencia-pdf-2000.csv,,,0,0,True,False
00884-1999-AA,2000,sentencia,data\sentencia-Extract\2000\sentencia-pdf-2000.csv,,,0,0,True,False
00057-2000-AA,2000,sentencia,data\sentencia-Extract\2000\sentencia-pdf-2000.csv,,,0,0,True,False
01054-1999-AA,2000,sentencia,data\sentencia-Extract\2000\sentencia-pdf-2000.csv,,,0,0,True,False
00010-2000-AA,2000,sentencia,data\sentencia-Extract\2000\sentencia-pdf-2000.csv,,,0,0,True,False
00026-2000-AA,2000,sentencia,data\sentencia-Extract\2000\sentencia-pdf-2000.csv,,,0,0,True,False
00004-2000-AA,2000,sentencia,data\sentencia-Extract\2000\sentencia-pdf-2000.csv,,,0,0,True,False
00061-2000-AA,2000,sentencia,data\sentencia-Extract\2000\sentencia-pdf-2000.csv,,,0,0,True,False
00086-2000-AC,2000,sentencia,data\sentencia-Extract\2000\sentencia-pdf-2000.csv,,,0,0,True,False
00017-2000-AA,2000,sentencia,data\sentencia-Extract\2000\sentencia-pdf-2000.csv,,,0,0,True,False
00013-2000-AA,2000,sentencia,data\sentencia-Extract\2000\sentencia-pdf-2000.csv,,,0,0,True,False
00739-1997-AA,2000,sentencia,data\sentencia-Extract\2000\sentencia-pdf-2000.csv,,,0,0,True,False
01174-1999-AA,2000,sentencia,data\sentencia-Extract\2000\sentencia-pdf-2000.csv,,,0,0,True,False
00769-1999-AA,2000,sentencia,data\sentencia-Extract\2000\sentencia-pdf-2000.csv,,,0,0,True,False
00822-1999-AA,2000,sentencia,data\sentencia-Extract\2000\sentencia-pdf-2000.csv,,,0,0,True,False
00821-1998-AA,2000,sentencia,data\sentencia-Extract\2000\sentencia-pdf-2000.csv,,,0,0,True,False
00296-1999-AA,2000,sentencia,data\sentencia-Extract\2000\sentencia-pdf-2000.csv,,,0,0,True,False
00849-1998-AC,2000,sentencia,data\sentencia-Extract\2000\sentencia-pdf-2000.csv,,,0,0,True,False
00213-2000-AA,2000,sentencia,data\sentencia-Extract\2000\sentencia-pdf-2000.csv,,,0,0,True,False
00798-1999-AA,2000,sentencia,data\sentencia-Extract\2000\sentencia-pdf-2000.csv,,,0,0,True,False
00122-1999-AA,2000,sentencia,data\sentencia-Extract\2000\sentencia-pdf-2000.csv,,,0,0,True,False
00117-2000-AA,2000,sentencia,data\sentencia-Extract\2000\sentencia-pdf-2000.csv,,,0,0,True,False
00137-1999-AA,2000,sentencia,data\sentencia-Extract\2000\sentencia-pdf-2000.csv,,,0,0,True,False
00099-1999-AA,2000,sentencia,data\sentencia-Extract\2000\sentencia-pdf-2000.csv,,,0,0,True,False
00338-2000-HC,2000,sentencia,data\sentencia-Extract\2000\sentencia-pdf-2000.csv,,,0,0,True,False
01201-1999-HC,2000,sentencia,data\sentencia-Extract\2000\sentencia-pdf-2000.csv,,,0,0,True,False
00414-1999-AA,2000,sentencia,data\sentencia-Extract\2000\sentencia-pdf-2000.csv,,,0,0,True,False
01069-1999-AC,2000,sentencia,data\sentencia-Extract\2000\sentencia-pdf-2000.csv,,,0,0,True,False
00830-1999-AA,2000,sentencia,data\sentencia-Extract\2000\sentencia-pdf-2000.csv,,,0,0,True,False
01189-1999-AA,2000,sentencia,data\sentencia-Extract\2000\sentencia-pdf-2000.csv,,,0,0,True,False
00557-1999-AA,2000,sentencia,data\sentencia-Extract\2000\sentencia-pdf-2000.csv,,,0,0,True,False
00636-1999-AA,2000,sentencia,data\sentencia-Extract\2000\sentencia-pdf-2000.csv,,,0,0,True,False
00645-1999-AA,2000,sentencia,data\sentencia-Extract\2000\sentencia-pdf-2000.csv,,,0,0,True,False
00608-1999-AA,2000,sentencia,data\sentencia-Extract\2000\sentencia-pdf-2000.csv,,,0,0,True,False
00686-1998-AA,2000,sentencia,data\sentencia-Extract\2000\sentencia-pdf-2000.csv,,,0,0,True,False
00615-1999-AA,2000,sentencia,data\sentencia-Extract\2000\sentencia-pdf-2000.csv,,,0,0,True,False
00575-1999-AC,2000,sentencia,data\sentencia-Extract\2000\sentencia-pdf-2000.csv,,,0,0,True,False
00624-1998-AA,2000,sentencia,data\sentencia-Extract\2000\sentencia-pdf-2000.csv,,,0,0,True,False
00606-1999-AA,2000,sentencia,data\sentencia-Extract\2000\sentencia-pdf-2000.csv,,,0,0,True,False
00553-1999-AC,2000,sentencia,data\sentencia-Extract\2000\sentencia-pdf-2000.csv,,,0,0,True,False
00536-1999-AA,2000,sentencia,data\sentencia-Extract\2000\sentencia-pdf-2000.csv,,,0,0,True,False
00899-1998-AC,2000,sentencia,data\sentencia-Extract\2000\sentencia-pdf-2000.csv,,,0,0,True,False
01017-1999-AC,2000,sentencia,data\sentencia-Extract\2000\sentencia-pdf-2000.csv,,,0,0,True,False
01016-1999-AA,2000,sentencia,data\sentencia-Extract\2000\sentencia-pdf-2000.csv,,,0,0,True,False
01043-1998-AA,2000,sentencia,data\sentencia-Extract\2000\sentencia-pdf-2000.csv,,,0,0,True,False
00907-1998-AA,2000,sentencia,data\sentencia-Extract\2000\sentencia-pdf-2000.csv,,,0,0,True,False
01051-1999-AA,2000,sentencia,data\sentencia-Extract\2000\sentencia-pdf-2000.csv,,,0,0,True,False
00051-1999-AA,2000,sentencia,data\sentencia-Extract\2000\sentencia-pdf-2000.csv,,,0,0,True,False
00785-1999-AA,2000,sentencia,data\sentencia-Extract\2000\sentencia-pdf-2000.csv,,,0,0,True,False
01193-1999-AA,2000,sentencia,data\sentencia-Extract\2000\sentencia-pdf-2000.csv,,,0,0,True,False
01065-1999-AA,2000,sentencia,data\sentencia-Extract\2000\sentencia-pdf-2000.csv,,,0,0,True,False
00829-1999-AA,2000,sentencia,data\sentencia-Extract\2000\sentencia-pdf-2000.csv,,,0,0,True,False
00847-1999-AA,2000,sentencia,data\sentencia-Extract\2000\sentencia-pdf-2000.csv,,,0,0,True,False
00233-2000-HC,2000,sentencia,data\sentencia-Extract\2000\sentencia-pdf-2000.csv,,,0,0,True,False
00792-1999-AA,2000,sentencia,data\sentencia-Extract\2000\sentencia-pdf-2000.csv,,,0,0,True,False
00801-1999-AA,2000,sentencia,data\sentencia-Extract\2000\sentencia-pdf-2000.csv,,,0,0,True,False
00842-1999-AA,2000,sentencia,data\sentencia-Extract\2000\sentencia-pdf-2000.csv,,,0,0,True,False
00298-1999-AA,2000,sentencia,data\sentencia-Extract\2000\sentencia-pdf-2000.csv,,,0,0,True,False
00207-1999-AC,2000,sentencia,data\sentencia-Extract\2000\sentencia-pdf-2000.csv,,,0,0,True,False
01283-1999-AA,2000,sentencia,data\sentencia-Extract\2000\sentencia-pdf-2000.csv,,,0,0,True,False
01278-1999-AA,2000,sentencia,data\sentencia-Extract\2000\sentencia-pdf-2000.csv,,,0,0,True,False
00327-2000-AA,2000,sentencia,data\sentencia-Extract\2000\sentencia-pdf-2000.csv,,,0,0,True,False
00583-1999-AA,2000,sentencia,data\sentencia-Extract\2000\sentencia-pdf-2000.csv,,,0,0,True,False
00216-2000-AA,2000,sentencia,data\sentencia-Extract\2000\sentencia-pdf-2000.csv,,,0,0,True,False
00690-1999-AC,2000,sentencia,data\sentencia-Extract\2000\sentencia-pdf-2000.csv,,,0,0,True,False
00365-1999-AA,2000,sentencia,data\sentencia-Extract\2000\sentencia-pdf-2000.csv,,,0,0,True,False
00355-1999-AA,2000,sentencia,data\sentencia-Extract\2000\sentencia-pdf-2000.csv,,,0,0,True,False
00359-2000-HC,2000,sentencia,data\sentencia-Extract\2000\sentencia-pdf-2000.csv,,,0,0,True,False
00344-2000-HC,2000,sentencia,data\sentencia-Extract\2000\sentencia-pdf-2000.csv,,,0,0,True,False
00402-1999-AA,2000,sentencia,data\sentencia-Extract\2000\sentencia-pdf-2000.csv,,,0,0,True,False
00384-2000-AA,2000,sentencia,data\sentencia-Extract\2000\sentencia-pdf-2000.csv,,,0,0,True,False
00356-1999-AA,2000,sentencia,data\sentencia-Extract\2000\sentencia-pdf-2000.csv,,,0,0,True,False
00445-1999-AA,2000,sentencia,data\sentencia-Extract\2000\sentencia-pdf-2000.csv,,,0,0,True,False
01243-1999-AA,2000,sentencia,data\sentencia-Extract\2000\sentencia-pdf-2000.csv,,,0,0,True,False
00470-1999-AA,2000,sentencia,data\sentencia-Extract\2000\sentencia-pdf-2000.csv,,,0,0,True,False
01104-1998-AA,2000,sentencia,data\sentencia-Extract\2000\sentencia-pdf-2000.csv,,,0,0,True,False
00702-1999-AA,2000,sentencia,data\sentencia-Extract\2000\sentencia-pdf-2000.csv,,,0,0,True,False
00771-1999-AA,2000,sentencia,data\sentencia-Extract\2000\sentencia-pdf-2000.csv,,,0,0,True,False
00434-1999-AA,2000,sentencia,data\sentencia-Extract\2000\sentencia-pdf-2000.csv,,,0,0,True,False
00093-2000-AA,2000,sentencia,data\sentencia-Extract\2000\sentencia-pdf-2000.csv,,,0,0,True,False
00263-1999-AA,2000,sentencia,data\sentencia-Extract\2000\sentencia-pdf-2000.csv,,,0,0,True,False
00286-2000-HC,2000,sentencia,data\sentencia-Extract\2000\sentencia-pdf-2000.csv,,,0,0,True,False
00055-1999-AA,2000,sentencia,data\sentencia-Extract\2000\sentencia-pdf-2000.csv,,,0,0,True,False
00443-1999-AA,2000,sentencia,data\sentencia-Extract\2000\sentencia-pdf-2000.csv,,,0,0,True,False
00446-1999-AA,2000,sentencia,data\sentencia-Extract\2000\sentencia-pdf-2000.csv,,,0,0,True,False
00480-1999-AA,2000,sentencia,data\sentencia-Extract\2000\sentencia-pdf-2000.csv,,,0,0,True,False
00352-1999-AA,2000,sentencia,data\sentencia-Extract\2000\sentencia-pdf-2000.csv,,,0,0,True,False
01265-1999-AA,2000,sentencia,data\sentencia-Extract\2000\sentencia-pdf-2000.csv,,,0,0,True,False
01052-1999-AA,2000,sentencia,data\sentencia-Extract\2000\sentencia-pdf-2000.csv,,,0,0,True,False
00986-1999-AA,2000,sentencia,data\sentencia-Extract\2000\sentencia-pdf-2000.csv,,,0,0,True,False
01077-1999-AC,2000,sentencia,data\sentencia-Extract\2000\sentencia-pdf-2000.csv,,,0,0,True,False
00793-1999-AA,2000,sentencia,data\sentencia-Extract\2000\sentencia-pdf-2000.csv,,,0,0,True,False
00593-1999-AC,2000,sentencia,data\sentencia-Extract\2000\sentencia-pdf-2000.csv,,,0,0,True,False
00595-1999-AA,2000,sentencia,data\sentencia-Extract\2000\sentencia-pdf-2000.csv,,,0,0,True,False
00348-1999-AC,2000,sentencia,data\sentencia-Extract\2000\sentencia-pdf-2000.csv,,,0,0,True,False
00377-2000-AA,2000,sentencia,data\sentencia-Extract\2000\sentencia-pdf-2000.csv,,,0,0,True,False
00665-1999-AA,2000,sentencia,data\sentencia-Extract\2000\sentencia-pdf-2000.csv,,,0,0,True,False
00991-1999-AA,2000,sentencia,data\sentencia-Extract\2000\sentencia-pdf-2000.csv,,,0,0,True,False
00432-1999-AA,2000,sentencia,data\sentencia-Extract\2000\sentencia-pdf-2000.csv,,,0,0,True,False
00348-2000-AA,2000,sentencia,data\sentencia-Extract\2000\sentencia-pdf-2000.csv,,,0,0,True,False
00173-2000-AA,2000,sentencia,data\sentencia-Extract\2000\sentencia-pdf-2000.csv,,,0,0,True,False
00126-2000-HC,2000,sentencia,data\sentencia-Extract\2000\sentencia-pdf-2000.csv,,,0,0,True,False
00269-2000-AA,2000,sentencia,data\sentencia-Extract\2000\sentencia-pdf-2000.csv,,,0,0,True,False
00232-2000-HC,2000,sentencia,data\sentencia-Extract\2000\sentencia-pdf-2000.csv,,,0,0,True,False
00096-2000-AA,2000,sentencia,data\sentencia-Extract\2000\sentencia-pdf-2000.csv,,,0,0,True,False
00920-1999-AA,2000,sentencia,data\sentencia-Extract\2000\sentencia-pdf-2000.csv,,,0,0,True,False
00688-1999-AA,2000,sentencia,data\sentencia-Extract\2000\sentencia-pdf-2000.csv,,,0,0,True,False
00797-1999-AA,2000,sentencia,data\sentencia-Extract\2000\sentencia-pdf-2000.csv,,,0,0,True,False
00683-1999-AA,2000,sentencia,data\sentencia-Extract\2000\sentencia-pdf-2000.csv,,,0,0,True,False
00736-1999-AA,2000,sentencia,data\sentencia-Extract\2000\sentencia-pdf-2000.csv,,,0,0,True,False
00889-1999-AA,2000,sentencia,data\sentencia-Extract\2000\sentencia-pdf-2000.csv,,,0,0,True,False
00439-1999-AA,2000,sentencia,data\sentencia-Extract\2000\sentencia-pdf-2000.csv,,,0,0,True,False
00205-2000-AA,2000,sentencia,data\sentencia-Extract\2000\sentencia-pdf-2000.csv,,,0,0,True,False
00739-1999-AA,2000,sentencia,data\sentencia-Extract\2000\sentencia-pdf-2000.csv,,,0,0,True,False
00770-1999-AA,2000,sentencia,data\sentencia-Extract\2000\sentencia-pdf-2000.csv,,,0,0,True,False
00857-1999-AA,2000,sentencia,data\sentencia-Extract\2000\sentencia-pdf-2000.csv,,,0,0,True,False
00737-1999-AA,2000,sentencia,data\sentencia-Extract\2000\sentencia-pdf-2000.csv,,,0,0,True,False
00951-1999-AA,2000,sentencia,data\sentencia-Extract\2000\sentencia-pdf-2000.csv,,,0,0,True,False
00563-1999-AA,2000,sentencia,data\sentencia-Extract\2000\sentencia-pdf-2000.csv,,,0,0,True,False
00716-1999-AC,2000,sentencia,data\sentencia-Extract\2000\sentencia-pdf-2000.csv,,,0,0,True,False
01168-1999-AA,2000,sentencia,data\sentencia-Extract\2000\sentencia-pdf-2000.csv,,,0,0,True,False
01075-1999-AA,2000,sentencia,data\sentencia-Extract\2000\sentencia-pdf-2000.csv,,,0,0,True,False
01120-1998-AA,2000,sentencia,data\sentencia-Extract\2000\sentencia-pdf-2000.csv,,,0,0,True,False
00995-1999-AA,2000,sentencia,data\sentencia-Extract\2000\sentencia-pdf-2000.csv,,,0,0,True,False
01251-1999-AA,2000,sentencia,data\sentencia-Extract\2000\sentencia-pdf-2000.csv,,,0,0,True,False
01253-1999-AA,2000,sentencia,data\sentencia-Extract\2000\sentencia-pdf-2000.csv,,,0,0,True,False
01247-1999-AA,2000,sentencia,data\sentencia-Extract\2000\sentencia-pdf-2000.csv,,,0,0,True,False
01270-1999-AA,2000,sentencia,data\sentencia-Extract\2000\sentencia-pdf-2000.csv,,,0,0,True,False
01024-1999-AA,2000,sentencia,data\sentencia-Extract\2000\sentencia-pdf-2000.csv,,,0,0,True,False
00130-2000-AA,2000,sentencia,data\sentencia-Extract\2000\sentencia-pdf-2000.csv,,,0,0,True,False
00037-2000-AA,2000,sentencia,data\sentencia-Extract\2000\sentencia-pdf-2000.csv,,,0,0,True,False
01232-1999-AC,2000,sentencia,data\sentencia-Extract\2000\sentencia-pdf-2000.csv,,,0,0,True,False
00153-2000-AA,2000,sentencia,data\sentencia-Extract\2000\sentencia-pdf-2000.csv,,,0,0,True,False
01076-1999-AA,2000,sentencia,data\sentencia-Extract\2000\sentencia-pdf-2000.csv,,,0,0,True,False
01119-1999-AA,2000,sentencia,data\sentencia-Extract\2000\sentencia-pdf-2000.csv,,,0,0,True,False
00723-1999-AA,2000,sentencia,data\sentencia-Extract\2000\sentencia-pdf-2000.csv,,,0,0,True,False
00131-2000-AA,2000,sentencia,data\sentencia-Extract\2000\sentencia-pdf-2000.csv,,,0,0,True,False
00235-2000-HC,2000,sentencia,data\sentencia-Extract\2000\sentencia-pdf-2000.csv,,,0,0,True,False
00145-2000-AA,2000,sentencia,data\sentencia-Extract\2000\sentencia-pdf-2000.csv,,,0,0,True,False
00467-2000-AC,2000,sentencia,data\sentencia-Extract\2000\sentencia-pdf-2000.csv,,,0,0,True,False
00630-2000-AA,2000,sentencia,data\sentencia-Extract\2000\sentencia-pdf-2000.csv,,,0,0,True,False
00579-1999-AA,2000,sentencia,data\sentencia-Extract\2000\sentencia-pdf-2000.csv,,,0,0,True,False
01252-1999-AA,2000,sentencia,data\sentencia-Extract\2000\sentencia-pdf-2000.csv,,,0,0,True,False
01171-1999-AA,2000,sentencia,data\sentencia-Extract\2000\sentencia-pdf-2000.csv,,,0,0,True,False
00220-2000-AA,2000,sentencia,data\sentencia-Extract\2000\sentencia-pdf-2000.csv,,,0,0,True,False
00226-2000-AA,2000,sentencia,data\sentencia-Extract\2000\sentencia-pdf-2000.csv,,,0,0,True,False
00264-2000-AA,2000,sentencia,data\sentencia-Extract\2000\sentencia-pdf-2000.csv,,,0,0,True,False
00295-2000-AA,2000,sentencia,data\sentencia-Extract\2000\sentencia-pdf-2000.csv,,,0,0,True,False
01188-1999-AA,2000,sentencia,data\sentencia-Extract\2000\sentencia-pdf-2000.csv,,,0,0,True,False
01074-1999-AA,2000,sentencia,data\sentencia-Extract\2000\sentencia-pdf-2000.csv,,,0,0,True,False
01124-1999-AA,2000,sentencia,data\sentencia-Extract\2000\sentencia-pdf-2000.csv,,,0,0,True,False
00426-2000-HC,2000,sentencia,data\sentencia-Extract\2000\sentencia-pdf-2000.csv,,,0,0,True,False
00354-2000-AA,2000,sentencia,data\sentencia-Extract\2000\sentencia-pdf-2000.csv,,,0,0,True,False
00050-2000-AA,2000,sentencia,data\sentencia-Extract\2000\sentencia-pdf-2000.csv,,,0,0,True,False
00036-2000-AA,2000,sentencia,data\sentencia-Extract\2000\sentencia-pdf-2000.csv,,,0,0,True,False
00091-2000-AC,2000,sentencia,data\sentencia-Extract\2000\sentencia-pdf-2000.csv,,,0,0,True,False
00029-2000-AC,2000,sentencia,data\sentencia-Extract\2000\sentencia-pdf-2000.csv,,,0,0,True,False
00058-2000-AA,2000,sentencia,data\sentencia-Extract\2000\sentencia-pdf-2000.csv,,,0,0,True,False
01015-1999-AA,2000,sentencia,data\sentencia-Extract\2000\sentencia-pdf-2000.csv,,,0,0,True,False
01019-1999-HC,2000,sentencia,data\sentencia-Extract\2000\sentencia-pdf-2000.csv,,,0,0,True,False
01013-1999-AA,2000,sentencia,data\sentencia-Extract\2000\sentencia-pdf-2000.csv,,,0,0,True,False
00992-1999-AA,2000,sentencia,data\sentencia-Extract\2000\sentencia-pdf-2000.csv,,,0,0,True,False
01042-1999-AA,2000,sentencia,data\sentencia-Extract\2000\sentencia-pdf-2000.csv,,,0,0,True,False
00929-1999-AC,2000,sentencia,data\sentencia-Extract\2000\sentencia-pdf-2000.csv,,,0,0,True,False
00568-2000-HC,2000,sentencia,data\sentencia-Extract\2000\sentencia-pdf-2000.csv,,,0,0,True,False
00156-2000-AA,2000,sentencia,data\sentencia-Extract\2000\sentencia-pdf-2000.csv,,,0,0,True,False
00185-2000-AA,2000,sentencia,data\sentencia-Extract\2000\sentencia-pdf-2000.csv,,,0,0,True,False
00154-2000-AA,2000,sentencia,data\sentencia-Extract\2000\sentencia-pdf-2000.csv,,,0,0,True,False
00106-2000-AA,2000,sentencia,data\sentencia-Extract\2000\sentencia-pdf-2000.csv,,,0,0,True,False
00162-2000-AC,2000,sentencia,data\sentencia-Extract\2000\sentencia-pdf-2000.csv,,,0,0,True,False
00241-2000-AA,2000,sentencia,data\sentencia-Extract\2000\sentencia-pdf-2000.csv,,,0,0,True,False
00304-2000-AA,2000,sentencia,data\sentencia-Extract\2000\sentencia-pdf-2000.csv,,,0,0,True,False
01256-1999-AA,2000,sentencia,data\sentencia-Extract\2000\sentencia-pdf-2000.csv,,,0,0,True,False
00312-2000-AA,2000,sentencia,data\sentencia-Extract\2000\sentencia-pdf-2000.csv,,,0,0,True,False
00127-2000-AA,2000,sentencia,data\sentencia-Extract\2000\sentencia-pdf-2000.csv,,,0,0,True,False
00519-2000-HC,2000,sentencia,data\sentencia-Extract\2000\sentencia-pdf-2000.csv,,,0,0,True,False
00863-1999-AA,2000,sentencia,data\sentencia-Extract\2000\sentencia-pdf-2000.csv,,,0,0,True,False
00862-1999-AA,2000,sentencia,data\sentencia-Extract\2000\sentencia-pdf-2000.csv,,,0,0,True,False
00007-2000-AA,2000,sentencia,data\sentencia-Extract\2000\sentencia-pdf-2000.csv,,,0,0,True,False
00035-2000-AA,2000,sentencia,data\sentencia-Extract\2000\sentencia-pdf-2000.csv,,,0,0,True,False
00724-1999-AC,2000,sentencia,data\sentencia-Extract\2000\sentencia-pdf-2000.csv,,,0,0,True,False
01081-1999-AA,2000,sentencia,data\sentencia-Extract\2000\sentencia-pdf-2000.csv,,,0,0,True,False
00807-1999-AA,2000,sentencia,data\sentencia-Extract\2000\sentencia-pdf-2000.csv,,,0,0,True,False
00331-2000-AA,2000,sentencia,data\sentencia-Extract\2000\sentencia-pdf-2000.csv,,,0,0,True,False
00851-1999-AA,2000,sentencia,data\sentencia-Extract\2000\sentencia-pdf-2000.csv,,,0,0,True,False
01111-1999-AA,2000,sentencia,data\sentencia-Extract\2000\sentencia-pdf-2000.csv,,,0,0,True,False
01209-1999-AA,2000,sentencia,data\sentencia-Extract\2000\sentencia-pdf-2000.csv,,,0,0,True,False
01040-1999-AA,2000,sentencia,data\sentencia-Extract\2000\sentencia-pdf-2000.csv,,,0,0,True,False
00872-1999-AA,2000,sentencia,data\sentencia-Extract\2000\sentencia-pdf-2000.csv,,,0,0,True,False
00905-1999-AA,2000,sentencia,data\sentencia-Extract\2000\sentencia-pdf-2000.csv,,,0,0,True,False
00669-1999-AA,2000,sentencia,data\sentencia-Extract\2000\sentencia-pdf-2000.csv,,,0,0,True,False
00968-1999-AA,2000,sentencia,data\sentencia-Extract\2000\sentencia-pdf-2000.csv,,,0,0,True,False
00634-1999-AC,2000,sentencia,data\sentencia-Extract\2000\sentencia-pdf-2000.csv,,,0,0,True,False
00843-1999-AC,2000,sentencia,data\sentencia-Extract\2000\sentencia-pdf-2000.csv,,,0,0,True,False
01158-1999-AA,2000,sentencia,data\sentencia-Extract\2000\sentencia-pdf-2000.csv,,,0,0,True,False
01225-1999-AA,2000,sentencia,data\sentencia-Extract\2000\sentencia-pdf-2000.csv,,,0,0,True,False
00784-2000-AA,2000,sentencia,data\sentencia-Extract\2000\sentencia-pdf-2000.csv,,,0,0,True,False
00473-1999-AA,2000,sentencia,data\sentencia-Extract\2000\sentencia-pdf-2000.csv,,,0,0,True,False
00474-1999-AA,2000,sentencia,data\sentencia-Extract\2000\sentencia-pdf-2000.csv,,,0,0,True,False
00455-2000-AA,2000,sentencia,data\sentencia-Extract\2000\sentencia-pdf-2000.csv,,,0,0,True,False
00497-2000-HC,2000,sentencia,data\sentencia-Extract\2000\sentencia-pdf-2000.csv,,,0,0,True,False
00611-2000-HC,2000,sentencia,data\sentencia-Extract\2000\sentencia-pdf-2000.csv,,,0,0,True,False
00462-2000-HC,2000,sentencia,data\sentencia-Extract\2000\sentencia-pdf-2000.csv,,,0,0,True,False
00471-2000-HC,2000,sentencia,data\sentencia-Extract\2000\sentencia-pdf-2000.csv,,,0,0,True,False
00540-1999-AA,2000,sentencia,data\sentencia-Extract\2000\sentencia-pdf-2000.csv,,,0,0,True,False
00608-2000-AA,2000,sentencia,data\sentencia-Extract\2000\sentencia-pdf-2000.csv,,,0,0,True,False
00548-2000-HC,2000,sentencia,data\sentencia-Extract\2000\sentencia-pdf-2000.csv,,,0,0,True,False
00451-2000-AA,2000,sentencia,data\sentencia-Extract\2000\sentencia-pdf-2000.csv,,,0,0,True,False
00419-2000-AA,2000,sentencia,data\sentencia-Extract\2000\sentencia-pdf-2000.csv,,,0,0,True,False
00420-2000-AA,2000,sentencia,data\sentencia-Extract\2000\sentencia-pdf-2000.csv,,,0,0,True,False
00316-2000-AA,2000,sentencia,data\sentencia-Extract\2000\sentencia-pdf-2000.csv,,,0,0,True,False
00410-2000-AC,2000,sentencia,data\sentencia-Extract\2000\sentencia-pdf-2000.csv,,,0,0,True,False
00317-2000-AA,2000,sentencia,data\sentencia-Extract\2000\sentencia-pdf-2000.csv,,,0,0,True,False
00477-1999-AA,2000,sentencia,data\sentencia-Extract\2000\sentencia-pdf-2000.csv,,,0,0,True,False
00447-1999-AA,2000,sentencia,data\sentencia-Extract\2000\sentencia-pdf-2000.csv,,,0,0,True,False
00252-2000-AA,2000,sentencia,data\sentencia-Extract\2000\sentencia-pdf-2000.csv,,,0,0,True,False
01135-1999-AA,2000,sentencia,data\sentencia-Extract\2000\sentencia-pdf-2000.csv,,,0,0,True,False
00414-2000-AA,2000,sentencia,data\sentencia-Extract\2000\sentencia-pdf-2000.csv,,,0,0,True,False
00429-2000-AA,2000,sentencia,data\sentencia-Extract\2000\sentencia-pdf-2000.csv,,,0,0,True,False
00712-2000-HC,2000,sentencia,data\sentencia-Extract\2000\sentencia-pdf-2000.csv,,,0,0,True,False
00311-2000-AA,2000,sentencia,data\sentencia-Extract\2000\sentencia-pdf-2000.csv,,,0,0,True,False
00051-2000-AA,2000,sentencia,data\sentencia-Extract\2000\sentencia-pdf-2000.csv,,,0,0,True,False
00094-2000-AA,2000,sentencia,data\sentencia-Extract\2000\sentencia-pdf-2000.csv,,,0,0,True,False
00609-2000-AA,2000,sentencia,data\sentencia-Extract\2000\sentencia-pdf-2000.csv,,,0,0,True,False
00285-2000-AA,2000,sentencia,data\sentencia-Extract\2000\sentencia-pdf-2000.csv,,,0,0,True,False
00614-2000-AA,2000,sentencia,data\sentencia-Extract\2000\sentencia-pdf-2000.csv,,,0,0,True,False
00164-1999-AA,2000,sentencia,data\sentencia-Extract\2000\sentencia-pdf-2000.csv,,,0,0,True,False
00143-2000-AA,2000,sentencia,data\sentencia-Extract\2000\sentencia-pdf-2000.csv,,,0,0,True,False
00129-2000-AA,2000,sentencia,data\sentencia-Extract\2000\sentencia-pdf-2000.csv,,,0,0,True,False
00668-2000-HC,2000,sentencia,data\sentencia-Extract\2000\sentencia-pdf-2000.csv,,,0,0,True,False
00174-2000-AC,2000,sentencia,data\sentencia-Extract\2000\sentencia-pdf-2000.csv,,,0,0,True,False
00178-2000-AA,2000,sentencia,data\sentencia-Extract\2000\sentencia-pdf-2000.csv,,,0,0,True,False
00452-1999-AA,2000,sentencia,data\sentencia-Extract\2000\sentencia-pdf-2000.csv,,,0,0,True,False
00694-2000-HC,2000,sentencia,data\sentencia-Extract\2000\sentencia-pdf-2000.csv,,,0,0,True,False
00343-2000-AA,2000,sentencia,data\sentencia-Extract\2000\sentencia-pdf-2000.csv,,,0,0,True,False
00780-1999-AA,2000,sentencia,data\sentencia-Extract\2000\sentencia-pdf-2000.csv,,,0,0,True,False
00790-1999-AA,2000,sentencia,data\sentencia-Extract\2000\sentencia-pdf-2000.csv,,,0,0,True,False
00805-1999-AA,2000,sentencia,data\sentencia-Extract\2000\sentencia-pdf-2000.csv,,,0,0,True,False
00252-1999-AA,2000,sentencia,data\sentencia-Extract\2000\sentencia-pdf-2000.csv,,,0,0,True,False
00775-1999-AA,2000,sentencia,data\sentencia-Extract\2000\sentencia-pdf-2000.csv,,,0,0,True,False
01219-1999-AA,2000,sentencia,data\sentencia-Extract\2000\sentencia-pdf-2000.csv,,,0,0,True,False
01220-1999-AA,2000,sentencia,data\sentencia-Extract\2000\sentencia-pdf-2000.csv,,,0,0,True,False
00729-1999-AA,2000,sentencia,data\sentencia-Extract\2000\sentencia-pdf-2000.csv,,,0,0,True,False
01122-1999-AA,2000,sentencia,data\sentencia-Extract\2000\sentencia-pdf-2000.csv,,,0,0,True,False
01068-1999-AA,2000,sentencia,data\sentencia-Extract\2000\sentencia-pdf-2000.csv,,,0,0,True,False
01233-1999-AA,2000,sentencia,data\sentencia-Extract\2000\sentencia-pdf-2000.csv,,,0,0,True,False
01164-1999-AA,2000,sentencia,data\sentencia-Extract\2000\sentencia-pdf-2000.csv,,,0,0,True,False
01166-1999-AA,2000,sentencia,data\sentencia-Extract\2000\sentencia-pdf-2000.csv,,,0,0,True,False
01217-1999-AA,2000,sentencia,data\sentencia-Extract\2000\sentencia-pdf-2000.csv,,,0,0,True,False
01218-1999-AA,2000,sentencia,data\sentencia-Extract\2000\sentencia-pdf-2000.csv,,,0,0,True,False
00499-1999-AA,2000,sentencia,data\sentencia-Extract\2000\sentencia-pdf-2000.csv,,,0,0,True,False
00455-1999-AA,2000,sentencia,data\sentencia-Extract\2000\sentencia-pdf-2000.csv,,,0,0,True,False
00340-2000-AA,2000,sentencia,data\sentencia-Extract\2000\sentencia-pdf-2000.csv,,,0,0,True,False
00376-2000-AA,2000,sentencia,data\sentencia-Extract\2000\sentencia-pdf-2000.csv,,,0,0,True,False
00109-2000-AA,2000,sentencia,data\sentencia-Extract\2000\sentencia-pdf-2000.csv,,,0,0,True,False
00148-2000-AA,2000,sentencia,data\sentencia-Extract\2000\sentencia-pdf-2000.csv,,,0,0,True,False
00192-2000-AA,2000,sentencia,data\sentencia-Extract\2000\sentencia-pdf-2000.csv,,,0,0,True,False
00204-2000-AA,2000,sentencia,data\sentencia-Extract\2000\sentencia-pdf-2000.csv,,,0,0,True,False
00239-1997-AA,2000,sentencia,data\sentencia-Extract\2000\sentencia-pdf-2000.csv,,,0,0,True,False
00330-2000-AA,2000,sentencia,data\sentencia-Extract\2000\sentencia-pdf-2000.csv,,,0,0,True,False
00243-2000-AA,2000,sentencia,data\sentencia-Extract\2000\sentencia-pdf-2000.csv,,,0,0,True,False
00237-1999-AA,2000,sentencia,data\sentencia-Extract\2000\sentencia-pdf-2000.csv,,,0,0,True,False
00237-2000-HC,2000,sentencia,data\sentencia-Extract\2000\sentencia-pdf-2000.csv,,,0,0,True,False
00123-2000-AA,2000,sentencia,data\sentencia-Extract\2000\sentencia-pdf-2000.csv,,,0,0,True,False
00841-1999-AC,2000,sentencia,data\sentencia-Extract\2000\sentencia-pdf-2000.csv,,,0,0,True,False
01294-1999-AA,2000,sentencia,data\sentencia-Extract\2000\sentencia-pdf-2000.csv,,,0,0,True,False
01308-1999-AA,2000,sentencia,data\sentencia-Extract\2000\sentencia-pdf-2000.csv,,,0,0,True,False
01255-1999-AA,2000,sentencia,data\sentencia-Extract\2000\sentencia-pdf-2000.csv,,,0,0,True,False
00275-2000-AA,2000,sentencia,data\sentencia-Extract\2000\sentencia-pdf-2000.csv,,,0,0,True,False
00276-2000-AA,2000,sentencia,data\sentencia-Extract\2000\sentencia-pdf-2000.csv,,,0,0,True,False
00333-2000-AA,2000,sentencia,data\sentencia-Extract\2000\sentencia-pdf-2000.csv,,,0,0,True,False
00754-1999-AA,2000,sentencia,data\sentencia-Extract\2000\sentencia-pdf-2000.csv,,,0,0,True,False
00298-2000-AA,2000,sentencia,data\sentencia-Extract\2000\sentencia-pdf-2000.csv,,,0,0,True,False
00310-2000-AA,2000,sentencia,data\sentencia-Extract\2000\sentencia-pdf-2000.csv,,,0,0,True,False
00230-2000-HC,2000,sentencia,data\sentencia-Extract\2000\sentencia-pdf-2000.csv,,,0,0,True,False
00273-2000-AA,2000,sentencia,data\sentencia-Extract\2000\sentencia-pdf-2000.csv,,,0,0,True,False
00228-2000-AA,2000,sentencia,data\sentencia-Extract\2000\sentencia-pdf-2000.csv,,,0,0,True,False
00271-2000-AA,2000,sentencia,data\sentencia-Extract\2000\sentencia-pdf-2000.csv,,,0,0,True,False
00256-2000-AA,2000,sentencia,data\sentencia-Extract\2000\sentencia-pdf-2000.csv,,,0,0,True,False
00222-2000-AA,2000,sentencia,data\sentencia-Extract\2000\sentencia-pdf-2000.csv,,,0,0,True,False
00314-2000-AA,2000,sentencia,data\sentencia-Extract\2000\sentencia-pdf-2000.csv,,,0,0,True,False
00313-2000-AA,2000,sentencia,data\sentencia-Extract\2000\sentencia-pdf-2000.csv,,,0,0,True,False
00307-2000-AA,2000,sentencia,data\sentencia-Extract\2000\sentencia-pdf-2000.csv,,,0,0,True,False
00997-1999-AA,2000,sentencia,data\sentencia-Extract\2000\sentencia-pdf-2000.csv,,,0,0,True,False
00012-2000-AC,2000,sentencia,data\sentencia-Extract\2000\sentencia-pdf-2000.csv,,,0,0,True,False
00008-2000-AA,2000,sentencia,data\sentencia-Extract\2000\sentencia-pdf-2000.csv,,,0,0,True,False
00899-1999-AA,2000,sentencia,data\sentencia-Extract\2000\sentencia-pdf-2000.csv,,,0,0,True,False
00980-1999-AA,2000,sentencia,data\sentencia-Extract\2000\sentencia-pdf-2000.csv,,,0,0,True,False
01044-1999-AA,2000,sentencia,data\sentencia-Extract\2000\sentencia-pdf-2000.csv,,,0,0,True,False
00616-1999-AA,2000,sentencia,data\sentencia-Extract\2000\sentencia-pdf-2000.csv,,,0,0,True,False
00591-1999-AA,2000,sentencia,data\sentencia-Extract\2000\sentencia-pdf-2000.csv,,,0,0,True,False
00644-1996-AA,2000,sentencia,data\sentencia-Extract\2000\sentencia-pdf-2000.csv,,,0,0,True,False
00418-2000-AA,2000,sentencia,data\sentencia-Extract\2000\sentencia-pdf-2000.csv,,,0,0,True,False
00404-2000-AA,2000,sentencia,data\sentencia-Extract\2000\sentencia-pdf-2000.csv,,,0,0,True,False
00390-2000-AA,2000,sentencia,data\sentencia-Extract\2000\sentencia-pdf-2000.csv,,,0,0,True,False
00416-2000-AA,2000,sentencia,data\sentencia-Extract\2000\sentencia-pdf-2000.csv,,,0,0,True,False
00439-2000-AA,2000,sentencia,data\sentencia-Extract\2000\sentencia-pdf-2000.csv,,,0,0,True,False
00979-1999-AA,2000,sentencia,data\sentencia-Extract\2000\sentencia-pdf-2000.csv,,,0,0,True,False
00726-1999-AA,2000,sentencia,data\sentencia-Extract\2000\sentencia-pdf-2000.csv,,,0,0,True,False
00658-2000-AA,2000,sentencia,data\sentencia-Extract\2000\sentencia-pdf-2000.csv,,,0,0,True,False
01180-1999-AA,2000,sentencia,data\sentencia-Extract\2000\sentencia-pdf-2000.csv,,,0,0,True,False
01157-1999-AA,2000,sentencia,data\sentencia-Extract\2000\sentencia-pdf-2000.csv,,,0,0,True,False
00002-2000-AA,2000,sentencia,data\sentencia-Extract\2000\sentencia-pdf-2000.csv,,,0,0,True,False
00781-1999-AA,2000,sentencia,data\sentencia-Extract\2000\sentencia-pdf-2000.csv,,,0,0,True,False
00147-2000-AA,2000,sentencia,data\sentencia-Extract\2000\sentencia-pdf-2000.csv,,,0,0,True,False
00308-2000-AA,2000,sentencia,data\sentencia-Extract\2000\sentencia-pdf-2000.csv,,,0,0,True,False
00116-2000-AA,2000,sentencia,data\sentencia-Extract\2000\sentencia-pdf-2000.csv,,,0,0,True,False
00259-2000-AC,2000,sentencia,data\sentencia-Extract\2000\sentencia-pdf-2000.csv,,,0,0,True,False
00110-2000-AA,2000,sentencia,data\sentencia-Extract\2000\sentencia-pdf-2000.csv,,,0,0,True,False
00211-2000-AA,2000,sentencia,data\sentencia-Extract\2000\sentencia-pdf-2000.csv,,,0,0,True,False
00255-2000-AA,2000,sentencia,data\sentencia-Extract\2000\sentencia-pdf-2000.csv,,,0,0,True,False
00223-2000-AA,2000,sentencia,data\sentencia-Extract\2000\sentencia-pdf-2000.csv,,,0,0,True,False
00809-2000-AA,2000,sentencia,data\sentencia-Extract\2000\sentencia-pdf-2000.csv,,,0,0,True,False
00024-2000-AA,2000,sentencia,data\sentencia-Extract\2000\sentencia-pdf-2000.csv,,,0,0,True,False
00250-2000-AA,2000,sentencia,data\sentencia-Extract\2000\sentencia-pdf-2000.csv,,,0,0,True,False
00115-1999-AA,2000,sentencia,data\sentencia-Extract\2000\sentencia-pdf-2000.csv,,,0,0,True,False
00421-2000-AA,2000,sentencia,data\sentencia-Extract\2000\sentencia-pdf-2000.csv,,,0,0,True,False
00532-1999-AA,2000,sentencia,data\sentencia-Extract\2000\sentencia-pdf-2000.csv,,,0,0,True,False
00477-2000-AC,2000,sentencia,data\sentencia-Extract\2000\sentencia-pdf-2000.csv,,,0,0,True,False
00356-2000-AA,2000,sentencia,data\sentencia-Extract\2000\sentencia-pdf-2000.csv,,,0,0,True,False
00357-2000-AA,2000,sentencia,data\sentencia-Extract\2000\sentencia-pdf-2000.csv,,,0,0,True,False
00369-2000-AC,2000,sentencia,data\sentencia-Extract\2000\sentencia-pdf-2000.csv,,,0,0,True,False
00399-2000-AA,2000,sentencia,data\sentencia-Extract\2000\sentencia-pdf-2000.csv,,,0,0,True,False
00366-1999-AC,2000,sentencia,data\sentencia-Extract\2000\sentencia-pdf-2000.csv,,,0,0,True,False
00387-2000-AA,2000,sentencia,data\sentencia-Extract\2000\sentencia-pdf-2000.csv,,,0,0,True,False
00818-1999-AA,2000,sentencia,data\sentencia-Extract\2000\sentencia-pdf-2000.csv,,,0,0,True,False
00789-1999-AA,2000,sentencia,data\sentencia-Extract\2000\sentencia-pdf-2000.csv,,,0,0,True,False
00789-2000-AA,2000,sentencia,data\sentencia-Extract\2000\sentencia-pdf-2000.csv,,,0,0,True,False
00309-2000-AA,2000,sentencia,data\sentencia-Extract\2000\sentencia-pdf-2000.csv,,,0,0,True,False
00827-2000-AA,2000,sentencia,data\sentencia-Extract\2000\sentencia-pdf-2000.csv,,,0,0,True,False
01133-1999-AA,2000,sentencia,data\sentencia-Extract\2000\sentencia-pdf-2000.csv,,,0,0,True,False
00852-2000-HC,2000,sentencia,data\sentencia-Extract\2000\sentencia-pdf-2000.csv,,,0,0,True,False
00391-2000-AA,2000,sentencia,data\sentencia-Extract\2000\sentencia-pdf-2000.csv,,,0,0,True,False
00415-2000-AA,2000,sentencia,data\sentencia-Extract\2000\sentencia-pdf-2000.csv,,,0,0,True,False
00472-2000-AA,2000,sentencia,data\sentencia-Extract\2000\sentencia-pdf-2000.csv,,,0,0,True,False
00454-1999-AA,2000,sentencia,data\sentencia-Extract\2000\sentencia-pdf-2000.csv,,,0,0,True,False
00371-2000-AA,2000,sentencia,data\sentencia-Extract\2000\sentencia-pdf-2000.csv,,,0,0,True,False
00426-1999-AA,2000,sentencia,data\sentencia-Extract\2000\sentencia-pdf-2000.csv,,,0,0,True,False
00664-1999-AA,2000,sentencia,data\sentencia-Extract\2000\sentencia-pdf-2000.csv,,,0,0,True,False
00618-2000-AA,2000,sentencia,data\sentencia-Extract\2000\sentencia-pdf-2000.csv,,,0,0,True,False
00183-2000-AA,2000,sentencia,data\sentencia-Extract\2000\sentencia-pdf-2000.csv,,,0,0,True,False
00323-2000-AA,2000,sentencia,data\sentencia-Extract\2000\sentencia-pdf-2000.csv,,,0,0,True,False
00240-2000-AA,2000,sentencia,data\sentencia-Extract\2000\sentencia-pdf-2000.csv,,,0,0,True,False
00326-2000-AC,2000,sentencia,data\sentencia-Extract\2000\sentencia-pdf-2000.csv,,,0,0,True,False
00329-2000-AA,2000,sentencia,data\sentencia-Extract\2000\sentencia-pdf-2000.csv,,,0,0,True,False
00150-2000-AA,2000,sentencia,data\sentencia-Extract\2000\sentencia-pdf-2000.csv,,,0,0,True,False
00266-1999-AA,2000,sentencia,data\sentencia-Extract\2000\sentencia-pdf-2000.csv,,,0,0,True,False
00248-1999-AA,2000,sentencia,data\sentencia-Extract\2000\sentencia-pdf-2000.csv,,,0,0,True,False
00290-2000-AA,2000,sentencia,data\sentencia-Extract\2000\sentencia-pdf-2000.csv,,,0,0,True,False
00802-2000-AC,2000,sentencia,data\sentencia-Extract\2000\sentencia-pdf-2000.csv,,,0,0,True,False
00708-2000-AA,2000,sentencia,data\sentencia-Extract\2000\sentencia-pdf-2000.csv,,,0,0,True,False
00710-1999-AA,2000,sentencia,data\sentencia-Extract\2000\sentencia-pdf-2000.csv,,,0,0,True,False
00299-2000-AA,2000,sentencia,data\sentencia-Extract\2000\sentencia-pdf-2000.csv,,,0,0,True,False
00077-1999-AA,2000,sentencia,data\sentencia-Extract\2000\sentencia-pdf-2000.csv,,,0,0,True,False
00069-2000-AA,2000,sentencia,data\sentencia-Extract\2000\sentencia-pdf-2000.csv,,,0,0,True,False
00859-2000-HC,2000,sentencia,data\sentencia-Extract\2000\sentencia-pdf-2000.csv,,,0,0,True,False
00941-1999-AA,2000,sentencia,data\sentencia-Extract\2000\sentencia-pdf-2000.csv,,,0,0,True,False
00932-1999-AA,2000,sentencia,data\sentencia-Extract\2000\sentencia-pdf-2000.csv,,,0,0,True,False
00909-1999-AA,2000,sentencia,data\sentencia-Extract\2000\sentencia-pdf-2000.csv,,,0,0,True,False
00912-1999-AA,2000,sentencia,data\sentencia-Extract\2000\sentencia-pdf-2000.csv,,,0,0,True,False
00893-2000-HC,2000,sentencia,data\sentencia-Extract\2000\sentencia-pdf-2000.csv,,,0,0,True,False
01062-1999-AA,2000,sentencia,data\sentencia-Extract\2000\sentencia-pdf-2000.csv,,,0,0,True,False
00656-1999-AA,2000,sentencia,data\sentencia-Extract\2000\sentencia-pdf-2000.csv,,,0,0,True,False
00700-2000-HC,2000,sentencia,data\sentencia-Extract\2000\sentencia-pdf-2000.csv,,,0,0,True,False
00569-2000-AA,2000,sentencia,data\sentencia-Extract\2000\sentencia-pdf-2000.csv,,,0,0,True,False
00534-2000-AA,2000,sentencia,data\sentencia-Extract\2000\sentencia-pdf-2000.csv,,,0,0,True,False
00705-2000-HC,2000,sentencia,data\sentencia-Extract\2000\sentencia-pdf-2000.csv,,,0,0,True,False
00949-1999-AA,2000,sentencia,data\sentencia-Extract\2000\sentencia-pdf-2000.csv,,,0,0,True,False
00950-1999-AA,2000,sentencia,data\sentencia-Extract\2000\sentencia-pdf-2000.csv,,,0,0,True,False
00576-2000-AA,2000,sentencia,data\sentencia-Extract\2000\sentencia-pdf-2000.csv,,,0,0,True,False
00868-1999-AA,2000,sentencia,data\sentencia-Extract\2000\sentencia-pdf-2000.csv,,,0,0,True,False
00516-1999-AA,2000,sentencia,data\sentencia-Extract\2000\sentencia-pdf-2000.csv,,,0,0,True,False
00424-2000-AA,2000,sentencia,data\sentencia-Extract\2000\sentencia-pdf-2000.csv,,,0,0,True,False
00977-1999-AA,2000,sentencia,data\sentencia-Extract\2000\sentencia-pdf-2000.csv,,,0,0,True,False
00974-1999-AA,2000,sentencia,data\sentencia-Extract\2000\sentencia-pdf-2000.csv,,,0,0,True,False
01030-1999-AA,2000,sentencia,data\sentencia-Extract\2000\sentencia-pdf-2000.csv,,,0,0,True,False
00959-1999-AA,2000,sentencia,data\sentencia-Extract\2000\sentencia-pdf-2000.csv,,,0,0,True,False
01126-1999-AA,2000,sentencia,data\sentencia-Extract\2000\sentencia-pdf-2000.csv,,,0,0,True,False
01058-1999-AA,2000,sentencia,data\sentencia-Extract\2000\sentencia-pdf-2000.csv,,,0,0,True,False
01183-1997-AA,2000,sentencia,data\sentencia-Extract\2000\sentencia-pdf-2000.csv,,,0,0,True,False
01181-1999-AA,2000,sentencia,data\sentencia-Extract\2000\sentencia-pdf-2000.csv,,,0,0,True,False
01177-1999-AA,2000,sentencia,data\sentencia-Extract\2000\sentencia-pdf-2000.csv,,,0,0,True,False
01235-1999-AA,2000,sentencia,data\sentencia-Extract\2000\sentencia-pdf-2000.csv,,,0,0,True,False
01228-1999-AA,2000,sentencia,data\sentencia-Extract\2000\sentencia-pdf-2000.csv,,,0,0,True,False
01123-1999-AA,2000,sentencia,data\sentencia-Extract\2000\sentencia-pdf-2000.csv,,,0,0,True,False
01259-1999-AA,2000,sentencia,data\sentencia-Extract\2000\sentencia-pdf-2000.csv,,,0,0,True,False
01295-1999-AA,2000,sentencia,data\sentencia-Extract\2000\sentencia-pdf-2000.csv,,,0,0,True,False
01036-1999-AA,2000,sentencia,data\sentencia-Extract\2000\sentencia-pdf-2000.csv,,,0,0,True,False
01037-1999-AA,2000,sentencia,data\sentencia-Extract\2000\sentencia-pdf-2000.csv,,,0,0,True,False
01215-1999-AA,2000,sentencia,data\sentencia-Extract\2000\sentencia-pdf-2000.csv,,,0,0,True,False
00383-2000-AA,2000,sentencia,data\sentencia-Extract\2000\sentencia-pdf-2000.csv,,,0,0,True,False
00373-2000-AA,2000,sentencia,data\sentencia-Extract\2000\sentencia-pdf-2000.csv,,,0,0,True,False
00166-2000-AA,2000,sentencia,data\sentencia-Extract\2000\sentencia-pdf-2000.csv,,,0,0,True,False
00064-2000-AA,2000,sentencia,data\sentencia-Extract\2000\sentencia-pdf-2000.csv,,,0,0,True,False
01302-1999-AC,2000,sentencia,data\sentencia-Extract\2000\sentencia-pdf-2000.csv,,,0,0,True,False
01303-1999-AA,2000,sentencia,data\sentencia-Extract\2000\sentencia-pdf-2000.csv,,,0,0,True,False
00289-2000-AA,2000,sentencia,data\sentencia-Extract\2000\sentencia-pdf-2000.csv,,,0,0,True,False
00219-2000-AA,2000,sentencia,data\sentencia-Extract\2000\sentencia-pdf-2000.csv,,,0,0,True,False
00305-2000-AA,2000,sentencia,data\sentencia-Extract\2000\sentencia-pdf-2000.csv,,,0,0,True,False
00401-2000-AA,2000,sentencia,data\sentencia-Extract\2000\sentencia-pdf-2000.csv,,,0,0,True,False
00452-2000-AA,2000,sentencia,data\sentencia-Extract\2000\sentencia-pdf-2000.csv,,,0,0,True,False
00917-2000-HC,2000,sentencia,data\sentencia-Extract\2000\sentencia-pdf-2000.csv,,,0,0,True,False
00388-2000-AA,2000,sentencia,data\sentencia-Extract\2000\sentencia-pdf-2000.csv,,,0,0,True,False
00441-2000-AA,2000,sentencia,data\sentencia-Extract\2000\sentencia-pdf-2000.csv,,,0,0,True,False
00487-2000-AA,2000,sentencia,data\sentencia-Extract\2000\sentencia-pdf-2000.csv,,,0,0,True,False
01223-1999-AA,2000,sentencia,data\sentencia-Extract\2000\sentencia-pdf-2000.csv,,,0,0,True,False
00820-2000-AA,2000,sentencia,data\sentencia-Extract\2000\sentencia-pdf-2000.csv,,,0,0,True,False
00671-2000-AA,2000,sentencia,data\sentencia-Extract\2000\sentencia-pdf-2000.csv,,,0,0,True,False
00739-2000-AA,2000,sentencia,data\sentencia-Extract\2000\sentencia-pdf-2000.csv,,,0,0,True,False
00898-1999-AA,2000,sentencia,data\sentencia-Extract\2000\sentencia-pdf-2000.csv,,,0,0,True,False
00987-1999-AA,2000,sentencia,data\sentencia-Extract\2000\sentencia-pdf-2000.csv,,,0,0,True,False
00720-1999-AA,2000,sentencia,data\sentencia-Extract\2000\sentencia-pdf-2000.csv,,,0,0,True,False
