numero_expediente,url_archivo_TC,url_archivo_original,tipo_expediente,motivos_demanda,sentido_resolucion,fundamentos
00140-1995-HC,https://tc.gob.pe/jurisprudencia/1996/00140-1995-HC.pdf,data\sentencia-Extract\1996\sentencia-pdf-1996.csv,Proceso de Habeas Corpus,,Fundada,"['Considerando que el parágrafo f) del inciso veinticuatro del artículo segundo de la Constitución no permite que por algún motivo se prolongue la detención de una persona por más de veinticuatro horas, término en el que debe ser puesto a disposición del juez competente; que éste es un derecho fundamental de todo ciudadano para preservar su libertad, principio que el Tribunal debe hacer cumplir teniendo en cuenta que de acuerdo a lo dispuesto en el artículo doscientos uno de la Carta Magna es su órgano de control, que apareciendo de autos que el detenido es presunto autor de delitos contra el patrimonio.']"
00176-1995-HC,https://tc.gob.pe/jurisprudencia/1996/00176-1995-HC.pdf,data\sentencia-Extract\1996\sentencia-pdf-1996.csv,Proceso de Habeas Corpus,,Improcedente,"['Considerando que los hechos de violación de derechos fundamentales que se imputan el demandando cesaron antes de interponerse la Acción de Hábeas Corpus, por lo que no pueden reponerse a la situación existente antes de esa interposición que no se ha probado que haya una amenaza permanente de detención contra los demandantes.']"
00156-1996-HC,https://tc.gob.pe/jurisprudencia/1996/00156-1996-HC.pdf,data\sentencia-Extract\1996\sentencia-pdf-1996.csv,Proceso de Habeas Corpus,,Improcedente,"['Que los hechos invocados como fundamento de la acción no han sido acreditados en autos, puesto que no se demostró que el cambio de ambiente haya hecho peligrar la integridad física del actor, que se encuentra interno en el establecimiento penal de Moyobamba.', 'Que la administración penitenciaria al efectuar el traslado de un ambiente a otro actuó con sujeción a la normatividad legal vigente.']"
00167-1995-HC,https://tc.gob.pe/jurisprudencia/1996/00167-1995-HC.pdf,data\sentencia-Extract\1996\sentencia-pdf-1996.csv,Proceso de Habeas Corpus,,Infundada,['Los pertinentes de la sentencia de vista que conducen a determinar que no se ha acreditado que la demandante haya sido objeto de hechos o amenazas que hayan vulnerado su libertad individual o algún otro derecho fundamental que amerite una Acción de Hábeas Corpus.']
00216-1996-HC,https://tc.gob.pe/jurisprudencia/1996/00216-1996-HC.pdf,data\sentencia-Extract\1996\sentencia-pdf-1996.csv,Proceso de Habeas Corpus,,Improcedente,"['Considerando que el mandato de detención se expidió el cinco de noviembre de mil novecientos noventa y cinco y fue levantado el veintiuno de noviembre de mil novecientos noventa y cinco y la demanda de habeas corpus se interpone el veintinueve de dicho mes, o sea con posterioridad al levantamiento del mandato de detención.']"
00311-1996-HC,https://tc.gob.pe/jurisprudencia/1996/00311-1996-HC.pdf,data\sentencia-Extract\1996\sentencia-pdf-1996.csv,Proceso de Habeas Corpus,,Improcedente,"['[...] de conformidad con la Ley número veintitrés mil quinientos seis, artículo sexto, inciso segundo, no proceden las acciones de garantía contra resolución judicial emanada de un procedimiento regular, y atendiendo a que en el caso sub-judice la resolución que motiva el recurso de Habeas Corpus emana de un procedimiento penal regular, ante el Tribunal competente contra el accionante por un delito común como es el de estafa (delito contra el patrimonio), y que en el supuesto de existir anomalías en la secuela del procediemiento regular estas deberán ventilarse y resolverse dentro del mismo, mediante el ejercicio de los recursos que las normas procesales establecen, de conformidad con lo dispuesto por el artículo décimo, de la Ley número veinticinco mil trescientos noventa y ocho; el Tribunal Constitucional.']"
00310-1996-HC,https://tc.gob.pe/jurisprudencia/1996/00310-1996-HC.pdf,data\sentencia-Extract\1996\sentencia-pdf-1996.csv,Proceso de Habeas Corpus,,Fundada,"['Que, está probado que las Municipalidades carecen de base legal, para hacer los cobros reclamados por los accionantes, puesto que no están ajustados al artículo sexto de la Ordenanza Municipal cero setenta y tres. [...]', 'Que, en forma encubierta lo que se está cobrando es un impuesto por el uso y disfrute de las playas, excediéndose en su competencia las municipalidades demandadas.', 'Que, impedir el ingreso a las playas a las personas que se nieguen a pagar el ""derecho"" constituye una violación del derecho constitucionalmente protegido de la libertad de tránsito por el territorio patrio (artículo segundo inciso décimo primero de la Constitución).']"
00305-1996-HC,https://tc.gob.pe/jurisprudencia/1996/00305-1996-HC.pdf,data\sentencia-Extract\1996\sentencia-pdf-1996.csv,Proceso de Habeas Corpus,,Improcedente,"['Que las acciones de garantía proceden en los casos que se violen los derechos constitucionales por acción u omisión de actos de cumplimiento obligatorio, de conformidad con el artículo segundo de la ley número veintitres mil quinientos seis; que, el artículo dieciseis, inciso a), de la ley número veinticinco mil trescientos noventa y ocho prescribe que no procede la acción de Habeas Corpus cuando el recurrente tenga instrucción abierta o se halle sometido a juicio por los hechos que originan la acción de garantía que, en el caso sub-materia el actor Carlos Barboza Cancho interpone acción de Habeas Corpus por violación a su libertad individual en la modalidad de detención arbitraria que, del análisis de los autos del petitorio de Habeas Corpus, fluye que la privación de la libertad del actor obedece a un mandato de detención, fechado el veintiuno de noviembre de mil novecientos noventa y cinco, dictado por el Juez Especializado en lo Penal de Huarochirí-Matucana, doctor Walter Jaimes Santos; que, de la apreciación de los autos, nítidamente se perfila la regularidad del mandato judicial de detención que fue proferido en la sustanciación del proceso signado con el número ciento setenta y tres - noventa y cinco; que, consentir la acción de Habeas Corpus como vía indirecta para la liberación del actor, implicaría desnaturalizar el carácter teleológico de esta acción por permitir la sustracción del actor a un debido procedimiento; que, hallándose el actor a disposición de las autoridades jurisdiccionales sus derechos tiene que hacerlos valer en la sede judicial, y serán las instancias pertinentes las que deban resolver su situación jurídica por estas consideraciones este tribunal.']"
00309-1996-HC,https://tc.gob.pe/jurisprudencia/1996/00309-1996-HC.pdf,data\sentencia-Extract\1996\sentencia-pdf-1996.csv,Proceso de Habeas Corpus,,Improcedente,"['Que el actor conduce el Departamento como local comercial, en el cual alguna vez pernocta, sin que constituya su domicilio real.', 'Que no se ha vulnerado sin motivo ni amenazado su libertad individual, ni el derecho de ingreso o tránsito, y que las guardias no atentan contra la libertad del actor sino que garantizan la seguridad de los residentes.', 'Que el actor recurrió en fechas anteriores a la presentación de su acción de Habeas Corpus al fuero ordinario, como ha quedado demostrado en autos por las instrumentales de fojas quince y dieciocho.', 'Que habiendo recurrido el agraviado a la vía judicial ordinaria, hace que en atención al contenido del inciso tercero del artículo sexto de la Ley veintitres mil quinientos seis, determine que no proceda la acción planteada.']"
00008-1996-HC,https://tc.gob.pe/jurisprudencia/1996/00008-1996-HC.pdf,data\sentencia-Extract\1996\sentencia-pdf-1996.csv,Proceso de Habeas Corpus,,Infundada,"['[...] de acuerdo a lo dispuesto en el artículo seis de la ley veintitres mil quinientos seis no pueden interponerse acciones de garantía contra las resoluciones judiciales emanadas de un procedimiento regular y que las anomalías que en ellos se presenten deben ventilarse y resolverse dentro de los mismos procesos; que la misma demandante apeló de la resolución de la Juez que dispuso su detención, haciendo así uso de los recursos impugnatorios que permite el principio de la doble instancia.']"
00154-1995-HC,https://tc.gob.pe/jurisprudencia/1996/00154-1995-HC.pdf,data\sentencia-Extract\1996\sentencia-pdf-1996.csv,Proceso de Habeas Corpus,,Fundada,"['[...] la Circular de la Corte Suprema invocada por el accionante se encontraba vigente al momento de interponerse la demanda, y también al de expedirse la sentencia impugnada y que, contrariamente a lo que se sostiene en la recurrida, el estado de emergencia, declarado por el Decreto Supremo cero cero cinco-noventicinco-DE/CC/FFAA, en que también se apoya la misma, no puede privar la vigencia a dicha Circular, según la cual no procedía la detención que motiva la denuncia, puesto que dicha Circular se limita a precisar los requisitos de identidad que deben satisfacer las requisitorias para ser válidas y hacer posible detenciones como la impugnada, siendo irrelevante, por ello, la existencia, o no, de un estado de emergencia como el invocado en la misma.']"
00131-1996-HC,https://tc.gob.pe/jurisprudencia/1996/00131-1996-HC.pdf,data\sentencia-Extract\1996\sentencia-pdf-1996.csv,Proceso de Habeas Corpus,,Infundada,"['Se encuentra debidamente acreditado en el expediente el hecho que los accionados realizaban una investigación policial contra tercera persona, por presunta comisión de delito de Tráfico Ilícito de Drogas, y que dicha persona estaba vinculada comercialmente con el accionante, razón por la cual este fue intervenido sin llegar a detenerlo al objeto de deslindar su participación en dicho ilícito penal.', 'Durante la investigación, se contó con la presencia del Representante del Ministerio Público y de los abogados del accionante, sin que se haya privado de libertad al mismo, ni allanado su domicilio, ni amenazado las garantías consagradas en la Constitución del Estado.']"
00063-1992-HC,https://tc.gob.pe/jurisprudencia/1996/00063-1992-HC.pdf,data\sentencia-Extract\1996\sentencia-pdf-1996.csv,Proceso de Habeas Corpus,,Infundada,"['[...] la investigación sumaria ha permitido confirmar que la versión de la actora adolece de serias inexactitudes; que, han sido desvirtuados los fundamentos de hecho de la demanda y no se aprecia la violación invocada de los correspondientes derechos constitucionales.']"
00234-1993-HC,https://tc.gob.pe/jurisprudencia/1996/00234-1993-HC.pdf,data\sentencia-Extract\1996\sentencia-pdf-1996.csv,Proceso de Habeas Corpus,,Fundada,"['En el caso de autos, a quedado probado, con la boleta de detención corriente a fojas siete del cuaderno principal, que el agraviado fue detenido con fecha doce de marzo de mil novecientos noventitrés, sin existir mandato judicial para tal efecto, igualmente, ha quedado probado que no fue puesto a disposición de la autoridad competente dentro del termino de veinticuatro horas previsto por el articulo dos inciso veinte de la Constitucion de mil novecientos setentinueve.', 'Al haberse presentado la acción de habeas corpus recién el día en que fue trasladado el hermano del accionante, de la Estación Policial de Tarma a la de Lurin, no altera el hecho que el agraviado ha estado detenido por mas de setentidós horas sin mediar orden de detención emanada de Juez competente.']"
00304-1993-HC,https://tc.gob.pe/jurisprudencia/1996/00304-1993-HC.pdf,data\sentencia-Extract\1996\sentencia-pdf-1996.csv,Proceso de Habeas Corpus,,Fundada,"['Que con los impedimentos mencionados en la parte relativa a los antecedentes de la presente resolución se ha limitado el paso de personas y vehículos por la vía pública, como puede apreciarse por el mérito de las certificaciones expedidas por la Comisaría de La Molina, que obran en el expediente, habiéndose vulnerado el derecho de libre tránsito consagrado en la Constitución del Estado, en su artículo segundo, inciso once, concordante con el artículo doce, inciso noveno de la Ley veintitrés mil quinientos seis, Ley de Hábeas Corpus y Amparo.', 'Que a mayor abundamiento por Resolución número doscientos cincuentisiete -noventidós-, de la Secretaría Municipal de Transporte Urbano de la Municipalidad de Lima Metropolitana, se resolvió prohibir el uso de rejas, tranqueras, hitos de concreto, cilindros o cualquier artefacto para impedir el libre tránsito vehicular o peatonal en todas las vías públicas de la Provincia de Lima, salvo en los casos que, por real necesidad estratégica de seguridad sean autorizados por dicha Secretaría; resolución que se encontraba vigente al momento de ocurrir los hechos materia de la presente acción y que no fue respetada por los demandados.', 'Que, mediante Edicto número cero cero siete / MDLM-A/ ochenticinco, la Municipalidad de La Molina aprobó el Reglamento para el Uso de Barreras y Casetas de Vigilancia, señalando en su artículo sexto incisos d y c, que son requisitos previos a la calificación del trámite de Licencia de instalación de una o más barreras, que las mismas no se encuentren ubicadas en arterias principales, como avenidas y vías de tránsito rápido, ni en vías de paso obligatorio a otros sectores, si estas son únicas, o con alternativas en mal estado o dificultades de acceso, no existiendo en el expediente documento alguno que acredite que dicha Municipalidad autorizó a la Urbanización Las Lomas de La Molina a la construcción de las mismas.']"
00071-1992-HC,https://tc.gob.pe/jurisprudencia/1996/00071-1992-HC.pdf,data\sentencia-Extract\1996\sentencia-pdf-1996.csv,Proceso de Habeas Corpus,,Improcedente,"['[...] del expediente aparece que el demandante ha interpuesto, en forma simultánea, una Acción de Amparo; que los fundamentos invocados y los hechos acreditados en autos indican que, en efecto, la vía adecuada es la del Amparo y no la del Hábeas Corpus.']"
00155-1995-HC,https://tc.gob.pe/jurisprudencia/1996/00155-1995-HC.pdf,data\sentencia-Extract\1996\sentencia-pdf-1996.csv,Proceso de Habeas Corpus,,Infundada,"['Considerando los fundamentos, de la sentencia recurrida que se reproducen y que tratándose de resoluciones expedidas con arreglo a ley en un procedimiento regular en que la demandante ha hecho uso de los recursos impugnatorios a que tiene derecho en virtud del principio de la doble instancia.']"
00313-1996-HC,https://tc.gob.pe/jurisprudencia/1996/00313-1996-HC.pdf,data\sentencia-Extract\1996\sentencia-pdf-1996.csv,Proceso de Habeas Corpus,,Fundada,"['[...] la resolución del Juez que pone el libertad a la demandada, constituye un reconocimiento evidente de que la misma se encontraba indebidamente detenida, tal como, en efecto, según aparece de autos, lo estaba, razón por la cual resulta contradictorio que se haya declarado improcedente la demanda, máxime si se recuerda que ésta fue admitida por resolución de fecha veintiséis de abril, corriente a fojas dos de autos, es decir, antes de emitida la orden de libertad mencionada; que, por otro lado, el argumento adicional de la Décima Sala Penal de la Corte Superior de Lima, en cuya virtud se confirma la apelada, no es mejor, pues consiste en sostener que el demandado no ha infringido ningún derecho constitucional de la afectada, ""toda vez que intervino y detuvo a dicha persona en ejercicio de sus funciones..."", siendo así que el ejercicio de las funciones no justifica detenciones sino a condición de cumplirse los supuestos constitucionales precisados en el artículo segundo, inciso vigésimo cuarto, literal ""f"" de la Carta Magna, ninguno de los cualtes estuvo presente en el caso.']"
00006-1996-HC,https://tc.gob.pe/jurisprudencia/1996/00006-1996-HC.pdf,data\sentencia-Extract\1996\sentencia-pdf-1996.csv,Proceso de Habeas Corpus,"Confecha 13 de agosto de 1995 don Martín Felipe Castro Talavera, interpone acción de Habeas Corpus a favor de don Mario Tito Zorrilla Uribe y doña Patricia Rubio Portocarrero, en contra del Teniente PNP Wilson Gálvez Arrascue y del Oficial a cargo en la fecha, por cuanto señala el recurrente que sus representados se encuentran detenidos desde el once (11) de agosto de 1995 y al momento de la interposición de la acción de garantía no han sido puestos aún a disposición de la autoridadj udicial competente. El J3 de agosto de 1995, admitida a trámite la acción de Habeas Corpus por detención arbitraria, la Titular del Trigésimo Cuarto Juzgado Especializado en lo Penal de Lima, se constituyo' en la delegación de la Dirección de Robo de Vehículos (DIROVE), entrevistándose con el Teniente PNP Wilson Aurelio Gálvez Cal rasco, quien refirió que los detenidosfueron denunciados ante la citada delegación por la comisión de delito contra el patrimonio, en la modalidad de apropiación ilícita por don Luis Miguel Seminario Eléspuru; que a mérito de la referida denuncia se procede a intervenirlos el once de agosto trasladándolos a la delegación de miraflores, contando con la presencia del representante del Ministerio Público en las diligencias que se practicaron y e n el levantamiento del Acta de Registro Personal y Domiciliario; preguntado por la razón de la detención sin habérseles encontrado en flagrante delito, ni contado con una orden judicial, afirmó que esta se debió a una investigación preliminar llevada a cabo los días ocho, nueve y diez, dentro de la cual se establece que eran personas diftciles de ubicar y se presumía su responsabilidad Con fecha catorce de agosto de mil novecientos noventa y cinco la Juez de la causa expide la correspondiente resolución declarando fundada la acción de habeas corpus interpuesta por don Martín Felipe Castro Talavera, a favor de don Mario tito Zorrilla Uribe y doña Patricia Rubio Portocarrero, contra el teniente de la PNP Wilson Aurelio Gálvez Arrascue e INFUNDADA en cuanto se refiere al oficial responsable o jefe inmediato superior del accionado, por considerar que se ha verificado la detención arbitraria de los referidos ciudadanos, los que fueron intervenidos el viernes 11 de agosto de 1995 por el Teniente Gálvez Arrascue, quien en el transcurso de una investigación policial en contra de los agraviados, y por su propia decisión, sin tener mandato judicial ni encontrarse los investigados en flagrante delito, procedió a su intervención, la misma que se produjo en la vía pública cuando transitaban por ella. • • , • Entendiendo don Mario Tito Zorrilla Uribe que el Teniente PNP Wilson Aurelio Gálvez Arrascue, no es el único responsable de la detención arbitraria de la que fueron objeto él y su esposa, apela de la Resolución expedida por el Trigésimo Cuarto Juzgado Especializado en lo Penal de Lima; asimismo obra a fojas 61 la apelación interpuesta por el Procurador Público del Ministerio del Interior al cargo de los Asuntos Judiciales de la Policia Nacional del Perú. La Segunda Sala Penal de Lima revoca la recurrida y reformándola declara infundada la Acción de Habeas Corpus, por considerar que no se puede soslayar el derecho de los que sienten afectado su patrimonio a presentar las denuncias que considere pertinentes, siendo obligación de la Policia Nacional practicar las diligencias necesarias para esclarecer los hechos denunciados, desprendiéndose de autos que a mérito de la denuncia interpuesta por don Luis Miguel Seminario Eléspuru por delito contra el patrimonio, el accionado procedio' a practicar las investigaciones del caso, con intervención del Ministerio Público y en acatamiento de las normas y disposiciones policiales vigentes; que con relación a que no se puso a los detenidos a disposición de la Fiscalía de Turno dentro de las 24 horas, obra el Parte Policial, sin número, de fecha 12 de agosto de 1995, que da cuenta de la conducción de los detenidos a la Trigésimo Cuarta Fiscalía Provincial de Turno, a las trece horas del citado día, habiéndose entrevistado el Sub Oficial a cargo con el encargado de la Mesa de Partes, quien manifestó que se había ordenado que ese día se recepcionaba sólo hasta las doce y treinta horas razón por la cual los implicados en el hecho ilícito retornaron a la DIROVE. Interpuesto el recurso de nulidad por don Mario Tito Zorrilla Uribe se señala que el recurso planteado debe entenderse como Recurso Extraordinario y, en consecuencia se eleva lo actuado al Tribunal Constitucional. 'NTOS Que el literal j) inciso veinticuatro, del wtículo segundo de la Constitución Política del Estado, establece que nadie puede ser detenido sino por mandato escrito y motivado del Juez, o por orden policial en situaciones de flagrante delito, debiendo ser puesto el detenido a disposición del Juzgado dentro de las veinticuatro horas, o en el término de la distancia, aún en el supuesto que la detención se debiera a mandato judicial o flagrante delito. Que en el caso de autos don Mario Tito Uribe Zorrillo y doña Patricia Rubio Portocarrero, fueron detenidos contraviniéndose el precepto constitucional anteriormente mencionado; el hecho de haberse ordenado su libertad en mérito al . . ( ) recurso de habeas corpus, por la Jueza del Trigésimo Cuarto Juzgado Especializado en lo Penal de Lima, no altera la situación jurídica de los accionantes que fueron detenidos sin respetarse lo esblecido en la Ley veintitrés mil quinientos seis, Ley de Haheas Corpus y Amparo. Que existen razones atendibles en el expediente relacionadas al accionar de la Policía Nacional, en el caso de autos. Por estos fundamentos; el Tribunal Constitucional;",Fundada,"['Que el literal f) inciso veinticuatro, del artículo segundo de la Constitución Política del Estado, establece que nadie puede ser detenido sino por mandato escrito y motivado del Juez, o por orden policial en situaciones de flagrante delito, debiendo ser puesto el detenido a disposición del Juzgado dentro de las veinticuatro horas, o en el término de la distancia, aún en el supuesto que la detención se debiera a mandato judicial o flagrante delito.', 'Que en el caso de autos don Mario Tito Uribe Zorrillo y doña Patricia Rubio Portocarrero, fueron detenidos contraviniéndose el precepto constitucional anteriormente mencionado; el hecho de haberse ordenado su libertad en mérito al recurso de habeas corpus, por la Jueza del Trigésimo Cuarto Juzgado Especializado en lo Penal de Lima, no altera la situación jurídica de los accionantes que fueron detenidos sin respetarse lo esblecido en la Ley veintitrés mil quinientos seis, Ley de Habeas Corpus y Amparo.']"
00046-1996-HC,https://tc.gob.pe/jurisprudencia/1996/00046-1996-HC.pdf,data\sentencia-Extract\1996\sentencia-pdf-1996.csv,Proceso de Habeas Corpus,,Improcedente,"['[...] la ""detención arbitraria"" invocada por el autor no es tal porque fue puesto a disposición de la Tercera Fiscalía Provincial del Callao por estar comprendido en la investigación de un delito ecológico, Decreto Legislativo seiscientos trece, artículos treinta y ocho, treinta y nueve y ochenta y Decreto Legislativo seiscientos treinta y cinco, artículos trescientos ocho, trescientos nueve.', 'Que el Capitán Juan Torres actuó en virtud del precepto constitucional que establece que la Policía Nacional ""previene, investiga y controla la delincuencia"", y en razón de que se trataba de un sujeto denunciado por delitos contra la ecología e involucrado en el tráfico ilícito de animales vedados. Que según consta de los atestados que corren a fojas cuarenta y siguientes, la detención se produce cuando el actor reclamaba precisamente las especies de aves vedadas, que le habían sido incautadas en la garita de control de Ancón, según consta en la declaración del actor de folios nueve, y a folios ocho de la declaración del denunciado, lo que constituye flagrancia del delito por el cual se le detiene.']"
00379-1993-HC,https://tc.gob.pe/jurisprudencia/1996/00379-1993-HC.pdf,data\sentencia-Extract\1996\sentencia-pdf-1996.csv,Proceso de Habeas Corpus,,Improcedente,"['El accionante no acreditó la realización de los hechos que violan su derecho a la libertad individual, ni la de su hijo, por lo que no es procedente la interposición de esta acción de garantía.']"
00131-1995-HC,https://tc.gob.pe/jurisprudencia/1996/00131-1995-HC.pdf,data\sentencia-Extract\1996\sentencia-pdf-1996.csv,Proceso de Habeas Corpus,,Improcedente,"['[...] en el proceso judicial regular, en que rige el principio de la doble instancia, las partes pueden hacer uso de los recursos impugnatorios pertinentes por lo que las resoluciones que se expiden en esos procesos no pueden ser objeto de acciones de garantía, de conformidad con lo dispuesto en el artículo sexto de la Ley veinticinco mil quinientos seis, que por otro lado el artículo décimo de la Ley veinticinco mil trescientos noventa y ocho establece que las anomalías que puedan producirse en esta clase de procesos se ventilarán y resolverán dentro de ellos y que por ningún motivo en los mismos, podrá detenerse mediante una acción de garantía la ejecución de las sentencias, que el apercibimiento empleado por el Juez de ""bajo responsabilidad"" no implica amenaza de detención corporal.']"
00061-1992-HC,https://tc.gob.pe/jurisprudencia/1996/00061-1992-HC.pdf,data\sentencia-Extract\1996\sentencia-pdf-1996.csv,Proceso de Habeas Corpus,,Infundada,"['[...] de autos aparece que la intervención de los funcionarios denunciados fue consecuencia de una denuncia penal formulada contra el actor, no habiéndose acreditado los hechos invocados en la demanda; que los actos realizados por la Policía Técnica no configuran hostigamiento alguno sino más bien cumplimiento del deber de investigar ante la denuncia planteada; que la constatación del cheque sin fondos es prueba suficiente que amerita la investigación policial.']"
00032-1996-HC,https://tc.gob.pe/jurisprudencia/1996/00032-1996-HC.pdf,data\sentencia-Extract\1996\sentencia-pdf-1996.csv,Proceso de Habeas Corpus,,Improcedente,"['Considerando: que el artículo sexto de la Ley veintitrés mil quinientos seis establece que no proceden las acciones de garantía contra una resolución judicial emanada de un procedimiento regular, en el que las anomalías que puedan cometerse deberán ventilarse y resolverse dentro de los mismos procesos; que las partes de un proceso penal puedan hacer uso de los recursos impugnatorios a que tienen derecho, especialmente en virtud del principio de la doble instancia.']"
00348-1993-HC,https://tc.gob.pe/jurisprudencia/1996/00348-1993-HC.pdf,data\sentencia-Extract\1996\sentencia-pdf-1996.csv,Proceso de Habeas Corpus,,Infundada,"['Considerando: Que la deficiente investigación judicial no ha permitido esclarecer la situación, máxime si se tiene presente que, en su declaración, el demandado niega todos los cargos, y alega, antes bien, que él es el agredido; que, por otro lado, el demandante no ha hecho uso del derecho a probar los hechos que invoca -y ni siquiera lo ha intentado- no obstante la autorización expresa del artículo vigésimo tercero, incisos quinto y sétimo, de la Ley veintitrés mil quinientos seis; que, en tales circunstancias, estaría de más ordenar la ampliación de la investigación judicial.']"
00317-1996-HC,https://tc.gob.pe/jurisprudencia/1996/00317-1996-HC.pdf,data\sentencia-Extract\1996\sentencia-pdf-1996.csv,Proceso de Habeas Corpus,,Infundada,"['Que, las verificaciones efectuadas por el juez en lo penal han permitido establecer de forma fehaciente, que la permanencia de la presunta afectada en el hogar de su madre obedece a su propia y libre decisión y no constituye violación de su libertad individual.']"
00246-1996-HC,https://tc.gob.pe/jurisprudencia/1996/00246-1996-HC.pdf,data\sentencia-Extract\1996\sentencia-pdf-1996.csv,Proceso de Habeas Corpus,,Improcedente,"['En efecto, no se ha producido la alegada detención arbitraria, pues cuando es intervenido por la policía existía mandato de detención emanado del Primer Juzgado de la Segunda Zona Judicial del Ejército, derivado de un proceso penal que se seguía al beneficiario de la acción por delito de deserción, por lo que en aplicación de lo previsto en el literal b) del artículo dieciséis de la Ley No. veinticinco mil trescientos noventa y ocho, la acción deviene improcedente.']"
00142-1995-HC,https://tc.gob.pe/jurisprudencia/1996/00142-1995-HC.pdf,data\sentencia-Extract\1996\sentencia-pdf-1996.csv,Proceso de Habeas Corpus,,Improcedente,"['Considerando: Que, aun cuando la naturaleza de la reparación civil sea una situación jurídica totalmente distinta de las reglas de conducta a las que un condenado haya sido sometido en virtud de una sentencia firme y consentida, y por tanto su incumplimiento, total o parcial, legalmente no pueda incidir sobre la sanción penal impuesta, también es cierto que el actor tenía expedito el ejercicio de los medios impugnativos que la ley procesal penal prevé a fin de que una resolución judicial contra legem pueda ser revisada por un órgano superior de la jurisdicción ordinaria. Que, de conformidad con lo establecido en el artículo 10 de la Ley 25398, el proceso constitucional de Hábeas Corpus, de carácter extraordinario y residual, no es un mecanismo a través del cual se pueda corregir o enmendar deficiencias producidas al interior de un proceso judicial regular. Que, de autos, efectivamente se aprecia que el actor, antes de hacer ejercicio de los recursos impugnativos que el Código de Procedimientos Penales prevé, optó por acudir a la vía excepcional y sumarísima del Hábeas Corpus.']"
00315-1996-HC,https://tc.gob.pe/jurisprudencia/1996/00315-1996-HC.pdf,data\sentencia-Extract\1996\sentencia-pdf-1996.csv,Proceso de Habeas Corpus,,Infundada,"['Que, de la sumaria investigación efectuada en autos se desprende que la participación del demandado en la investigación policial cuestionada, dispuesta por el Fiscal Ad hoc dólares MUC, mediante resolución de fecha siete de junio de mil novecientos noventa y cuatro, que en copia fotostática obra a fojas dieciocho, se ha ceñido al estricto cumplimiento de sus responsabilidades, no constituyendo en consecuencia amenaza o violación a la libertad individual o derechos constitucionales conexos del demandante, protegidos por el primer numeral del artículo doscientos de la Constitución Política del Perú.']"
00012-1996-HC,https://tc.gob.pe/jurisprudencia/1996/00012-1996-HC.pdf,data\sentencia-Extract\1996\sentencia-pdf-1996.csv,Proceso de Habeas Corpus,,Infundada,"['Que por consiguiente, no sólo la autoridad policial actuó de conformidad con lo dispuesto en el artículo ciento sesenta y seis de la Constitución cuyo texto le impone como funciones ""la prevención"" ""la investigación"" y ""el combate de la delincuencia"" sino que el propio Ministerio Público en estricta observancia del artículo ciento cincuenta y nueve de la Norma Fundamental, que a la letra dice ""Corresponde al Ministerio Público... 4. Conducir desde su inicio la investigación, lo que ratifica por demás la absoluta regularidad de los hechos pretendidamente cuestionados"".']"
00021-1996-HC,https://tc.gob.pe/jurisprudencia/1996/00021-1996-HC.pdf,data\sentencia-Extract\1996\sentencia-pdf-1996.csv,Proceso de Habeas Corpus,,Improcedente,"['Considerando: que don Guillermo Coronado Mendoza fue detenido en mérito de una Resolución judicial emanada de un procedimiento regular y en aplicación del artículo sesenta y cuatro del Código Procesal Penal y luego fue puesto a disposición del Juzgado de Paz, de conformidad con el artículo segundo, inciso vigésimo cuarto, literal f) de la Constitución.']"
00087-1992-HC,https://tc.gob.pe/jurisprudencia/1996/00087-1992-HC.pdf,data\sentencia-Extract\1996\sentencia-pdf-1996.csv,Proceso de Habeas Corpus,,Infundada,"['Que, de autos no ha sido posible demostrar fehacientemente que el demandado, en su calidad de Rector de la Universidad San Martín de Porres de Lima, haya ordenado personalmente algún tipo de restricción de acceso a los locales de la Universidad al accionante.', 'Que debe tenerse presente que la Universidad en cuestión es privada, y por tanto no podría ser de aplicación al caso, lo dispuesto por el inciso noveno del artículo décimo segundo de la Ley veintitrés mil quinientos seis, por cuanto no existe libertad de tránsito dentro de la propiedad privada.']"
00220-1995-HC,https://tc.gob.pe/jurisprudencia/1996/00220-1995-HC.pdf,data\sentencia-Extract\1996\sentencia-pdf-1996.csv,Proceso de Habeas Corpus,,Infundada,"['Considerando: Que los hechos invocados como fundamentos de la demanda han sido desvirtuados en el curso de la sumaria investigación, y que, además, el demandante, al interponer el recurso de vista, no los ha reiterado ni ha agregado razones atendibles que los robustezcan o sustituyan.']"
00025-1996-HC,https://tc.gob.pe/jurisprudencia/1996/00025-1996-HC.pdf,data\sentencia-Extract\1996\sentencia-pdf-1996.csv,Proceso de Habeas Corpus,"Graciela Aquino de la Cruz interpone acción de Habeas Corpus, a favor de su • padre, Saturnino Aquino Romero, contra la doctora Rosa Velásquez, Jueza del Juzgado Mixto de Pampas-Tayacaja, y el doctor Oscar Rodríguez Castro, Fiscal Provincial de Pampas-Tayacaja, por la violación de los derechos constitucionales de libertad individual y del debido proceso. • < • Ampara su pretensión en los artículos 2°, inciso 24°, y 139°, inciso 3°, de la Constitución; y en los artículos 1°, 2°, 12°, 13° Y 15° de la ley 23506, modificadas por las leyes 25011 y 25398. Sostiene la actora que la señora Juez del Juzgado Mixto de Pampas-Tayacaja y e l Fiscal Provincial en lo Penal de la misma localidad han vulnerado el derecho a la libertad individual de su padre, al haber dispuesto su detención en el establecimiento penitenciario de Pampas- Tayacaja, en virtud de una resolución judicial emanada del proceso penal que, por delito de peculado, se le sigue en dicho Juzgado. Considera de transgresora de la libertad individual tal disposición judicial, pues sobre los mismos hechos, conforme a los cuales se le ha abierto instrucción penal a su padre, ya con anterioridad se había iniciado una acción penal semejante. Alega que los accionados tenían conocimiento de la iniciación de dicho proceso penal, pues, inicialmente, se ventiló ante el despacho de los accionados hasta que se produjo su inhibitoria. Seguido el procedimiento de acuerdo a ley, a fojas ciento veinticinco y ciento veintiséis, expide la resolución declarando infundada la acción, tras considerar que el mandato de detención decretado contra el ciudadano a cuyo favor se interpone, emanó de un proceso judicial regular. Con fecha veintiséis de setiembre de mil novecientos noventa y cinco, la Tercera Sala Penal de la Corte Superior de Junin conjirmó la recurrida, precisando que ella debe entenderse como improcedente, y no como irifundada. 1nterpuesto el recurso de nulidad, que debe entenderse como extraordinario, los autos son remitidos al Tribunal Constitucional.",Improcedente,"['[…] Que, de conformidad con lo establecido en las letras ""a"" y ""b"" del artículo 16° de la ley 25393, en concordancia con el artículo 6° inciso 2 de la ley 23506, la procedencia del proceso de Habeas Corpus se encuentra vedada cuando la persona a cuyo favor se interpone este tipo de garantía constitucional se encuentra con una instrucción penal abierta y la orden de detención dictada en su contra, haya sido ordenada por un Juez competente dentro de un proceso regular. Que, asimismo, y de conformidad con lo previsto en el artículo 10° de la ley 25398, las anomalías que pudieran cometerse durante la tramitación de un procedimiento judicial, no son susceptibles de obtener reparo a través de la vía excepcional y residual del Habeas Corpus, pues estas deberán de resolverse y tramitarse dentro de los mismos procesos donde se originaron, haciéndose ejercicio de los recursos que las normas procesales especificas establecen.']"
00002-1995-HC,https://tc.gob.pe/jurisprudencia/1996/00002-1995-HC.pdf,data\sentencia-Extract\1996\sentencia-pdf-1996.csv,Proceso de Habeas Corpus,,Infundada,"['Considerando: Que la sumaria investigación efectuada en autos no ha permitido acreditar, en modo alguno, los hechos alegados por la accionante, en el sentido que a la beneficiaria se le tenga incomunicada y se le niegue el derecho de defensa; que, muy por el contrario, ésta ha manifestado -en su declaración obrante a fojas nueve- que el día veinte de diciembre de mil novecientos noventa y tres fue visitada por sus padres; esto es, apenas una semana antes de la fecha de interposición de la presente Acción; que, en tal virtud, no habiéndose vulnerado los derechos constitucionales invocados, la demanda deviene infundada.']"
00020-1996-AA,https://tc.gob.pe/jurisprudencia/1996/00020-1996-AA.pdf,data\sentencia-Extract\1996\sentencia-pdf-1996.csv,Proceso de Amparo,"Recurso extraordinario contra la resolución de la Segunda Sala Civil de la Corte Superior de Arequipa, de fecha veintiocho de agosto de mil novecientos noventa y cinco que, revocando la de vista que declaró infundada la demanda, declaró improcedente la acción de amparo interpuesta. ANTECEDENTES: Doña Idalia Muñoz Jaime interpone acción de amparo contra el Instituto Peruano de Seguridad Social, representado por el Gerente General del Hospital Nacional del Sur de Arequipa, doctor Pablo Céspedes Cruz, por violación de sus derechos constitucionales a la defensa, estabilidad laboral, legalidad, y al debido proceso. • , , • • Ampara su pretensión en lo dispuesto, en forma genérica, por la ley veintitrés mil quinientos seis, modificada por la ley veinticinco mil once, y en el artículo veintiséis de la Constitución. • Sostiene la recurrente que desde mil novecientos setenta y seis labora en el Instituto Peruano de Seguridad Social en calidad de secretaria del Hospital Nacional del Sur Arequipa, encontrándose sometida al régimen previsto en el decreto legislativo doscientos setenta y seis. Alega que al dictarse el decreto ley veinticinco mil seiscientos treinta y seis, se facultó al Instituto Peruano de Seguridad Social a racionalizar sus recursos humanos, en el plazo de ciento veinte días, a través, tanto de un proceso de retiro voluntario con incentivos, como por medio de una prueba de selección y calificación para aquellos servidores que no se acogieran al primero de los procesos mencionados. A fin de cumplir con lo dispuesto en el decreto ley mencionado, se expidió la directiva cero treinta y nueve-DE-IPSS-noventa y dos, por medio de la cual se facultaba ha la Gerencia Departamental de la entidad accionada designar el personal que debía de ser sometido al respectivo examen de selección y calificación, a quienes se debería de notificar personalmente por escrito. No obstante e71o, precisa, que dicha notificación personal no se realizó con la recurrente, pues se encontraba hospitalizada a raíz de una intervención quirúrgica, motivo por el cual no fue sometida al examen de selección y calificación, y tampoco se le cesó en el plazo establecido por el decreto ley veinticinco mil seiscientos treinta y seis. Añade que dos años después, en el mes de noviembre de mil novecientosnoventa y cuatro, la Dirección del Hospital Nacional del Sur la notificó para que se someta al proceso de selección y calificación, fijado para el día cuatro de diciembre de mil novecientos noventa y cuatro, al que asistió en obediencia debida,para evitar que se le abriera un procedimiento administrativo. Después de ser sometida al proceso de evaluación, el nueve de febrero de mil novecientos noventa y cinco, le notificó la resolución cero setenta y cuatro-GG-HNS se IPSS-noventa y cinco, por medio de la cual se resolvía cesarla, por causal de racionalización, por lo que vió obligada a interponer recurso de apelación, el que no se ha sido resuelto hasta la fecha, por lo que da por agotada la vía administrativa. No obstante ello, y aún antes que quede consentida la resolución en virtud de la cual se dispuso su cese, se ejecutó ésta ya que la entidad accionada le impidió el acceso a su centro de trabajo. I • • • • , , , • • Admitida la acción de amparo, a fojas treinta y dos, el Gerente General del Hospital Nacional del Sur, doctor Pablo Céspedes Cruz, contesta la demanda, negándola y contradiciéndola en todos sus extremos. A fojas cuarenta y dos a cuarenta y cuatro, el Juez del Tercer Juzgado Civil de Arequipa expide resolución, de fecha quince de junio de mil novecientos noventa y cinco, declarando infundada la demanda de amparo, en razón de que si bien se le sometió a la recurrente a un proceso de selección y calificación en fecha posterior al plazo establecido en el artículo cuarto del decreto ley veinticinco mil seiscientos treinta • y ocho, por resolución de gerencia general quinientos noventa y ocho-GG-GG-IPSS noventa y cuatro, el Instituto Peruano de Seguridad Social dispuso que los trabajadores que no pudieron presentarse al proceso en ciernes, tenían la opción de presentarse a una nueva evaluación, a la cual se presentó la accionante y obtuvo calificación desaprobatoria. Dicha resolución, de conformidad con el espíritu de la ley, le dió una vigencia ultractiva al decreto ley en cuestión, por lo que, entiende, no se ha producido agravio a derecho constitucional alguno. Impugnada dicha resolución, con fecha veintiocho de agosto de mil novecientos noventa y cinco, la Segunda Sala Civil de la Corte Superior de Arequipa expide resolución revocando la apelada y declarando improcedente la acción de amparo. , • Interpuesto el recurso de nulidad, que debe entenderse como extraordinario, los autos son remitidos al Tribunal Constitucional. FUND Considerando: Que, de conformidad con lo previsto en los artículos primero y segundo de la ley veintitrés mil quinientos seis, las acciones de garantía tienen por objeto el de reponer las cosas al estado anterior a la violación o amenaza de violación de un derecho constitucional, y proceden cuando una autoridad, funcionario o persona amenazan o violan tales derechos constitucionales por acción u omisión de actos de cumplimiento obligatorio; Que, conforme se desprende de los artículos primero, segundo y cuarto del decreto ley veinticinco mil seiscientos treinta y seis, el Supremo Gobierno autorizó al Instituto Peruano de Seguridad Social a realizar un proceso de racionalización de su personal administrativo, estableciendo al efecto el doble procedimiento: de retiro voluntario con incentivos, y el de selección y calificación de los servidores que no se hayan acogido a las renuncias voluntarias, cuyo desarrollo y ejecución no debería de exceder los ciento veinte días calendarios posteriores a la \ - -- vigencia del referido decreto ley que venció el diez de diciembre de mil novecientos noventa y dos; Que"" conforme se desprende de la resolución de gerencia general número quinientos noventa y ocho-GG-IPSS-noventa y cuatro, su fecha cinco de julio de mil novecientos noventa y cuatro, obrante de fojas cuatro a nueve, así como de los documentos obrantes de fojas veinticinco a treinta y uno, el proceso de selección y calificación realizado por la entidad accionada, respecto de la actora, se efectuó con • fecha cuatro de diciembre de mil novecientos noventa y cuatro, y la resolución de gerencia general cero setenta y cuatro-GG-HNSA-IPSS-noventa y cinco, por la cual se declaró su cese por causal de racionalización, se expidió con focha siete de fobrero de mil novecientos noventa y cinco, ambos actos administrativos dictados ejecutados notoriamente, fuera del plazo previsto en el segundo párrafo del artículo cuarto del decreto ley veinticinco mil seiscientos treinta y seis. Por estos fundamentos, el Tribunal Constitucional, en ejercicio de las atribuciones que la Constitución y su Ley Orgánica le confieren",Fundada,"['[…] Que conforme se desprende de la resolución de gerencia general número quinientos noventa y ocho-GG-IPSS-noventa y cuatro, su fecha cinco de julio de mil novecientos noventa y cuatro, obrante de fojas cuatro a nueve, así como de los documentos obrantes de fojas veinticinco a treinta y uno, el proceso de selección y calificación realizado por la entidad accionada, respecto de la actora, se efectuó con fecha cuatro de diciembre de mil novecientos noventa y cuatro, y la resolución de gerencia general cero setenta y cuatro-GG-HNSA-IPSS-noventa y cinco, por la cual se declaró su cese por causal de racionalización, se expidió con fecha siete de febrero de mil novecientos noventa y cinco, ambos actos administrativos dictados ejecutados notoriamente, fuera del plazo previsto en el segundo párrafo del artículo cuarto del decreto ley veinticinco mil seiscientos treinta y seis.']"
00203-1995-HC,https://tc.gob.pe/jurisprudencia/1996/00203-1995-HC.pdf,data\sentencia-Extract\1996\sentencia-pdf-1996.csv,Proceso de Habeas Corpus,,Fundada,"['Considerando: Que la demanda está correctamente fundada, entre otros, en los artículos 137° y concordantes del Código Procesal Penal; que la solicitud de libertad inmediata se presentó el tres de marzo de mil novecientos noventa y cinco, y que, dos meses después, el cinco de mayo de mil novecientos noventa y cinco, aún no había sido resuelta, no obstante haberla reiterado el demandante en varias oportunidades; que las especiales circunstancias registradas, entre las que figura la vacación anual de los vocales demandados y el recurso de inhibición que, contra ellos, formuló el propio actor, si bien explican, en parte, la demora que motivó la demanda de autos, no la justifican plenamente, ni menos podían privar al demandante de su derecho a utilizar la vía constitucional de autos.']"
00143-1995-HC,https://tc.gob.pe/jurisprudencia/1996/00143-1995-HC.pdf,data\sentencia-Extract\1996\sentencia-pdf-1996.csv,Proceso de Habeas Corpus,,Infundada,"['Considerando: que, la actora no sólo no ha acreditado los hechos invocados como fundamento sine qua non de su demanda, sino que no ha demostrado tampoco, relación de causalidad entre tales hechos hipotéticos y la igualmente hipotética conducta infractora imputada a sus demandados.']"
00350-1996-HC,https://tc.gob.pe/jurisprudencia/1996/00350-1996-HC.pdf,data\sentencia-Extract\1996\sentencia-pdf-1996.csv,Proceso de Habeas Corpus,,Infundada,"['Considerando: que el demandante no precisa debidamente cuáles son los agravios que le han injerido los demandados y que violan sus derechos fundamentales; que existe uniformidad en las manifestaciones de los demandados, en el sentido de que ellos son los agraviados, lo que ha dado lugar a denuncias en su contra, y que, se sigan otros procesos judiciales en los que se está investigando los hechos que son materia de ésta acción, además de que no habiéndose acreditado los hechos que alega el demandante.']"
00679-1996-AA,https://tc.gob.pe/jurisprudencia/1996/00679-1996-AA.pdf,data\sentencia-Extract\1996\sentencia-pdf-1996.csv,Proceso de Amparo,,Infundada,"['Los hechos de despido del demandante ocurrieron en diciembre de mil novecientos noventidós, optando, luego, por recurrir a la vía judicial ordinaria equivocadamente, por lo que después de casi dos años de aquéllos, recién en el mes de octubre de mil novecientos noventa y cuatro interpuso esta acción, caducando así el derecho a su ejercicio, conforme lo señala el artículo treintisiete de la Ley veintitrés mil quinientos seis.']"
00072-1992-HC,https://tc.gob.pe/jurisprudencia/1996/00072-1992-HC.pdf,data\sentencia-Extract\1996\sentencia-pdf-1996.csv,Proceso de Habeas Corpus,,Improcedente,"['Que por otra parte ha quedado establecido en autos que el agraviado no cumplió oportunamente con el requisito de acreditar el pago de los quinientos sueldos mínimos a favor del tesoro público que le impusieron como condena accesoria a los catorce años de reclusión efectiva; requisito indispensable para acceder a su libertad condicional.', 'Que igualmente es de advertirse que al momento de presentarse la presente Acción de Hábeas Corpus, esto es, el cinco de diciembre de mil novecientos noventa, el afectado ya había cumplido nueve años de la condena de los catorce que se le habían impuesto, por lo que a la fecha, siete de agosto de mil novecientos noventa y seis, serían quince los que han corrido lo que supone que ya se ha vencido en exceso el término, situación que genera que el caso bajo examen se haya convertido en uno de sustracción de materia de acuerdo al inciso 1 del artículo 6° de la Ley 23506.']"
00184-1995-AA,https://tc.gob.pe/jurisprudencia/1996/00184-1995-AA.pdf,data\sentencia-Extract\1996\sentencia-pdf-1996.csv,Proceso de Amparo,,Improcedente,"['[…] Que, habiendo reconocido la Municipalidad Provincial de Arequipa el pago de los beneficios sociales del actor, tras los años de servicios prestados a ella, no se puede considerar que el derecho constitucional invocado haya sufrido vulneración o amenaza de violación alguna, que tornaran en procedentes la acción incoada; Que, en el caso de autos, si bien el actor cursó una carta notarial al Alcalde de la Municipalidad Provincial de Arequipa, con fecha diecisiete de enero de mil novecientos noventa y cinco, obrante a fojas tres, con el objeto de que se haga efectivo el pago de sus beneficios sociales reconocidos, también lo es que, del segundo acuerdo de la resolución municipal dos mil ciento cincuenta, se desprende que el accionado había autorizado a la oficina de tesorería de la referida Municipalidad para que realice dicho pago; Que, la no ejecución de la orden de pago de los beneficios sociales que el actor estima como lesivo a su derecho constitucional, debe de peticionarse ante las instancias administrativas correspondientes, no constituyendo la vía residual y excepcional de este proceso constitucional una instancia que pueda suplir el procedimiento administrativo; Que, en este sentido de conformidad con lo dispuesto en el artículo 27° de la Ley 23506 deben agotarse las vías previas insistiéndose en el cobro ante el Concejo Provincial de Arequipa, mediante el ejercicio de las acciones impugnativas correspondientes']"
00101-1995-AA,https://tc.gob.pe/jurisprudencia/1996/00101-1995-AA.pdf,data\sentencia-Extract\1996\sentencia-pdf-1996.csv,Proceso de Amparo,,Improcedente,"['Que el recurrente no ha acompañado pruebas que acrediten que por virtud del oficio de fecha quince de marzo de mil novecientos noventitrés se la haya impedido el ingreso al centro de trabajo, hecho que tampoco se demuestra con la denuncia policial de fojas dos, ya que del tenor de la misma no fluye que la Policía haya constatado los hechos denunciados.', 'Que, por consiguiente, no encontrándose las situaciones expuestas por el accionante dentro del supuesto previsto en el inciso 1° del artículo 28º de la Ley 23506, resulta de aplicación el artículo 27° de la citada norma, que expresamente prohíbe la interposición de la Acción de Amparo cuando el accionante no haya agotado la vía previa correspondiente.']"
00130-1995-AA,https://tc.gob.pe/jurisprudencia/1996/00130-1995-AA.pdf,data\sentencia-Extract\1996\sentencia-pdf-1996.csv,Proceso de Amparo,,Improcedente,"['Que, la vía del Amparo no puede ser utilizada como una revisión o una tercera instancia respecto de resoluciones judiciales emanadas de un procedimiento regular y que adquirieron la autoridad de cosa juzgada.', 'Que, de acuerdo a lo establecido por el inciso 2) del artículo 6° de la Ley N° 23506 la Acción de Amparo no procede contra resoluciones judiciales emanadas de un procedimiento regular, principio que ha sido consagrado en el inciso 2) del artículo 200° de la actual Constitución Política del Estado.']"
00094-1995-HC,https://tc.gob.pe/jurisprudencia/1996/00094-1995-HC.pdf,data\sentencia-Extract\1996\sentencia-pdf-1996.csv,Proceso de Habeas Corpus,,Infundada,"['Que la beneficiaria ha negado rotundamente, tanto en su declaración judicial de fojas seis como en su manifestación policial de fojas veinticinco, que la accionada la tenía encerrada bajo llave y le prohibía salir a la calle, con lo cual han quedado desvirtuados los hechos alegados por el actor; que el artículo sexto de la Ley veintitrés mil quinientos seis -en su primer inciso- señala que es improcedente la acción de garantía en caso de haber cesado la violación o amenaza de violación de un derecho constitucional; que habiéndose establecido en autos, de manera categórica, que no se ha producido la violación o amenaza de violación del derecho constitucional invocado, resulta implicante la aplicación de dicha norma toda vez que no puede darse la cesación -supuesto de este dispositivo legal- de aquello que no se ha producido; que, siendo esto así, la Acción deviene infundada y no improcedente como por error ha sido calificada en las resoluciones recurridas.']"
00003-1995-HC,https://tc.gob.pe/jurisprudencia/1996/00003-1995-HC.pdf,data\sentencia-Extract\1996\sentencia-pdf-1996.csv,Proceso de Habeas Corpus,,Infundada,"['Que si bien la vía constitucional estaba abierta, puesto que en la demanda se invoca la amenaza sistemática y concreta al derecho del libre tránsito hacia el domicilio; que, sin embargo, los hechos invocados como fundamento sine qua non de la demanda, no han sido acreditados; y que, de otro lado, la propia demandante, durante su declaración ante el juez que efectuó la sumaria investigación, manifiesta que han desaparecido los actos de hostigamiento y las amenazas que la llevaron a plantear la Acción.']"
00124-1995-AA,https://tc.gob.pe/jurisprudencia/1996/00124-1995-AA.pdf,data\sentencia-Extract\1996\sentencia-pdf-1996.csv,Proceso de Amparo,,Improcedente,"['Que, las recurrentes afirman se habría conculcado en su caso derechos constitucionales como son el de la instancia plural, y el de la estabilidad laboral, pretendiendo mediante la Acción de Amparo cuestionar los efectos de la Resolución N° 031-93, que las destituye pese a que simultáneamente se sigue en la vía judicial correspondiente una Acción idéntica destinada a obtener los mismos efectos.', 'Que, al iniciar la vía judicial las recurrentes habrían optado por una vía paralela para la tutela de los derechos constitucionales que afirman habrían sido violados con la resolución cuestionada vía que permitirá ventilar situaciones ajenas a la naturaleza de una Acción de garantía.', 'Que de acuerdo a lo establecido en el inciso 3) del artículo 6° de la Ley N° 23506 Ley de Hábeas Corpus y Amparo no proceden las acciones de garantía cuando el agraviado opta por la vía judicial ordinaria.']"
00141-1995-HC,https://tc.gob.pe/jurisprudencia/1996/00141-1995-HC.pdf,data\sentencia-Extract\1996\sentencia-pdf-1996.csv,Proceso de Habeas Corpus,,Improcedente,"['Se advierte del propio expediente que el accionante, induciendo a error pretende obtener su libertad estando incurso en un proceso judicial ordinario penal, con mandato de detención por un Juez competente. El artículo dieciséis, incisos a) y b) de la Ley veinticinco mil trescientos noventa y ocho es terminante en lo que se refiere la no procedencia de la Acción de Hábeas Corpus cuando el accionante tiene instrucción abierta o se halle sometido a juicio por los hechos que originan la acción de garantía como lo es en el presente caso; en el cual preexiste un proceso penal regular donde los sujetos procesales se hallan protegidos por las garantías constitucionales de un debido proceso y de la tutela jurisdiccional efectiva, dentro de la normatividad correspondiente.', 'Asimismo las normas procesales son de orden público y, por ende, de imperativo y obligatorio cumplimiento por los sujetos que en ellas se encuentren comprendidos; por lo que la resolución impugnada se ciñe cabal y estrictamente al trámite previsto para esa acción y al mérito de lo actuado.', 'De otro lado, de autos se desprende que esta Acción es dirigida contra el Presidente de la Corte Suprema de Justicia de la República, Doctor Moisés Pantoja Rodulfo, quien es el representante de un Poder del Estado más no ejercita función jurisdiccional; por lo que resulta ajeno a los supuestos enunciados en que se apoya la presente demanda.']"
00105-1995-HC,https://tc.gob.pe/jurisprudencia/1996/00105-1995-HC.pdf,data\sentencia-Extract\1996\sentencia-pdf-1996.csv,Proceso de Habeas Corpus,,Infundada,"['Que en la sumaria investigación ha quedado probado que, contrariamente a lo que se afirma, como fundamento sine qua non de la demanda, sí han cumplido los demandados con dar trámite a la correspondiente denuncia; que, consecuentemente, no existe omisión que subsanar, ni la violación de derecho constitucional correspondiente.']"
00138-1995-AA,https://tc.gob.pe/jurisprudencia/1996/00138-1995-AA.pdf,data\sentencia-Extract\1996\sentencia-pdf-1996.csv,Proceso de Amparo,,Improcedente,"['Que, la actora no ha sido privada ni recortado su derecho de defensa en ningún momento, según fluye de autos, habiendo recurrido a los tribunales de justicia amparándose incluso en la pluralidad de instancias, así como que todas las resoluciones durante la tramitación han sido motivadas con sujeción a lo establecido por la Constitución en su artículo ciento treintinueve incisos sexto y quinto; Que, las cuestionadas resoluciones, que se pretende sean declaradas nulas, emanan de autoridad competente, dentro de un proceso regular; Que, debe tenerse presente el artículo 10° de la Ley 25398, que complementó las disposiciones de la Ley veintitrés mil quinientos seis en materia de Hábeas Corpus y Amparo, establece que las anomalías que pudieran cometerse dentro de un proceso regular, deberán ventilarse y resolverse dentro de los mismos procesos mediante el ejercicio de los recursos que las normas procesales específicas establecen; Que, en autos no se ha podido demostrar la violación de ningún derecho constitucionalmente protegido.']"
00028-1996-HC,https://tc.gob.pe/jurisprudencia/1996/00028-1996-HC.pdf,data\sentencia-Extract\1996\sentencia-pdf-1996.csv,Proceso de Habeas Corpus,,Fundada,"['Que el Primer Juzgado Penal del Callao debió pronunciarse, en forma inmediata, sobre la solicitud de libertad presentada por el demandante, e ingresada en dicho Juzgado con fecha veintidós de septiembre de mil novecientos noventa y cinco, que, sin embargo, no lo hizo, alegando haber perdido jurisdicción, en razón de encontrarse el expediente listo para ser elevado al Superior, con los informes finales; que, empero, no indica el juez qué dispositivo lo privaba de jurisdicción para pronunciarse sobre un pedido tan importante y urgente, siendo así que el expediente siguió en su despacho hasta el día dos de octubre de mil novecientos noventa y cinco, y que, por lo tanto, la solicitud de libertad estuvo pendiente de resolución durante diez días, sin que el juzgado se pronunciara; que, de otro lado, el argumento adicional de la Primera Sala Penal de la Corte Superior, que confirma la apelada, en el sentido de que el artículo 137° del Código Procesal Penal, invocado por el demandante, no estaba vigente, ya que quedó suspendido en mérito de la Ley N° 26299, no es, a juicio de este Tribunal, válido, ya que la Ley especial que dió vigencia a dicho artículo 137° no ha sido derogada, y que, de otro lado, no puede suprimirse, sin violación de elementales derechos constitucionales, la regla que limita el tiempo de la detención de los no sentenciados.']"
00134-1995-AA,https://tc.gob.pe/jurisprudencia/1996/00134-1995-AA.pdf,data\sentencia-Extract\1996\sentencia-pdf-1996.csv,Proceso de Amparo,,Improcedente,"['Que, las irregularidades presuntamente cometidas en un proceso, por sí no lo convierte en irregular, más aún si estas irregularidades, al amparo de lo dispuesto en el artículo 10 de la Ley 25398, puede haber sido corregidas y subsanadas dentro del mismo proceso, utilizando los recursos y medios que las normas pertinentes establecen.', 'Que, al amparo del inciso 2° del artículo 6° de la Ley N° 23506, concordante con el artículo 10° de la Ley N° 25398, no se puede enervar la validez y los efectos de resoluciones judiciales dictadas por el Organo Jurisdiccional competente, y emanadas de un procedimiento regular, dentro del cual el accionante debió hacer valer los recursos legales que las normas procesales establecen.']"
00150-1995-HC,https://tc.gob.pe/jurisprudencia/1996/00150-1995-HC.pdf,data\sentencia-Extract\1996\sentencia-pdf-1996.csv,Proceso de Habeas Corpus,,Infundada,"['Que ni la investigación sumaria efectuada por la Jueza de la causa, ni los documentos aportados por las partes, han permitido demostrar fehacientemente que el accionado hubiera vulnerado o amenazado la libertad individual de la accionante, derecho constitucional protegido por el primer numeral del artículo doscientos de la Constitución Política del Perú.', 'Que, no habiéndose acreditado los hechos alegados por la accionante, la Acción resulta infundada y no improcedente, como erróneamente se ha calificado en las resoluciones inferiores.']"
00144-1995-AA,https://tc.gob.pe/jurisprudencia/1996/00144-1995-AA.pdf,data\sentencia-Extract\1996\sentencia-pdf-1996.csv,Proceso de Amparo,,Improcedente,"['Que, la resolución de cese se ha dado en mérito a una disposición legal dada dentro de marcos constitucionales, no habiéndose probado que se haya violado el derecho constitucional al trabajo de la demandante; Que, la accionante pretende, a través de la Acción de Amparo se deje sin efecto la resolución que la cesa. Al respecto debe señalarse que, el objeto de las acciones de garantía es el de reponer las cosas al estado anterior a la violación o amenaza de violación de un derecho constitucional, según lo indica el artículo 1° de la Ley 23506; Que, aparece de autos, que respecto a la vía previa, a la que se refiere el artículo 27° de la Ley 23506, fue asumido por la demandante cuando planteó recurso de reconsideración, el mismo que le fue declarado infundado, que sin embargo no presentó recurso de apelación. Este lo presenta después de plantear la demanda de Amparo, sin embargo con dicha presentación no se convalida el requisito de agotar las vías previas para plantear el Amparo. Más aún si tenemos presente que no pueden tramitarse conjuntamente una Acción en vías diferentes.']"
00397-1996-HC,https://tc.gob.pe/jurisprudencia/1996/00397-1996-HC.pdf,data\sentencia-Extract\1996\sentencia-pdf-1996.csv,Proceso de Habeas Corpus,,Infundada,"['Que, la acción de hábeas corpus tiene por objeto cautelar la libertad individual, derecho que en ningún momento ha sido vulnerado por las autoridades policiales, quienes tienen por función a tenor de lo dispuesto por el artículo 166° de la Constitución, garantizar, mantener y restablecer el orden interno, protegiendo a las personas y a la comunidad, función que en el caso de autos se han limitado a cumplir, no pudiendo afirmarse que se trate de acciones sistemáticas para amenazar o violar el derecho fundamental de los actores a la libertad individual y al libre tránsito, más aún, cuando los demandante fundamentan su acción, en que son sus vehículos los que sufren una restricción al circular, por determinadas arterias de la ciudad de Lima, por carecer de la calcomanía que acredite que han ganado la licitación correspondiente para prestar dicho servicio público; además, no está acreditado en autos, que los conductores de dicha empresa hayan sido detenidos arbitrariamente en alguna delegación policial.']"
00025-1995-HC,https://tc.gob.pe/jurisprudencia/1996/00025-1995-HC.pdf,data\sentencia-Extract\1996\sentencia-pdf-1996.csv,Proceso de Habeas Corpus,,Improcedente,"['Que del estudio y análisis de la presente Acción, se desprende que el beneficiario había cumplido con los requisitos establecidos en los artículos cincuenta y tres y cincuenta y cuatro del Código de Ejecución Penal; si bien es cierto que el expediente de Libertad Condicional fue derivado al Décimo Quinto Juzgado Penal de Lima por mandato de la Presidencia de la Corte Superior de Justicia.', 'Que no ha quedado acreditado, plenamente que al solicitarse la Libertad Condicional a favor del sentenciado Marco Gamarra Béjar, se haya indicado que éste fue instruido por el Vigésimo Sexto Juzgado en lo Penal de Lima y que era el único proceso abierto que tenía, ya que no corre el expediente para la Libertad Condicional.', 'Estos hechos han inducido a error, no punible, al magistrado accionado. [...]', 'Que además el Magistrado accionado ha sido inducido a error por los informes que le hace el Instituto Nacional Penitenciario, tal como consta de fojas seis, siete y ocho del cuaderno de nulidad, informes que a la vez son elaborados a base de datos equivocados, como se desprende de la copia del oficio de fojas ocho.']"
00398-1996-HC,https://tc.gob.pe/jurisprudencia/1996/00398-1996-HC.pdf,data\sentencia-Extract\1996\sentencia-pdf-1996.csv,Proceso de Habeas Corpus,,Infundada,"['Que, la actora interpuso la presente acción de garantía, por considerar que los actos de la autoridad policial, tendientes al esclarecimiento de la denuncia interpuesta en su contra por doña Dora Vargas, por delito de Estafa el seis de febrero de mil novecientos noventicinco, es atentatoria de su derecho a la libertad individual, resultando de autos que ella solamente habría sido citada para rendir su manifestación, máxime si de la declaración de fecha nueve de febrero de mil novecientos noventicinco, del Comandante PNP Francisco Valderrama Espinoza, obrante a fojas quince, se establece que a la fecha de la interposición de la acción aún no se habría elaborado el correspondiente Atestado Policial porque la denunciada no se apersonó para hacer los descargos correspondientes.', 'Que, las autoridades policiales, tienen por función principal, a tenor de lo dispuesto por el artículo 166° de la Constitución, la de garantizar, mantener y restablecer el orden interno, protegiendo a las personas y a la comunidad, función que en el caso de autos se han limitado a cumplir.']"
00170-1996-AA,https://tc.gob.pe/jurisprudencia/1996/00170-1996-AA.pdf,data\sentencia-Extract\1996\sentencia-pdf-1996.csv,Proceso de Amparo,,Improcedente,"['Que, en efecto, la concordancia establecida entre los artículos 6°, inciso 2), de la Ley N° 23506, y 10° de la Ley N° 25398, impide que sean enervados los alcances y efectos de las resoluciones expedidas, con las garantías del caso, en un procedimiento regular, como resulta ser el proceso civil de división y partición seguido entre los coherederos de la sucesión testamentaria causada por don Víctor Paredes Torres, uno de los cuales es el demandante, quien tuvo la oportunidad de ejercitar en aquel proceso todos los recursos procesales específicamente destinados a proteger mejor su derecho de sujeto procesal activo, así como sus legítimos intereses.']"
00187-1995-HC,https://tc.gob.pe/jurisprudencia/1996/00187-1995-HC.pdf,data\sentencia-Extract\1996\sentencia-pdf-1996.csv,Proceso de Habeas Corpus,,Infundada,"['Que, ha quedado acreditado que el agraviado ha sido detenido en base a una denuncia policial, a los efectos de ser investigado por la comisión de un ilícito penal, por lo que la autoridad actuó en este caso, en estricta observación de la función preventiva del delito que le encarga el artículo 166° de la Constitución del Estado.', 'Que, por otra parte, tampoco se ha transgredido el artículo 2° inciso 24, literal f) de la misma Norma Fundamental, ya que según consta de la diligencia de constatación de fojas cinco y de la papeleta de detención de fojas nueve, la investigación llevada a efecto aún no había rebasado el término de veinticuatro horas.']"
00157-1995-HC,https://tc.gob.pe/jurisprudencia/1996/00157-1995-HC.pdf,data\sentencia-Extract\1996\sentencia-pdf-1996.csv,Proceso de Habeas Corpus,,Improcedente,"['Que, habiendo optado el afectado por la vía ordinaria para hacer cesar la amenaza a los mismos derechos constitucionales que se pretende cautelar en la presente Acción de garantía, ésta resulta improcedente. [...]', 'Que no ha quedado acreditado que don Federico Zenón Hinostroza Minaya haya sido víctima de secuestro alguno ya que no indica la fecha ni lugar donde permaneció secuestrado. Igualmente, no se señala fecha ni lugares donde se le haya coactado su derecho de transitar libremente a don Federico Zenón Hinostroza Minaya.', 'Que los accionantes, no indican, ni señalan por qué son ellas las que accionan y no el mismo interesado, ni qué impedimentos tenga don Federico Zenón Hinostroza Minaya para interponer esta Acción.']"
00188-1995-AA,https://tc.gob.pe/jurisprudencia/1996/00188-1995-AA.pdf,data\sentencia-Extract\1996\sentencia-pdf-1996.csv,Proceso de Amparo,,Improcedente,"['Que, del análisis del expediente se desprende que el asunto se reduce a cuestionar la inaplicación del Decreto de Urgencia N° 118-94 para efecto del reajuste de las bonificaciones especiales que venía percibiendo en mérito al Decreto de Urgencia 80-94; Que, el Decreto de Urgencia 80-94 en su artículo sexto señala que los trabajadores que no percibieron la bonificación dispuesta por el Decreto Supremo 081-93-EF, así como los servidores administrativos de las Sociedades de Beneficencia Pública (segundo grupo), recibirán a partir del primero de octubre de mil novecientos noventa y cuatro una bonificación especial. Asimismo el Decreto de Urgencia N° 118-94 que obra a fojas cinco, establece un reajuste a favor de los trabajadores asistenciales del Ministerio de Salud y sus Instituciones Públicas descentralizadas, Sociedades de Beneficencia Pública (segundo grupo), entre otros, de la bonificación especial a que se refiere el Decreto de Urgencia 80-94, de acuerdo a ciertas especificaciones; Que, a fojas sesenta y siete, aparece el anexo cuatro de las normas del Proceso Presupuestario de mil novecientos noventa y cuatro, donde se señala a las Sociedades de Beneficencia Pública del primer y segundo grupo, apareciendo que la Sociedad de Beneficencia, pertenece al primer grupo; Que, por las anteriores consideraciones, se desprende que es taxativo y excluyente el texto de los dos dispositivos referidos, los mismos que únicamente consideran al personal de trabajadores de las Sociedades de Beneficencia Pública que están enmarcados en el segundo grupo; Que, el error de la beneficencia en interpretar el Decreto de Urgencia N° 80-94, no genera derecho y la inaplicación del Decreto de Urgencia N° 118-94, no significa violación o amenaza de violación de ningún derecho constitucional; Que, de autos no está probado que se haya violado los derechos de los recurrentes, sino que la beneficencia ha interpretado erróneamente el Decreto de Urgencia N° 80-94, al haberles abonado a los recurrentes la bonificación especial sin que les correspondiera; Que, la demanda no está contemplada en ninguno de los supuestos que dispone la Ley 23506 para acoger el amparo.']"
00215-1996-HC,https://tc.gob.pe/jurisprudencia/1996/00215-1996-HC.pdf,data\sentencia-Extract\1996\sentencia-pdf-1996.csv,Proceso de Habeas Corpus,,Improcedente,"['Que en autos ha quedado acreditado que la resolución de la Undécima Sala Penal de Lima, que confiere el beneficio de semilibertad, no se encontraba consentida y firme al no haberse notificado al señor Procurador General de la República encargado de los asuntos de tráfico ilícito de drogas, conforme es de verse de la instrumental que corre a fojas cuarenta, donde sólo existe la constancia de notificación al Fiscal Superior y al interesado, no así al Procurador correspondiente, que siendo esto así, era perfectamente lógico que el secretario cursor diera cuenta al señor Juez del Vigesimo Primer Juzgado Penal de tal situación, el mismo que en mérito a este requisito indispensable de procedibilidad y de conformidad con lo previsto en el artículo doscientos noventisiete del Código Penal declara improcedente el beneficio. [...]', 'Consecuentemente, al derivar los actos cuestionados de la secuela de un proceso regular dentro del cual la interesada ha hecho uso de los medios que la ley le franquea, resulta de aplicación el inciso segundo del articulo seis de la ley veintitrés mil quinientos seis, que a la letra dice ""No proceden las acciones de garantía: Contra resolución judicial emanada de un proceso regular"".']"
00255-1995-HC,https://tc.gob.pe/jurisprudencia/1996/00255-1995-HC.pdf,data\sentencia-Extract\1996\sentencia-pdf-1996.csv,Proceso de Habeas Corpus,"La acción es planteada contra cinco miembros de la Delegación Policial de Lince, por haber transgredido su derecho al libre transito dentro del territorio, así como por el seguimiento policial de que son objeto por parte de dichos efectivos policiales. Admitida la acción y cumplidos los tramites de ley, el 25 ° Juzgado Especializado en lo Penal expide resolución declarando fundada la acción , al considerar que el actor Guerrero Romero en momentos en que se estacionaba frente a su domicilio el vehículo de placa N.° FQ-4230 de propiedad de Aurelio Almoguer, fue intervenido por los efectivos policiales de la delegación de lince, manifestándole que dicho vehículo se encontraba con orden de captura por concepto de una papeleta municipal, incautándole la tarjeta de propiedad y su licencia de conducir; que la citada licencia de conducir constituye un instrumento publico según el articulo ciento trece del Decreto Legislativo numero cuatrocientos veinte, y por lo tanto no puede ser requisada, salvo los casos previstos en el articulo ciento once del mismo decreto legislativo, dentro de los cuales no se encontraba el actor, debiendo entonces limitarse la acción policial únicamente al vehículo: que no se justifica que, para ejecutar dicha orden de captura, los efectivos policiales pretendan obligar al conductor a que traslade el referido vehículo hasta el local de la delegación; y que al haberse negado los recurrentes al citado traslado se les ha confeccionado un atestado por delito de violencia y resistencia a la autoridad, incluyendo una requisitoria contra los mismos, hecho que constituye un típico caso de abuso de autoridad. Interpuesto recurso de apelación, la Décima Tercera Sala Penal revoca la recurrida considerando, fundamentalmente, que la intervención policial se debió a un operativo ordenado por la alta superioridad y que el vehículo conducido por el demandante se encontraba con orden, no constituyendo aquello amenaza o violación a la libertad individual, motivo por el que declara infundada la acción, contra los demandantes Armando Guerrero, y Aurelio Almoguer interponen recurso de nulidad, por lo que de conformidad con los dispositivos legales vigentes se dispone la remisión de los autos al Tribunal Constitucional. FUNDAMENTOS: 1. De autos aparece que el recurrente Armando Dante Guerrero Romero, mientras se encontraba estacionado frente a su casa el vehículo de placa N.° FQ- 4230, de propiedad de don Aurelio Almoguer Solano fue intervenido por personal policial de la Delegación de Lince, quien al tiempo de informarle que el citado automóvil se encontraba con orden de captura por razones municipales, procedió a requisarle tanto la tarjeta de propiedad del vehículo como de su licencia de conducir. 2. El hecho de la policía haya incautado los documentos antes citados, particularmente la licencia de conducir, supone una limitación a su titular al derecho de libre transito, dentro y fuera del territorio nacional, manejando cualquier otro vehículo en forma regular 3. Por otra parte, el personal policial pretendió obligar a don armando guerrero Romero a que condujera el vehículo intervenido al local de la delegación, hecho que aunque no se llego a meterializar, al haber manifestado también el propietario don Aurelio Almoguer su oposición , tal acción constituye una evidente intención compulsiva contra la libertad individual en perjuicio del primero de los mencionados, acción que es distinta y separable de la medida de captura del automóvil. 4. No resulta aceptable la versión de los emplazados de que no existió hostigamiento o seguimiento policial, por cuanto de autos consta que, a causa de la negativa de los actores a movilizar el vehículo intervenido , aquellos han confeccionado el atestado N.° 245-95 JAP 08- DPL -SIDF por supuesto delito contra la administración publica, obrante de fojas once a quince, sin participación alguna de los actores, remitido el dos de junio de mil novecientos noventa y cinco a la 24 ° Fiscalía Penal Provincial de Lima , en cuyo literal VI A) determina que: "" una vez sean habidos serán puesto a disposición de su despacho"" dado que ello supone el libramiento de una medida de seguimiento policial, detención y remisión física de amabas personas a la Fiscalía Provincial mencionada, y una amenaza potencial a su libertad individual de los demandantes. 5. De conformidad con los incisos nueve y quince del articulo doce de la Ley veintitrés mil quinientos seis, y demás considerativas de la sentencia expedida por el 25° Juzgado Especializado en lo Penal de Lima, el Tribunal Constitucional, haciendo uso de las atribuciones que le confieren la Constitución del Estado y su Ley Orgánica:",Fundada,"['2. El hecho de la policía haya incautado los documentos antes citados, particularmente la licencia de conducir, supone una limitación a su titular al derecho de libre transito, dentro y fuera del territorio nacional, manejando cualquier otro vehículo en forma regular.', '3. Por otra parte, el personal policial pretendió obligar a don armando guerrero Romero a que condujera el vehículo intervenido al local de la delegación, hecho que aunque no se llego a meterializar, al haber manifestado también el propietario don Aurelio Almoguer su oposición, tal acción constituye una evidente intención compulsiva contra la libertad individual en perjuicio del primero de los mencionados, acción que es distinta y separable de la medida de captura del automóvil.', '4. No resulta aceptable la versión de los emplazados de que no existió hostigamiento o seguimiento policial, por cuanto de autos consta que, a causa de la negativa de los actores a movilizar el vehículo intervenido, aquellos han confeccionado el atestado N.° 245-95 JAP 08-DPL -SIDF por supuesto delito contra la administración publica, obrante de fojas once a quince, sin participación alguna de los actores, remitido el dos de junio de mil novecientos noventa y cinco a la 24° Fiscalía Penal Provincial de Lima, en cuyo literal VI A) determina que: "" una vez sean habidos serán puesto a disposición de su despacho"" dado que ello supone el libramiento de una medida de seguimiento policial, detención y remisión física de amabas personas a la Fiscalía Provincial mencionada, y una amenaza potencial a su libertad individual de los demandantes.']"
00258-1996-HC,https://tc.gob.pe/jurisprudencia/1996/00258-1996-HC.pdf,data\sentencia-Extract\1996\sentencia-pdf-1996.csv,Proceso de Habeas Corpus,,Improcedente,"['En autos ha quedado acreditado que el actor se encuentra sometido a juicio por ante la Sétima Sala Penal de Lima presidida por el emplazado Dr. Josué Pariona Pastrana; Que si bien pareciera que dentro del referido proceso se han expedido una serie de resoluciones aparentemente desfavorables para el actor, éstas han sido resueltas en merito a lo establecido por la ley pertinente, consecuentemente, en ningún momento el actor ha sido privado de ejercer libremente su defensa y hacer uso de los recursos que la ley procesal le franquea ni se le ha impuesto un proceso irregular, por lo que siendo esto así, es de aplicación el inciso 2 del artículo 6 de la ley 23506 que dispone las no procedencia de las acciones de garantía contra resolución emanada de un proceso regular, y el artículo 16 de la ley 25398, habida cuenta que dicha norma, determina la no procedencia del hábeas corpus cuando el recurrente tenga instrucción abierta o se encuentre sometido a juicio por los hechos que originaron la acción de garantía, tal como ocurre en el presente caso.']"
00230-1995-HC,https://tc.gob.pe/jurisprudencia/1996/00230-1995-HC.pdf,data\sentencia-Extract\1996\sentencia-pdf-1996.csv,Proceso de Habeas Corpus,,Improcedente,"['2. En el referido procedimiento, ventilado ante el Quinto Juzgado Especializado en lo Penal de Lima, no se ha detectado ninguna anomalía procesal, al haberse observado los trámites y plazos que señala la Ley de Extradición N° 24710, e inclusive el interesado ha hecho uso de los derechos que la ley procesal le franquea, conforme consta de lo actuado de fojas diez a diecisiete.', '3. Tratándose de un proceso regular, del cual tomó oportuno conocimiento directo la Corte Superior de Lima, el veintisiete de junio de mil novecientos noventa y cinco, conforme consta a fojas cuarenta y tres, deviene en aplicable el inciso 2) del artículo 6° de la Ley N° 23506.', '4. Finalmente, el fundamento de su reclamo que sirve de base al Habeas Corpus interpuesto, tampoco está contemplado en ninguno de los supuestos previstos por el artículo 12° de la Ley N° 23506.']"
00359-1996-HC,https://tc.gob.pe/jurisprudencia/1996/00359-1996-HC.pdf,data\sentencia-Extract\1996\sentencia-pdf-1996.csv,Proceso de Habeas Corpus,,Infundada,"['Que, el objeto de las acciones de garantía, es el de reponer las cosas al estado anterior al de la violación del derecho constitucional conculcado, lo que en la presente acción ha ocurrido en la misma fecha en que se interpuso la misma, como puede establecerse con el auto que obra a fojas trece, en el que la emplazada al determinar la minoría de edad del afectado, ordenó se corte el procedimiento y dispuso su inmediata libertad; y con los fundamentos de la sentencia recurrida.']"
00469-1996-HC,https://tc.gob.pe/jurisprudencia/1996/00469-1996-HC.pdf,data\sentencia-Extract\1996\sentencia-pdf-1996.csv,Proceso de Habeas Corpus,,Improcedente,"['Que, la Juez demandada en la presente acción, ordenó la detención del beneficiado, por encontrarse éste procesado por la comisión del delito de lesiones graves, ante su Juzgado, proceso que culminó al expedirse la sentencia que lo condena a un año de pena privativa de libertad, suspendida condicionalmente bajo la obligación de respetar ciertas reglas de conducta, ordenándose la inmediata libertad del procesado.', 'Que, el beneficiado de la presente acción continua detenido, no por los hechos que fueron materia del proceso que se le siguió ante la demandada, sino por el mandato de detención dictado en su contra por el Trigésimo Segundo Juzgado Penal, por el delito de robo agravado y otros, como puede observarse de la razón tomada por el Secretario Cursor, la que corre a fojas treintisiete, por lo que la orden de detención que mantiene privado de la libertad al accionante, no es materia de la presente acción de habeas corpus.']"
00206-1996-AA,https://tc.gob.pe/jurisprudencia/1996/00206-1996-AA.pdf,data\sentencia-Extract\1996\sentencia-pdf-1996.csv,Proceso de Amparo,,Infundada,"['Que el artículo cincuenta y nueve de la Constitución Política del Perú, de 1979, vigente, determina a la fecha de la presunta afectación del derecho, que los deberes y derechos de los servidores públicos son fijados por la ley; que ésta, en el caso de autos, resulta ser el Decreto Ley N° 25636, norma de carácter temporal que, por excepción, crea, como causal de cese en la función pública de los servidores administrativos del Instituto Peruano de Seguridad Social (IPSS), la de racionalización, resultado de un previo examen de calificación y selección establecido por dicha norma, o como consecuencia de la no presentación del trabajador al indicado examen, en ejercicio de su libre albedrio, habiendo contado -previamente- con la opción de retirarse voluntariamente con incentivos, por lo que tales mecanismos no violentan su derecho, estando, además, acreditado en autos que el actor se condujo con cabal conocimiento del día y la hora del examen en cuestión, efectuado el domingo quince de noviembre de mil novecientos noventa y dos, para el cual fue convocado, como todos los demás trabajadores administrativos, y al que no concurrió por voluntad propia, según se aprecia de la evaluación conjunta de los documentos dirigidos por el actor al Instituto Peruano de Seguridad Social (IPSS).']"
00489-1996-AA,https://tc.gob.pe/jurisprudencia/1996/00489-1996-AA.pdf,data\sentencia-Extract\1996\sentencia-pdf-1996.csv,Proceso de Amparo,,Improcedente,"['Que, con la instrumental de fojas veintinueve, treinta, se acredita que el presunto agraviado recurrió a la vía judicial ordinaria, por lo que se hace de aplicación al caso, lo preceptuado por el inciso tercero del artículo sexto de la Ley 23506, que establece que no proceden las acciones de garantía.. cuando el agraviado opta por recurrir a la vía Judicial ordinaria...""; Que, el pedido del demandante de que se le repusiera en su centro de labor, conforme lo establecido por la Ley 25267, se produjo, con fecha dieciocho de setiembre de mil novecientos noventidós, tal cual consta del acta de reposición judicial, corriente a fojas veintiuno de autos; Que, ha quedado establecido, que el recurrente, fue cesado con fecha veintiocho de noviembre de mil novecientos noventa y dos, mediante la publicación de notificación aparecido en el diario El Peruano de esa fecha, por la aplicación del artículo 6° de la Ley 25715, que declaró al reclamante y a muchos otros trabajadores como excedentes, no habiendo sido materia de la demanda, cuestionamiento alguno a la ley citada; Que, habiendo sido el último día de labor del accionante el treinta y uno de noviembre de mil novecientos noventa y dos, y que interpuso su demanda el ocho de mayo de mil novecientos noventa y cinco debe tenerse presente el contenido de los artículos 27° de la Ley 23506 referido al agotamiento de las vías previas (no se intentó recurso impugnativo alguno), y de los artículos 37° de la 23506, referidos al término de caducidad de 60 días hábiles, contados a partir de la fecha en que (el actor estuvo en posibilidad de interponer la acción); Que, el recurrente no ha demostrado en autos el que se le haya violado ningún derecho constitucionalmente protegido.']"
00052-1996-AA,https://tc.gob.pe/jurisprudencia/1996/00052-1996-AA.pdf,data\sentencia-Extract\1996\sentencia-pdf-1996.csv,Proceso de Amparo,,Improcedente,"['Que en efecto, fluye de autos que el demandante debió haber recurrido a la vía previa, al no configurarse la hipótesis de excepción prevista en el inciso 2) del artículo 28° de la Ley N° 23506.']"
00059-1995-AA,https://tc.gob.pe/jurisprudencia/1996/00059-1995-AA.pdf,data\sentencia-Extract\1996\sentencia-pdf-1996.csv,Proceso de Amparo,,Fundada,"['Que, de los actuados ha quedado acreditado que la pensión de jubilación otorgada al actor por resolución diecinueve mil quinientos cincuenta y nueve-noventa y dos-PJ-DZP-SGP-GDA-IPSS, fue rebajada en su monto en virtud de la Directiva cero veintidós-DE-IPSS-noventa y dos, vulnerando este hecho el derecho constitucional a la seguridad social que el Estado reconoce a todas las personas y que no puede ser modificada o alterada por una simple directiva de 1992 aplicada retroactivamente al momento del cese de funciones del accionante en 1991; que, la entidad agresora al haber dispuesto la disminución efectiva del monto de la pensión del actor, sin posibilidad de que éste pueda recurrir a la instancia administrativa pertinente a fin de enervar dicha medida, ocasionó la definitoriedad de la agresión haciendo inexigible el agotamiento de las vías previas, de conformidad con el artículo veintiocho, inciso primero, de la Ley de Hábeas Corpus y Amparo; que, las pruebas aportadas por el actor como son las boletas de pago de setiembre de mil novecientos noventa y dos y de marzo de mil novecientos noventa tres demuestran que la agresión a sus derechos fue de ejecución continuada, por tanto, de conformidad con el artículo veintiséis de la Ley veinticinco mil trescientos noventa y ocho, el plazo de caducidad de la Acción no había vencido al momento de interponer la presente Acción; por estas consideraciones este Tribunal.']"
00553-1996-AA,https://tc.gob.pe/jurisprudencia/1996/00553-1996-AA.pdf,data\sentencia-Extract\1996\sentencia-pdf-1996.csv,Proceso de Amparo,,Improcedente,"['Es de entenderse que en ese proceso el demandante ha tenido toda la libertad suficiente para presentar los recursos, impugnativos o no, que le franquea la ley, expresando lo que en esta acción manifiesta.', 'La demanda que interpone José Jesús Torrejón Ramos, va contra una resolución judicial emanada de un procedimiento regular; en el cual él ha salido a defenderse y no proviene de un estado de indefensión.', 'Lo que solicita el demandante es que ""se restituya la propiedad...dejándose sin efecto todo lo actuado en el irregular proceso sobre ejecución de garantías..."", cuando ese proceso se inició en el año mil novecientos noventiuno, y sólo después de haberse tramitado y avanzado cuatro años, es que interpone la presente demanda en el año mil novecientos noventicinco.', 'No está acreditado que al demandante se le haya violado su derecho de defensa o que no se le haya sometido a un debido proceso.']"
00637-1996-AA,https://tc.gob.pe/jurisprudencia/1996/00637-1996-AA.pdf,data\sentencia-Extract\1996\sentencia-pdf-1996.csv,Proceso de Amparo,,Infundada,"['2. En dicha acción de personal, que constituye potestad de dirección, en función las prioridades fijadas por la autoridad competente de la Institución empleadora, no existe la amenaza de violación cierta y de inminente realización de un derecho constitucional, conforme lo requiere el art. 4° de la ley 25398 para su procedencia.', '3. Por el contrario, el mismo actor en su escrito de fecha 17 de abril de mil novecientos noventicinco, se refiere a la pérdida de un derecho expectaticio, esto es, incierto e hipotético, de pertenecer al régimen laboral regulado por el Decreto Legislativo 276.', '4. Bajo estas consideraciones, y teniendo en cuenta las expuestas en los fallos inferiores y el dictamen fiscal, y no apareciendo ningún derecho constitucional establecido formalmente, de cumplimiento obligatorio, resulta de aplicación ""contrario sensu"" lo previsto por el art. 2° de la ley 23506.']"
00005-1996-AI,https://tc.gob.pe/jurisprudencia/1996/00005-1996-AI.pdf,data\sentencia-Extract\1996\sentencia-pdf-1996.csv,Proceso de Inconstitucionalidad,,Infundada,"['5) No se ha acreditado que la norma cuestionada sea contraria a los principios de razonabilidad y proporcionalidad, ya que tales nociones pueden por el contrario, aplicarse en favor de su plena validez y ello depende de una adecuada ponderación de los valores y principios constitucionales en juego. Dentro de dicha lógica no es cierto, que con la norma impugnada se afecte las atribuciones inherentes al Tribunal Constitucional en transgresión del ""principio democrático"". Hay que ser explícitos en precisar que si bien en materia de cuerpos extensos o masificados (como ocurre con la población) el principio a regir es indiscutiblemente el mencionado y la toma de decisiones normalmente se asume por mayoría simple, (aún cuando existen excepciones como ocurre con el Presidente de la República, que es elegido por mayoría absoluta conforme al artículo 111° de la Constitución); cuando se trata de cuerpos reducidos y técnicos (como sucede con este Colegiado) a los que se dotan de atribuciones trascendentales, el Principio Democrático no puede aplicarse aisladamente, sino en concordancia con el Principio de Seguridad, lo que significa que si una decisión importante se adopta por un grupo reducido de personas, lo óptimo es rodearla de las seguridades necesarias, siendo una de ellas, la exigencia de mayorías absolutas y en algunos casos, hasta de mayorías calificadas. Concordante con lo dicho, no se puede omitir que el pronunciamiento que expide un Tribunal Constitucional al declarar la inconstitucionalidad de una norma debe ser la última ratio a la que él tenga que acudir, como consecuencia de no haber hallado forma alguna de interpretar la norma cuestionada de conformidad con la Constitución, ya que su decisión no es equiparable a una simple decisión de coyuntura, sino como una medida de hondas repercusiones para el ordenamiento jurídico, que habrá de sufrir una agresión por la expulsión de la norma inválida merced a los propios efectos del fallo sobre la vida política y jurídica de la Nación. En segundo lugar, la alegación de que el Tribunal, por intermedio del artículo impugnado, se vaya a ver obligado a convalidar normas inconstitucionales no se compadece con la práctica institucionalizada en todos aquellos países que cuentan con un órgano de control de la Constitución, ya que ignora por completo que tanto en el sistema americano como en la práctica común de todos los tribunales constitucionales europeos, se admite como regla incuestionable que toda norma o acto público debe presumirse como constitucional en tanto y en cuanto mediante una interpretación razonable de la norma fundamental, puedan ser armonizadas con aquella. Si, en consecuencia, la presunción de la que se encuentra beneficiada toda norma, es una práctica generalizada en la justicia constitucional, es evidente que la exigencia de mayoría calificada en la adopción de decisiones de inconstitucionalidad de las normas no puede reputarse como una arbitraria imposición sino como una consecuencia lógica desprendida de semejante práctica, lo que lleva a concluir que aquello que los recurrentes denominan ""convalidación de leyes inconstitucionales"" no supone para nada el recortar o desnaturalizar el ejercicio del control constitucional, sino, al contrario, dotarlo de la certeza preliminar de que no se inconstitucionalice normas cuando éstas puedan, interpretativamente, compatibilizarse con la Carta Magna. Debemos remarcar que la votación calificada prescrita por el art. 4° de la Ley Orgánica del Tribunal Constitucional no es la única que existe en ella, ya que contiene otras como las que se desprenden del artículo 7°, referida a la elección de los Magistrados del Tribunal, el artículo 55°, para variar su propia jurisprudencia, el artículo 5°, para la elección del Presidente del Tribunal, o el artículo 15°, que contempla las causales de vacancia del cargo de Magistrado, además de otras mayorías calificadas prescritas por la propia Constitución, o por leyes aplicables a otras instituciones públicas. Por último y dentro de la lógica expuesta, no aparece probada la supuesta incompatibilidad entre el artículo 4° de la norma cuestionada y los principios del Estado Democrático de Derecho y el valor Justicia, ya que al revés de ello, es la fórmula de la mayoría calificada la única opción que permite no convertir el proceso de inconstitucionalidad de las normas en un instrumento de cuestionamiento permanente y caprichoso, por lo que lejos de verse mellado en alguna forma el Principio Democrático o el valor Justicia, se ven integrados con el contenido de necesaria seguridad que toda decisión de trascendencia debe suponer. [...]', '7) De otro lado, es de hacerse notar que la interpretación en virtud de la cual el voto singular de la mayoría de magistrados pueda verse tergiversado por un voto de la minoría del Tribunal, no es un razonamiento jurídico válido, ya que ignora que una de las diferencias más acentuadas existente entre el modelo que inspiraba el sistema de votación con el desaparecido Tribunal de Garantías Constitucionales, en relación con las que informan al actual Tribunal Constitucional, se presenta, precisamente, respecto de los efectos del fallo en materia de acciones de inconstitucionalidad desestimadas por no alcanzarse la exigencia de la mayoría calificada; pues, mientras para la antigua legislación, de no alcanzarse el número legal de votos exigidos para declarar la inconstitucionalidad de una norma simplemente no existía sentencia (y permitía interponerse una nueva demanda sobre el mismo objeto), conforme al artículo 4° de la actual Ley Orgánica de este Colegiado, es una obligación la expedición del fallo correspondiente, en el cual se exprese el sentido en que éste es emitido. En tal sentido, si según los párrafos tercero y cuarto del referido artículo 4° ""...de no alcanzarse la mayoría calificada prevista en el párrafo precedente para declarar la inconstitucionalidad de una norma, el Tribunal resolverá declarando infundada la demanda"" y ""...En ningún caso el Tribunal Constitucional puede dejar de resolver""; se deja claramente establecido que es el Tribunal -y no la mayoría o un grupo de Magistrados- el que obligatoriamente pronuncia la sentencia. Lo que significa, además, que si algún Magistrado o un grupo de Magistrados no comparte la ratio decidendi de la sentencia expedida - lo que es perfectamente posible y legítimo - ello ha de expresarse en un voto singular, que, sin embargo, no puede ni debe entenderse como un voto de la mayoría contra la minoría (o a la inversa), sino la de un Magistrado o la de un grupo de Magistrados con respecto del Tribunal Constitucional.', '8) Que para resolver la demanda interpuesta no se requieren los seis votos exigidos por el artículo 4° de la Ley 26,435 ya que el Tribunal Constitucional puede previamente y en ejercicio del control difuso (no aplicación de una norma al caso concreto) optar por resolver a través de mayoría simple, en la medida en que la exigencia de la mayoría calificada sólo se da cuando se decide sobre la inadmisibilidad de la demanda o se examina una acción de inconstitucionalidad, pero no en otros casos.']"
00003-1996-AI,https://tc.gob.pe/jurisprudencia/1996/00003-1996-AI.pdf,data\sentencia-Extract\1996\sentencia-pdf-1996.csv,Proceso de Inconstitucionalidad,,Infundada,"['Que, el artículo 2 de la Constitución en ella; su inciso 17 establece como un derecho fundamental de la persona el de participar en forma individual o asociada, en la vida política, económica, social, y cultural de la Nación. Los ciudadanos, tienen, conforme a ley los derechos de elección de remoción, o revocación de autoridades, de iniciativa legislativa, y de referéndum. De esta manera nuestra legislación, ratifica que el referéndum es un derecho fundamental de la persona; Que, el artículo 31 de la Constitución, establece que los ciudadanos tienen, el derecho a participar en los asuntos públicos mediante referéndum, iniciativa legislativa, remoción o revocación de autoridades; Que, los ciudadanos tienen también, derecho al voto, al goce de su capacidad civil, agregando que el voto es personal, igual, libre, secreto y obligatorio hasta los setenta años, siendo facultativo después de esa edad. El mencionado dispositivo termina prescribiendo ""Que es nulo, y punible todo acto que prohíba o limite al ciudadano el ejercicio de sus derechos""; Que, los derechos de participación, y control ciudadanos han sido reglamentados por la ley 26300, que establece en su artículo 37 que el referéndum es el derecho de los ciudadanos para pronunciarse conforme a la Constitución en los temas normativos que se le consulte. Por su parte el artículo 38 establece que el referéndum puede ser solicitado por un número de ciudadanos no menor al 10% del electorado nacional. Agrega dicha ley que si una iniciativa legislativa fuera rechazada o modificada substancialmente por el Congreso, se podrá solicitar la iniciación del procedimiento de referéndum, adicionando las firmas necesarias para completar el porcentaje de ley; Que la ley 26592 establece que todo referéndum requiere una iniciativa legislativa desaprobada por el Congreso la misma que puede ser sometida a referéndum conforme a esta ley siempre que haya contado con el voto favorable de no menos de los 2/5 de los votos del número legal de los miembros del Congreso; Que, la exigencia establecida en la Ley 26592 significa una manifiesta restricción, que puede, constituirse en impedimento para la realización del referéndum por lo que contraviene la disposición del artículo 31 de la Constitución, que como ya se ha indicado establece que es nulo y punible todo acto que prohíba o limite al ciudadano en el ejercicio de sus derechos, puntualizándose que si en el Congreso no se obtuviera los 48 votos en contra de la iniciativa legislativa el referéndum ya no puede realizarse; Que, consecuentemente a lo expuesto en los considerandos anteriores tiene que llegarse a la conclusión que la modificación contenida en la ley 26592 desnaturaliza ampliamente las características del referéndum al condicionarlo a la intervención del Congreso, que aunque exige una votación minoritaria de todas maneras puede impedir su realización, contrariando la voluntad del pueblo, legítimo titular de este derecho, desvirtuando así el hecho de ser un sistema de democracia directa, Privando a los ciudadanos del derecho a la auto convocatoria a referéndum, derecho que no puede ser desconocido, y del que no se puede privar al electorado, tal como lo ha reconocido en el quinto considerando el Jurado Nacional de Elecciones en su resolución N° 630-96-JNE de 30 de octubre de mil novecientos noventa y seis, No puede considerarse que la exigencia por la ley 26592 sea un simple requisito de una etapa previa, y susceptible de afectar el derecho materia de esta acción, razón por la que no es válida la argumentación, en este sentido, contenida en la contestación a la demanda o un acto de procedimiento para la realización de referéndum, ya que implica la intervención de un organismo ajeno a los ciudadanos que tienen derecho a realizar. El artículo 200 de la Constitución establece que la acción de inconstitucionalidad procede contra las normas que tienen rango de ley (leyes, decretos legislativos, decretos de urgencia, tratados, reglamentos de congreso, normas Regionales de carácter general y ordenanzas Municipales) que contravengan la Constitución, en la forma, y en el fondo, por lo que es imperativo declarar inconstitucional la Ley 26592, de fecha dieciocho de abril de mil novecientos noventa y seis; a mayor abundamiento, si se tiene presente que el fallo del Jurado Nacional de Elecciones, invocado líneas arriba, como fundamento principalísimo de este voto conjunto, ha pasado en autoridad de cosa juzgada, y es irreversible, según lo establece el artículo 81° de la Carta Magna.']"
00346-1996-AA,https://tc.gob.pe/jurisprudencia/1998/00346-1996-AA.pdf,data\sentencia-Extract\1996\sentencia-pdf-1996.csv,Proceso de Amparo,,Infundada,"['2. Que, de conformidad con lo establecido en la Tercera Disposición Transitoria y Final de la vigente Constitución Política del Estado, en tanto subsistan regímenes diferenciados de trabajo entre la actividad privada y la pública, no pueden acumularse servicios prestados bajo ambos regímenes, siendo nulo todo acto o resolución en contrario, razón por la que resulta infundada la presente acción de garantía.']"
00769-1996-AA,https://tc.gob.pe/jurisprudencia/1998/00769-1996-AA.pdf,data\sentencia-Extract\1996\sentencia-pdf-1996.csv,Proceso de Amparo,,Improcedente,"['3. Que, es el caso que las indicadas resoluciones fueron expedidas por autoridades administrativas que no tienen competencia nacional, por lo que para agotar la vía administrativa, era necesario que el demandante interpusiera el recurso impugnativo de revisión (ante el Presidente del Consejo Transitorio de Administración Regional), es decir, no se concretó lo previsto en el artículo 100° del Decreto Supremo N° 02-94-JUS; en consecuencia, ha interpuesto la presente Acción Amparo sin agotar la vía previa administrativa, por lo que la Acción de Amparo resulta improcedente, conforme lo establece el artículo 27° de la Ley N° 23506.']"
